29,-15,MdjK8NafCekH9sC+ytIHbLv/w/s=,pPzonUUD9jtofNLDLyjOtkFUXPc=
30,-15,MdjK8NafCekH9sC+ytIHbLv/w/s=,pPzonUUD9jtofNLDLyjOtkFUXPc=
29,-14,MdjK8NafCekH9sC+ytIHbLv/w/s=,pPzonUUD9jtofNLDLyjOtkFUXPc=
30,-14,MdjK8NafCekH9sC+ytIHbLv/w/s=,pPzonUUD9jtofNLDLyjOtkFUXPc=
25,-11,MdjK8NafCekH9sC+ytIHbLv/w/s=,R4/qklGsQBlCVRLOejdFGazme0k=
26,-11,MdjK8NafCekH9sC+ytIHbLv/w/s=,R4/qklGsQBlCVRLOejdFGazme0k=
26,-10,MdjK8NafCekH9sC+ytIHbLv/w/s=,R4/qklGsQBlCVRLOejdFGazme0k=
25,-10,MdjK8NafCekH9sC+ytIHbLv/w/s=,R4/qklGsQBlCVRLOejdFGazme0k=
29,-10,MdjK8NafCekH9sC+ytIHbLv/w/s=,pPzonUUD9jtofNLDLyjOtkFUXPc=
28,-15,MdjK8NafCekH9sC+ytIHbLv/w/s=,pPzonUUD9jtofNLDLyjOtkFUXPc=
27,-11,MdjK8NafCekH9sC+ytIHbLv/w/s=,R4/qklGsQBlCVRLOejdFGazme0k=
30,-13,MdjK8NafCekH9sC+ytIHbLv/w/s=,pPzonUUD9jtofNLDLyjOtkFUXPc=
28,-10,MdjK8NafCekH9sC+ytIHbLv/w/s=,pPzonUUD9jtofNLDLyjOtkFUXPc=
29,-13,MdjK8NafCekH9sC+ytIHbLv/w/s=,pPzonUUD9jtofNLDLyjOtkFUXPc=
27,-14,MdjK8NafCekH9sC+ytIHbLv/w/s=,R4/qklGsQBlCVRLOejdFGazme0k=
29,-11,MdjK8NafCekH9sC+ytIHbLv/w/s=,pPzonUUD9jtofNLDLyjOtkFUXPc=
30,-12,MdjK8NafCekH9sC+ytIHbLv/w/s=,pPzonUUD9jtofNLDLyjOtkFUXPc=
26,-14,MdjK8NafCekH9sC+ytIHbLv/w/s=,R4/qklGsQBlCVRLOejdFGazme0k=
28,-13,MdjK8NafCekH9sC+ytIHbLv/w/s=,pPzonUUD9jtofNLDLyjOtkFUXPc=
25,-14,MdjK8NafCekH9sC+ytIHbLv/w/s=,R4/qklGsQBlCVRLOejdFGazme0k=
29,-12,MdjK8NafCekH9sC+ytIHbLv/w/s=,pPzonUUD9jtofNLDLyjOtkFUXPc=
30,-11,MdjK8NafCekH9sC+ytIHbLv/w/s=,pPzonUUD9jtofNLDLyjOtkFUXPc=
27,-10,MdjK8NafCekH9sC+ytIHbLv/w/s=,R4/qklGsQBlCVRLOejdFGazme0k=
27,-12,MdjK8NafCekH9sC+ytIHbLv/w/s=,R4/qklGsQBlCVRLOejdFGazme0k=
26,-12,MdjK8NafCekH9sC+ytIHbLv/w/s=,R4/qklGsQBlCVRLOejdFGazme0k=
25,-12,MdjK8NafCekH9sC+ytIHbLv/w/s=,R4/qklGsQBlCVRLOejdFGazme0k=
28,-14,MdjK8NafCekH9sC+ytIHbLv/w/s=,pPzonUUD9jtofNLDLyjOtkFUXPc=
27,-15,MdjK8NafCekH9sC+ytIHbLv/w/s=,R4/qklGsQBlCVRLOejdFGazme0k=
26,-15,MdjK8NafCekH9sC+ytIHbLv/w/s=,R4/qklGsQBlCVRLOejdFGazme0k=
26,-13,MdjK8NafCekH9sC+ytIHbLv/w/s=,R4/qklGsQBlCVRLOejdFGazme0k=
25,-15,MdjK8NafCekH9sC+ytIHbLv/w/s=,R4/qklGsQBlCVRLOejdFGazme0k=
28,-12,MdjK8NafCekH9sC+ytIHbLv/w/s=,pPzonUUD9jtofNLDLyjOtkFUXPc=
25,-13,MdjK8NafCekH9sC+ytIHbLv/w/s=,R4/qklGsQBlCVRLOejdFGazme0k=
27,-13,MdjK8NafCekH9sC+ytIHbLv/w/s=,R4/qklGsQBlCVRLOejdFGazme0k=
30,-10,MdjK8NafCekH9sC+ytIHbLv/w/s=,pPzonUUD9jtofNLDLyjOtkFUXPc=
28,-11,MdjK8NafCekH9sC+ytIHbLv/w/s=,pPzonUUD9jtofNLDLyjOtkFUXPc=
29,-8,MdjK8NafCekH9sC+ytIHbLv/w/s=,pPzonUUD9jtofNLDLyjOtkFUXPc=
30,-8,MdjK8NafCekH9sC+ytIHbLv/w/s=,pPzonUUD9jtofNLDLyjOtkFUXPc=
30,-6,MdjK8NafCekH9sC+ytIHbLv/w/s=,pPzonUUD9jtofNLDLyjOtkFUXPc=
30,-7,MdjK8NafCekH9sC+ytIHbLv/w/s=,pPzonUUD9jtofNLDLyjOtkFUXPc=
30,-9,MdjK8NafCekH9sC+ytIHbLv/w/s=,pPzonUUD9jtofNLDLyjOtkFUXPc=
29,-7,MdjK8NafCekH9sC+ytIHbLv/w/s=,pPzonUUD9jtofNLDLyjOtkFUXPc=
29,-6,MdjK8NafCekH9sC+ytIHbLv/w/s=,pPzonUUD9jtofNLDLyjOtkFUXPc=
29,-9,MdjK8NafCekH9sC+ytIHbLv/w/s=,pPzonUUD9jtofNLDLyjOtkFUXPc=
25,-7,MdjK8NafCekH9sC+ytIHbLv/w/s=,R4/qklGsQBlCVRLOejdFGazme0k=
28,-6,MdjK8NafCekH9sC+ytIHbLv/w/s=,pPzonUUD9jtofNLDLyjOtkFUXPc=
25,-9,MdjK8NafCekH9sC+ytIHbLv/w/s=,R4/qklGsQBlCVRLOejdFGazme0k=
27,-8,MdjK8NafCekH9sC+ytIHbLv/w/s=,R4/qklGsQBlCVRLOejdFGazme0k=
28,-8,MdjK8NafCekH9sC+ytIHbLv/w/s=,pPzonUUD9jtofNLDLyjOtkFUXPc=
26,-9,MdjK8NafCekH9sC+ytIHbLv/w/s=,R4/qklGsQBlCVRLOejdFGazme0k=
28,-7,MdjK8NafCekH9sC+ytIHbLv/w/s=,pPzonUUD9jtofNLDLyjOtkFUXPc=
26,-8,MdjK8NafCekH9sC+ytIHbLv/w/s=,R4/qklGsQBlCVRLOejdFGazme0k=
27,-9,MdjK8NafCekH9sC+ytIHbLv/w/s=,R4/qklGsQBlCVRLOejdFGazme0k=
26,-7,MdjK8NafCekH9sC+ytIHbLv/w/s=,R4/qklGsQBlCVRLOejdFGazme0k=
25,-8,MdjK8NafCekH9sC+ytIHbLv/w/s=,R4/qklGsQBlCVRLOejdFGazme0k=
27,-6,MdjK8NafCekH9sC+ytIHbLv/w/s=,R4/qklGsQBlCVRLOejdFGazme0k=
26,-6,MdjK8NafCekH9sC+ytIHbLv/w/s=,R4/qklGsQBlCVRLOejdFGazme0k=
27,-7,MdjK8NafCekH9sC+ytIHbLv/w/s=,R4/qklGsQBlCVRLOejdFGazme0k=
28,-9,MdjK8NafCekH9sC+ytIHbLv/w/s=,pPzonUUD9jtofNLDLyjOtkFUXPc=
25,-6,MdjK8NafCekH9sC+ytIHbLv/w/s=,R4/qklGsQBlCVRLOejdFGazme0k=
25,-3,MdjK8NafCekH9sC+ytIHbLv/w/s=,R4/qklGsQBlCVRLOejdFGazme0k=
26,-3,MdjK8NafCekH9sC+ytIHbLv/w/s=,R4/qklGsQBlCVRLOejdFGazme0k=
25,-2,MdjK8NafCekH9sC+ytIHbLv/w/s=,R4/qklGsQBlCVRLOejdFGazme0k=
26,-2,MdjK8NafCekH9sC+ytIHbLv/w/s=,R4/qklGsQBlCVRLOejdFGazme0k=
26,-4,MdjK8NafCekH9sC+ytIHbLv/w/s=,R4/qklGsQBlCVRLOejdFGazme0k=
25,-4,MdjK8NafCekH9sC+ytIHbLv/w/s=,R4/qklGsQBlCVRLOejdFGazme0k=
26,-5,MdjK8NafCekH9sC+ytIHbLv/w/s=,R4/qklGsQBlCVRLOejdFGazme0k=
25,-5,MdjK8NafCekH9sC+ytIHbLv/w/s=,R4/qklGsQBlCVRLOejdFGazme0k=
21,-3,MdjK8NafCekH9sC+ytIHbLv/w/s=,R4/qklGsQBlCVRLOejdFGazme0k=
24,-3,MdjK8NafCekH9sC+ytIHbLv/w/s=,R4/qklGsQBlCVRLOejdFGazme0k=
24,-2,MdjK8NafCekH9sC+ytIHbLv/w/s=,R4/qklGsQBlCVRLOejdFGazme0k=
22,-3,MdjK8NafCekH9sC+ytIHbLv/w/s=,R4/qklGsQBlCVRLOejdFGazme0k=
23,-3,MdjK8NafCekH9sC+ytIHbLv/w/s=,R4/qklGsQBlCVRLOejdFGazme0k=
21,-2,MdjK8NafCekH9sC+ytIHbLv/w/s=,R4/qklGsQBlCVRLOejdFGazme0k=
23,-2,MdjK8NafCekH9sC+ytIHbLv/w/s=,R4/qklGsQBlCVRLOejdFGazme0k=
22,-2,MdjK8NafCekH9sC+ytIHbLv/w/s=,R4/qklGsQBlCVRLOejdFGazme0k=
21,-5,MdjK8NafCekH9sC+ytIHbLv/w/s=,R4/qklGsQBlCVRLOejdFGazme0k=
23,-4,MdjK8NafCekH9sC+ytIHbLv/w/s=,R4/qklGsQBlCVRLOejdFGazme0k=
22,-4,MdjK8NafCekH9sC+ytIHbLv/w/s=,R4/qklGsQBlCVRLOejdFGazme0k=
21,-4,MdjK8NafCekH9sC+ytIHbLv/w/s=,R4/qklGsQBlCVRLOejdFGazme0k=
24,-7,MdjK8NafCekH9sC+ytIHbLv/w/s=,R4/qklGsQBlCVRLOejdFGazme0k=
23,-6,MdjK8NafCekH9sC+ytIHbLv/w/s=,R4/qklGsQBlCVRLOejdFGazme0k=
22,-6,MdjK8NafCekH9sC+ytIHbLv/w/s=,R4/qklGsQBlCVRLOejdFGazme0k=
24,-4,MdjK8NafCekH9sC+ytIHbLv/w/s=,R4/qklGsQBlCVRLOejdFGazme0k=
22,-5,MdjK8NafCekH9sC+ytIHbLv/w/s=,R4/qklGsQBlCVRLOejdFGazme0k=
24,-6,MdjK8NafCekH9sC+ytIHbLv/w/s=,R4/qklGsQBlCVRLOejdFGazme0k=
24,-5,MdjK8NafCekH9sC+ytIHbLv/w/s=,R4/qklGsQBlCVRLOejdFGazme0k=
23,-7,MdjK8NafCekH9sC+ytIHbLv/w/s=,R4/qklGsQBlCVRLOejdFGazme0k=
22,-7,MdjK8NafCekH9sC+ytIHbLv/w/s=,R4/qklGsQBlCVRLOejdFGazme0k=
23,-5,MdjK8NafCekH9sC+ytIHbLv/w/s=,R4/qklGsQBlCVRLOejdFGazme0k=
21,-6,MdjK8NafCekH9sC+ytIHbLv/w/s=,R4/qklGsQBlCVRLOejdFGazme0k=
21,-7,MdjK8NafCekH9sC+ytIHbLv/w/s=,R4/qklGsQBlCVRLOejdFGazme0k=
21,-11,MdjK8NafCekH9sC+ytIHbLv/w/s=,R4/qklGsQBlCVRLOejdFGazme0k=
22,-11,MdjK8NafCekH9sC+ytIHbLv/w/s=,R4/qklGsQBlCVRLOejdFGazme0k=
24,-9,MdjK8NafCekH9sC+ytIHbLv/w/s=,R4/qklGsQBlCVRLOejdFGazme0k=
23,-8,MdjK8NafCekH9sC+ytIHbLv/w/s=,R4/qklGsQBlCVRLOejdFGazme0k=
23,-11,MdjK8NafCekH9sC+ytIHbLv/w/s=,R4/qklGsQBlCVRLOejdFGazme0k=
24,-10,MdjK8NafCekH9sC+ytIHbLv/w/s=,R4/qklGsQBlCVRLOejdFGazme0k=
20,-11,MdjK8NafCekH9sC+ytIHbLv/w/s=,R4/qklGsQBlCVRLOejdFGazme0k=
22,-8,MdjK8NafCekH9sC+ytIHbLv/w/s=,R4/qklGsQBlCVRLOejdFGazme0k=
21,-10,MdjK8NafCekH9sC+ytIHbLv/w/s=,R4/qklGsQBlCVRLOejdFGazme0k=
20,-10,MdjK8NafCekH9sC+ytIHbLv/w/s=,R4/qklGsQBlCVRLOejdFGazme0k=
22,-9,MdjK8NafCekH9sC+ytIHbLv/w/s=,R4/qklGsQBlCVRLOejdFGazme0k=
17,-10,MdjK8NafCekH9sC+ytIHbLv/w/s=,D8XpZKu0690wGWlV+Fdy2xFkI7M=
21,-9,MdjK8NafCekH9sC+ytIHbLv/w/s=,R4/qklGsQBlCVRLOejdFGazme0k=
24,-8,MdjK8NafCekH9sC+ytIHbLv/w/s=,R4/qklGsQBlCVRLOejdFGazme0k=
18,-10,MdjK8NafCekH9sC+ytIHbLv/w/s=,D8XpZKu0690wGWlV+Fdy2xFkI7M=
17,-11,MdjK8NafCekH9sC+ytIHbLv/w/s=,D8XpZKu0690wGWlV+Fdy2xFkI7M=
21,-8,MdjK8NafCekH9sC+ytIHbLv/w/s=,R4/qklGsQBlCVRLOejdFGazme0k=
23,-9,MdjK8NafCekH9sC+ytIHbLv/w/s=,R4/qklGsQBlCVRLOejdFGazme0k=
24,-11,MdjK8NafCekH9sC+ytIHbLv/w/s=,R4/qklGsQBlCVRLOejdFGazme0k=
19,-10,MdjK8NafCekH9sC+ytIHbLv/w/s=,D8XpZKu0690wGWlV+Fdy2xFkI7M=
18,-11,MdjK8NafCekH9sC+ytIHbLv/w/s=,D8XpZKu0690wGWlV+Fdy2xFkI7M=
19,-11,MdjK8NafCekH9sC+ytIHbLv/w/s=,D8XpZKu0690wGWlV+Fdy2xFkI7M=
23,-10,MdjK8NafCekH9sC+ytIHbLv/w/s=,R4/qklGsQBlCVRLOejdFGazme0k=
22,-10,MdjK8NafCekH9sC+ytIHbLv/w/s=,R4/qklGsQBlCVRLOejdFGazme0k=
23,-13,MdjK8NafCekH9sC+ytIHbLv/w/s=,R4/qklGsQBlCVRLOejdFGazme0k=
22,-13,MdjK8NafCekH9sC+ytIHbLv/w/s=,R4/qklGsQBlCVRLOejdFGazme0k=
21,-13,MdjK8NafCekH9sC+ytIHbLv/w/s=,R4/qklGsQBlCVRLOejdFGazme0k=
22,-12,MdjK8NafCekH9sC+ytIHbLv/w/s=,R4/qklGsQBlCVRLOejdFGazme0k=
23,-12,MdjK8NafCekH9sC+ytIHbLv/w/s=,R4/qklGsQBlCVRLOejdFGazme0k=
23,-14,MdjK8NafCekH9sC+ytIHbLv/w/s=,R4/qklGsQBlCVRLOejdFGazme0k=
21,-14,MdjK8NafCekH9sC+ytIHbLv/w/s=,R4/qklGsQBlCVRLOejdFGazme0k=
21,-12,MdjK8NafCekH9sC+ytIHbLv/w/s=,R4/qklGsQBlCVRLOejdFGazme0k=
24,-13,MdjK8NafCekH9sC+ytIHbLv/w/s=,R4/qklGsQBlCVRLOejdFGazme0k=
24,-14,MdjK8NafCekH9sC+ytIHbLv/w/s=,R4/qklGsQBlCVRLOejdFGazme0k=
21,-15,MdjK8NafCekH9sC+ytIHbLv/w/s=,R4/qklGsQBlCVRLOejdFGazme0k=
23,-15,MdjK8NafCekH9sC+ytIHbLv/w/s=,R4/qklGsQBlCVRLOejdFGazme0k=
22,-14,MdjK8NafCekH9sC+ytIHbLv/w/s=,R4/qklGsQBlCVRLOejdFGazme0k=
22,-15,MdjK8NafCekH9sC+ytIHbLv/w/s=,R4/qklGsQBlCVRLOejdFGazme0k=
24,-12,MdjK8NafCekH9sC+ytIHbLv/w/s=,R4/qklGsQBlCVRLOejdFGazme0k=
24,-15,MdjK8NafCekH9sC+ytIHbLv/w/s=,R4/qklGsQBlCVRLOejdFGazme0k=
22,-16,MdjK8NafCekH9sC+ytIHbLv/w/s=,R4/qklGsQBlCVRLOejdFGazme0k=
21,-16,MdjK8NafCekH9sC+ytIHbLv/w/s=,R4/qklGsQBlCVRLOejdFGazme0k=
20,-15,MdjK8NafCekH9sC+ytIHbLv/w/s=,R4/qklGsQBlCVRLOejdFGazme0k=
20,-14,MdjK8NafCekH9sC+ytIHbLv/w/s=,R4/qklGsQBlCVRLOejdFGazme0k=
20,-12,MdjK8NafCekH9sC+ytIHbLv/w/s=,R4/qklGsQBlCVRLOejdFGazme0k=
20,-13,MdjK8NafCekH9sC+ytIHbLv/w/s=,R4/qklGsQBlCVRLOejdFGazme0k=
18,-15,MdjK8NafCekH9sC+ytIHbLv/w/s=,D8XpZKu0690wGWlV+Fdy2xFkI7M=
17,-14,MdjK8NafCekH9sC+ytIHbLv/w/s=,D8XpZKu0690wGWlV+Fdy2xFkI7M=
18,-14,MdjK8NafCekH9sC+ytIHbLv/w/s=,D8XpZKu0690wGWlV+Fdy2xFkI7M=
17,-12,MdjK8NafCekH9sC+ytIHbLv/w/s=,D8XpZKu0690wGWlV+Fdy2xFkI7M=
19,-14,MdjK8NafCekH9sC+ytIHbLv/w/s=,D8XpZKu0690wGWlV+Fdy2xFkI7M=
19,-15,MdjK8NafCekH9sC+ytIHbLv/w/s=,D8XpZKu0690wGWlV+Fdy2xFkI7M=
18,-12,MdjK8NafCekH9sC+ytIHbLv/w/s=,D8XpZKu0690wGWlV+Fdy2xFkI7M=
17,-13,MdjK8NafCekH9sC+ytIHbLv/w/s=,D8XpZKu0690wGWlV+Fdy2xFkI7M=
18,-13,MdjK8NafCekH9sC+ytIHbLv/w/s=,D8XpZKu0690wGWlV+Fdy2xFkI7M=
19,-13,MdjK8NafCekH9sC+ytIHbLv/w/s=,D8XpZKu0690wGWlV+Fdy2xFkI7M=
19,-12,MdjK8NafCekH9sC+ytIHbLv/w/s=,D8XpZKu0690wGWlV+Fdy2xFkI7M=
18,-16,MdjK8NafCekH9sC+ytIHbLv/w/s=,D8XpZKu0690wGWlV+Fdy2xFkI7M=
19,-16,MdjK8NafCekH9sC+ytIHbLv/w/s=,D8XpZKu0690wGWlV+Fdy2xFkI7M=
17,-15,MdjK8NafCekH9sC+ytIHbLv/w/s=,D8XpZKu0690wGWlV+Fdy2xFkI7M=
17,-16,C/ejOtQffTGGT+UITVWxxmhheNE=,D8XpZKu0690wGWlV+Fdy2xFkI7M=
20,-16,C/ejOtQffTGGT+UITVWxxmhheNE=,R4/qklGsQBlCVRLOejdFGazme0k=
16,-11,C/ejOtQffTGGT+UITVWxxmhheNE=,D8XpZKu0690wGWlV+Fdy2xFkI7M=
16,-10,C/ejOtQffTGGT+UITVWxxmhheNE=,D8XpZKu0690wGWlV+Fdy2xFkI7M=
24,-1,C/ejOtQffTGGT+UITVWxxmhheNE=,R4/qklGsQBlCVRLOejdFGazme0k=
16,-14,C/ejOtQffTGGT+UITVWxxmhheNE=,D8XpZKu0690wGWlV+Fdy2xFkI7M=
16,-13,C/ejOtQffTGGT+UITVWxxmhheNE=,D8XpZKu0690wGWlV+Fdy2xFkI7M=
16,-12,C/ejOtQffTGGT+UITVWxxmhheNE=,D8XpZKu0690wGWlV+Fdy2xFkI7M=
22,-1,C/ejOtQffTGGT+UITVWxxmhheNE=,R4/qklGsQBlCVRLOejdFGazme0k=
16,-15,C/ejOtQffTGGT+UITVWxxmhheNE=,D8XpZKu0690wGWlV+Fdy2xFkI7M=
26,-1,C/ejOtQffTGGT+UITVWxxmhheNE=,R4/qklGsQBlCVRLOejdFGazme0k=
16,-16,C/ejOtQffTGGT+UITVWxxmhheNE=,D8XpZKu0690wGWlV+Fdy2xFkI7M=
25,-1,C/ejOtQffTGGT+UITVWxxmhheNE=,R4/qklGsQBlCVRLOejdFGazme0k=
21,-1,C/ejOtQffTGGT+UITVWxxmhheNE=,R4/qklGsQBlCVRLOejdFGazme0k=
23,-1,C/ejOtQffTGGT+UITVWxxmhheNE=,R4/qklGsQBlCVRLOejdFGazme0k=
29,-16,C/ejOtQffTGGT+UITVWxxmhheNE=,pPzonUUD9jtofNLDLyjOtkFUXPc=
30,-16,C/ejOtQffTGGT+UITVWxxmhheNE=,pPzonUUD9jtofNLDLyjOtkFUXPc=
27,-16,C/ejOtQffTGGT+UITVWxxmhheNE=,R4/qklGsQBlCVRLOejdFGazme0k=
28,-16,C/ejOtQffTGGT+UITVWxxmhheNE=,pPzonUUD9jtofNLDLyjOtkFUXPc=
26,-16,C/ejOtQffTGGT+UITVWxxmhheNE=,R4/qklGsQBlCVRLOejdFGazme0k=
23,-16,C/ejOtQffTGGT+UITVWxxmhheNE=,R4/qklGsQBlCVRLOejdFGazme0k=
25,-16,C/ejOtQffTGGT+UITVWxxmhheNE=,R4/qklGsQBlCVRLOejdFGazme0k=
31,-15,C/ejOtQffTGGT+UITVWxxmhheNE=,pPzonUUD9jtofNLDLyjOtkFUXPc=
31,-16,C/ejOtQffTGGT+UITVWxxmhheNE=,pPzonUUD9jtofNLDLyjOtkFUXPc=
31,-8,C/ejOtQffTGGT+UITVWxxmhheNE=,pPzonUUD9jtofNLDLyjOtkFUXPc=
31,-6,C/ejOtQffTGGT+UITVWxxmhheNE=,pPzonUUD9jtofNLDLyjOtkFUXPc=
31,-14,C/ejOtQffTGGT+UITVWxxmhheNE=,pPzonUUD9jtofNLDLyjOtkFUXPc=
31,-12,C/ejOtQffTGGT+UITVWxxmhheNE=,pPzonUUD9jtofNLDLyjOtkFUXPc=
27,-3,C/ejOtQffTGGT+UITVWxxmhheNE=,R4/qklGsQBlCVRLOejdFGazme0k=
27,-2,C/ejOtQffTGGT+UITVWxxmhheNE=,R4/qklGsQBlCVRLOejdFGazme0k=
29,-5,C/ejOtQffTGGT+UITVWxxmhheNE=,pPzonUUD9jtofNLDLyjOtkFUXPc=
30,-5,C/ejOtQffTGGT+UITVWxxmhheNE=,pPzonUUD9jtofNLDLyjOtkFUXPc=
27,-5,C/ejOtQffTGGT+UITVWxxmhheNE=,R4/qklGsQBlCVRLOejdFGazme0k=
28,-5,C/ejOtQffTGGT+UITVWxxmhheNE=,pPzonUUD9jtofNLDLyjOtkFUXPc=
27,-4,C/ejOtQffTGGT+UITVWxxmhheNE=,R4/qklGsQBlCVRLOejdFGazme0k=
27,-1,C/ejOtQffTGGT+UITVWxxmhheNE=,R4/qklGsQBlCVRLOejdFGazme0k=
31,-5,C/ejOtQffTGGT+UITVWxxmhheNE=,pPzonUUD9jtofNLDLyjOtkFUXPc=
31,-9,C/ejOtQffTGGT+UITVWxxmhheNE=,pPzonUUD9jtofNLDLyjOtkFUXPc=
31,-7,C/ejOtQffTGGT+UITVWxxmhheNE=,pPzonUUD9jtofNLDLyjOtkFUXPc=
31,-13,C/ejOtQffTGGT+UITVWxxmhheNE=,pPzonUUD9jtofNLDLyjOtkFUXPc=
31,-11,C/ejOtQffTGGT+UITVWxxmhheNE=,pPzonUUD9jtofNLDLyjOtkFUXPc=
24,-16,C/ejOtQffTGGT+UITVWxxmhheNE=,R4/qklGsQBlCVRLOejdFGazme0k=
19,-8,C/ejOtQffTGGT+UITVWxxmhheNE=,D8XpZKu0690wGWlV+Fdy2xFkI7M=
17,-9,C/ejOtQffTGGT+UITVWxxmhheNE=,D8XpZKu0690wGWlV+Fdy2xFkI7M=
31,-10,C/ejOtQffTGGT+UITVWxxmhheNE=,pPzonUUD9jtofNLDLyjOtkFUXPc=
16,-7,C/ejOtQffTGGT+UITVWxxmhheNE=,D8XpZKu0690wGWlV+Fdy2xFkI7M=
19,-6,C/ejOtQffTGGT+UITVWxxmhheNE=,D8XpZKu0690wGWlV+Fdy2xFkI7M=
18,-8,C/ejOtQffTGGT+UITVWxxmhheNE=,D8XpZKu0690wGWlV+Fdy2xFkI7M=
20,-6,C/ejOtQffTGGT+UITVWxxmhheNE=,R4/qklGsQBlCVRLOejdFGazme0k=
17,-8,C/ejOtQffTGGT+UITVWxxmhheNE=,D8XpZKu0690wGWlV+Fdy2xFkI7M=
20,-7,C/ejOtQffTGGT+UITVWxxmhheNE=,R4/qklGsQBlCVRLOejdFGazme0k=
20,-8,C/ejOtQffTGGT+UITVWxxmhheNE=,R4/qklGsQBlCVRLOejdFGazme0k=
16,-8,C/ejOtQffTGGT+UITVWxxmhheNE=,D8XpZKu0690wGWlV+Fdy2xFkI7M=
17,-6,C/ejOtQffTGGT+UITVWxxmhheNE=,D8XpZKu0690wGWlV+Fdy2xFkI7M=
20,-9,C/ejOtQffTGGT+UITVWxxmhheNE=,R4/qklGsQBlCVRLOejdFGazme0k=
16,-6,C/ejOtQffTGGT+UITVWxxmhheNE=,D8XpZKu0690wGWlV+Fdy2xFkI7M=
17,-7,C/ejOtQffTGGT+UITVWxxmhheNE=,D8XpZKu0690wGWlV+Fdy2xFkI7M=
19,-7,C/ejOtQffTGGT+UITVWxxmhheNE=,D8XpZKu0690wGWlV+Fdy2xFkI7M=
19,-9,C/ejOtQffTGGT+UITVWxxmhheNE=,D8XpZKu0690wGWlV+Fdy2xFkI7M=
16,-9,C/ejOtQffTGGT+UITVWxxmhheNE=,D8XpZKu0690wGWlV+Fdy2xFkI7M=
18,-9,C/ejOtQffTGGT+UITVWxxmhheNE=,D8XpZKu0690wGWlV+Fdy2xFkI7M=
18,-7,C/ejOtQffTGGT+UITVWxxmhheNE=,D8XpZKu0690wGWlV+Fdy2xFkI7M=
18,-6,C/ejOtQffTGGT+UITVWxxmhheNE=,D8XpZKu0690wGWlV+Fdy2xFkI7M=
19,-2,C/ejOtQffTGGT+UITVWxxmhheNE=,D8XpZKu0690wGWlV+Fdy2xFkI7M=
18,-2,C/ejOtQffTGGT+UITVWxxmhheNE=,D8XpZKu0690wGWlV+Fdy2xFkI7M=
20,-2,C/ejOtQffTGGT+UITVWxxmhheNE=,R4/qklGsQBlCVRLOejdFGazme0k=
19,-4,C/ejOtQffTGGT+UITVWxxmhheNE=,D8XpZKu0690wGWlV+Fdy2xFkI7M=
20,-4,C/ejOtQffTGGT+UITVWxxmhheNE=,R4/qklGsQBlCVRLOejdFGazme0k=
19,-1,C/ejOtQffTGGT+UITVWxxmhheNE=,D8XpZKu0690wGWlV+Fdy2xFkI7M=
18,-1,C/ejOtQffTGGT+UITVWxxmhheNE=,D8XpZKu0690wGWlV+Fdy2xFkI7M=
18,-4,C/ejOtQffTGGT+UITVWxxmhheNE=,D8XpZKu0690wGWlV+Fdy2xFkI7M=
17,-4,C/ejOtQffTGGT+UITVWxxmhheNE=,D8XpZKu0690wGWlV+Fdy2xFkI7M=
16,-4,C/ejOtQffTGGT+UITVWxxmhheNE=,D8XpZKu0690wGWlV+Fdy2xFkI7M=
20,-3,C/ejOtQffTGGT+UITVWxxmhheNE=,R4/qklGsQBlCVRLOejdFGazme0k=
19,-3,C/ejOtQffTGGT+UITVWxxmhheNE=,D8XpZKu0690wGWlV+Fdy2xFkI7M=
18,-3,C/ejOtQffTGGT+UITVWxxmhheNE=,D8XpZKu0690wGWlV+Fdy2xFkI7M=
18,-5,C/ejOtQffTGGT+UITVWxxmhheNE=,D8XpZKu0690wGWlV+Fdy2xFkI7M=
17,-3,C/ejOtQffTGGT+UITVWxxmhheNE=,D8XpZKu0690wGWlV+Fdy2xFkI7M=
17,-2,C/ejOtQffTGGT+UITVWxxmhheNE=,D8XpZKu0690wGWlV+Fdy2xFkI7M=
19,-5,C/ejOtQffTGGT+UITVWxxmhheNE=,D8XpZKu0690wGWlV+Fdy2xFkI7M=
16,-3,C/ejOtQffTGGT+UITVWxxmhheNE=,D8XpZKu0690wGWlV+Fdy2xFkI7M=
20,-1,C/ejOtQffTGGT+UITVWxxmhheNE=,R4/qklGsQBlCVRLOejdFGazme0k=
16,-5,C/ejOtQffTGGT+UITVWxxmhheNE=,D8XpZKu0690wGWlV+Fdy2xFkI7M=
17,-5,C/ejOtQffTGGT+UITVWxxmhheNE=,D8XpZKu0690wGWlV+Fdy2xFkI7M=
16,-2,C/ejOtQffTGGT+UITVWxxmhheNE=,D8XpZKu0690wGWlV+Fdy2xFkI7M=
20,-5,C/ejOtQffTGGT+UITVWxxmhheNE=,R4/qklGsQBlCVRLOejdFGazme0k=
16,-1,C/ejOtQffTGGT+UITVWxxmhheNE=,D8XpZKu0690wGWlV+Fdy2xFkI7M=
17,-1,C/ejOtQffTGGT+UITVWxxmhheNE=,D8XpZKu0690wGWlV+Fdy2xFkI7M=
25,-27,C/ejOtQffTGGT+UITVWxxmhheNE=,R4/qklGsQBlCVRLOejdFGazme0k=
26,-27,C/ejOtQffTGGT+UITVWxxmhheNE=,R4/qklGsQBlCVRLOejdFGazme0k=
25,-26,C/ejOtQffTGGT+UITVWxxmhheNE=,R4/qklGsQBlCVRLOejdFGazme0k=
26,-26,C/ejOtQffTGGT+UITVWxxmhheNE=,R4/qklGsQBlCVRLOejdFGazme0k=
25,-25,C/ejOtQffTGGT+UITVWxxmhheNE=,R4/qklGsQBlCVRLOejdFGazme0k=
26,-22,C/ejOtQffTGGT+UITVWxxmhheNE=,R4/qklGsQBlCVRLOejdFGazme0k=
25,-22,C/ejOtQffTGGT+UITVWxxmhheNE=,R4/qklGsQBlCVRLOejdFGazme0k=
26,-23,C/ejOtQffTGGT+UITVWxxmhheNE=,R4/qklGsQBlCVRLOejdFGazme0k=
25,-23,C/ejOtQffTGGT+UITVWxxmhheNE=,R4/qklGsQBlCVRLOejdFGazme0k=
26,-24,C/ejOtQffTGGT+UITVWxxmhheNE=,R4/qklGsQBlCVRLOejdFGazme0k=
25,-24,C/ejOtQffTGGT+UITVWxxmhheNE=,R4/qklGsQBlCVRLOejdFGazme0k=
26,-25,C/ejOtQffTGGT+UITVWxxmhheNE=,R4/qklGsQBlCVRLOejdFGazme0k=
17,-26,C/ejOtQffTGGT+UITVWxxmhheNE=,D8XpZKu0690wGWlV+Fdy2xFkI7M=
18,-26,C/ejOtQffTGGT+UITVWxxmhheNE=,D8XpZKu0690wGWlV+Fdy2xFkI7M=
17,-27,C/ejOtQffTGGT+UITVWxxmhheNE=,D8XpZKu0690wGWlV+Fdy2xFkI7M=
18,-27,C/ejOtQffTGGT+UITVWxxmhheNE=,D8XpZKu0690wGWlV+Fdy2xFkI7M=
24,-27,C/ejOtQffTGGT+UITVWxxmhheNE=,R4/qklGsQBlCVRLOejdFGazme0k=
19,-27,C/ejOtQffTGGT+UITVWxxmhheNE=,D8XpZKu0690wGWlV+Fdy2xFkI7M=
24,-26,C/ejOtQffTGGT+UITVWxxmhheNE=,R4/qklGsQBlCVRLOejdFGazme0k=
19,-26,C/ejOtQffTGGT+UITVWxxmhheNE=,D8XpZKu0690wGWlV+Fdy2xFkI7M=
22,-26,C/ejOtQffTGGT+UITVWxxmhheNE=,R4/qklGsQBlCVRLOejdFGazme0k=
23,-26,C/ejOtQffTGGT+UITVWxxmhheNE=,R4/qklGsQBlCVRLOejdFGazme0k=
21,-26,C/ejOtQffTGGT+UITVWxxmhheNE=,R4/qklGsQBlCVRLOejdFGazme0k=
20,-26,C/ejOtQffTGGT+UITVWxxmhheNE=,R4/qklGsQBlCVRLOejdFGazme0k=
23,-27,C/ejOtQffTGGT+UITVWxxmhheNE=,R4/qklGsQBlCVRLOejdFGazme0k=
20,-27,C/ejOtQffTGGT+UITVWxxmhheNE=,R4/qklGsQBlCVRLOejdFGazme0k=
21,-27,C/ejOtQffTGGT+UITVWxxmhheNE=,R4/qklGsQBlCVRLOejdFGazme0k=
21,-23,C/ejOtQffTGGT+UITVWxxmhheNE=,R4/qklGsQBlCVRLOejdFGazme0k=
23,-24,C/ejOtQffTGGT+UITVWxxmhheNE=,R4/qklGsQBlCVRLOejdFGazme0k=
22,-24,C/ejOtQffTGGT+UITVWxxmhheNE=,R4/qklGsQBlCVRLOejdFGazme0k=
22,-23,C/ejOtQffTGGT+UITVWxxmhheNE=,R4/qklGsQBlCVRLOejdFGazme0k=
22,-27,C/ejOtQffTGGT+UITVWxxmhheNE=,R4/qklGsQBlCVRLOejdFGazme0k=
23,-23,C/ejOtQffTGGT+UITVWxxmhheNE=,R4/qklGsQBlCVRLOejdFGazme0k=
24,-22,C/ejOtQffTGGT+UITVWxxmhheNE=,R4/qklGsQBlCVRLOejdFGazme0k=
21,-24,C/ejOtQffTGGT+UITVWxxmhheNE=,R4/qklGsQBlCVRLOejdFGazme0k=
23,-25,C/ejOtQffTGGT+UITVWxxmhheNE=,R4/qklGsQBlCVRLOejdFGazme0k=
23,-22,C/ejOtQffTGGT+UITVWxxmhheNE=,R4/qklGsQBlCVRLOejdFGazme0k=
21,-22,C/ejOtQffTGGT+UITVWxxmhheNE=,R4/qklGsQBlCVRLOejdFGazme0k=
22,-22,C/ejOtQffTGGT+UITVWxxmhheNE=,R4/qklGsQBlCVRLOejdFGazme0k=
22,-25,C/ejOtQffTGGT+UITVWxxmhheNE=,R4/qklGsQBlCVRLOejdFGazme0k=
24,-25,C/ejOtQffTGGT+UITVWxxmhheNE=,R4/qklGsQBlCVRLOejdFGazme0k=
24,-23,C/ejOtQffTGGT+UITVWxxmhheNE=,R4/qklGsQBlCVRLOejdFGazme0k=
21,-25,C/ejOtQffTGGT+UITVWxxmhheNE=,R4/qklGsQBlCVRLOejdFGazme0k=
24,-24,C/ejOtQffTGGT+UITVWxxmhheNE=,R4/qklGsQBlCVRLOejdFGazme0k=
18,-22,C/ejOtQffTGGT+UITVWxxmhheNE=,D8XpZKu0690wGWlV+Fdy2xFkI7M=
17,-22,C/ejOtQffTGGT+UITVWxxmhheNE=,D8XpZKu0690wGWlV+Fdy2xFkI7M=
17,-23,C/ejOtQffTGGT+UITVWxxmhheNE=,D8XpZKu0690wGWlV+Fdy2xFkI7M=
18,-25,C/ejOtQffTGGT+UITVWxxmhheNE=,D8XpZKu0690wGWlV+Fdy2xFkI7M=
17,-24,C/ejOtQffTGGT+UITVWxxmhheNE=,D8XpZKu0690wGWlV+Fdy2xFkI7M=
18,-23,C/ejOtQffTGGT+UITVWxxmhheNE=,D8XpZKu0690wGWlV+Fdy2xFkI7M=
19,-25,C/ejOtQffTGGT+UITVWxxmhheNE=,D8XpZKu0690wGWlV+Fdy2xFkI7M=
17,-25,C/ejOtQffTGGT+UITVWxxmhheNE=,D8XpZKu0690wGWlV+Fdy2xFkI7M=
18,-24,C/ejOtQffTGGT+UITVWxxmhheNE=,D8XpZKu0690wGWlV+Fdy2xFkI7M=
20,-22,C/ejOtQffTGGT+UITVWxxmhheNE=,R4/qklGsQBlCVRLOejdFGazme0k=
20,-23,C/ejOtQffTGGT+UITVWxxmhheNE=,R4/qklGsQBlCVRLOejdFGazme0k=
19,-24,C/ejOtQffTGGT+UITVWxxmhheNE=,D8XpZKu0690wGWlV+Fdy2xFkI7M=
19,-22,C/ejOtQffTGGT+UITVWxxmhheNE=,D8XpZKu0690wGWlV+Fdy2xFkI7M=
19,-23,C/ejOtQffTGGT+UITVWxxmhheNE=,D8XpZKu0690wGWlV+Fdy2xFkI7M=
20,-25,C/ejOtQffTGGT+UITVWxxmhheNE=,R4/qklGsQBlCVRLOejdFGazme0k=
20,-24,C/ejOtQffTGGT+UITVWxxmhheNE=,R4/qklGsQBlCVRLOejdFGazme0k=
18,-21,C/ejOtQffTGGT+UITVWxxmhheNE=,D8XpZKu0690wGWlV+Fdy2xFkI7M=
17,-21,C/ejOtQffTGGT+UITVWxxmhheNE=,D8XpZKu0690wGWlV+Fdy2xFkI7M=
17,-20,C/ejOtQffTGGT+UITVWxxmhheNE=,D8XpZKu0690wGWlV+Fdy2xFkI7M=
17,-18,C/ejOtQffTGGT+UITVWxxmhheNE=,D8XpZKu0690wGWlV+Fdy2xFkI7M=
17,-19,C/ejOtQffTGGT+UITVWxxmhheNE=,D8XpZKu0690wGWlV+Fdy2xFkI7M=
18,-18,C/ejOtQffTGGT+UITVWxxmhheNE=,D8XpZKu0690wGWlV+Fdy2xFkI7M=
21,-31,C/ejOtQffTGGT+UITVWxxmhheNE=,R4/qklGsQBlCVRLOejdFGazme0k=
18,-19,C/ejOtQffTGGT+UITVWxxmhheNE=,D8XpZKu0690wGWlV+Fdy2xFkI7M=
22,-28,C/ejOtQffTGGT+UITVWxxmhheNE=,R4/qklGsQBlCVRLOejdFGazme0k=
22,-30,C/ejOtQffTGGT+UITVWxxmhheNE=,R4/qklGsQBlCVRLOejdFGazme0k=
21,-30,C/ejOtQffTGGT+UITVWxxmhheNE=,R4/qklGsQBlCVRLOejdFGazme0k=
22,-29,C/ejOtQffTGGT+UITVWxxmhheNE=,R4/qklGsQBlCVRLOejdFGazme0k=
21,-28,C/ejOtQffTGGT+UITVWxxmhheNE=,R4/qklGsQBlCVRLOejdFGazme0k=
21,-29,C/ejOtQffTGGT+UITVWxxmhheNE=,R4/qklGsQBlCVRLOejdFGazme0k=
18,-20,C/ejOtQffTGGT+UITVWxxmhheNE=,D8XpZKu0690wGWlV+Fdy2xFkI7M=
22,-31,C/ejOtQffTGGT+UITVWxxmhheNE=,R4/qklGsQBlCVRLOejdFGazme0k=
20,-19,C/ejOtQffTGGT+UITVWxxmhheNE=,R4/qklGsQBlCVRLOejdFGazme0k=
20,-20,C/ejOtQffTGGT+UITVWxxmhheNE=,R4/qklGsQBlCVRLOejdFGazme0k=
19,-19,C/ejOtQffTGGT+UITVWxxmhheNE=,D8XpZKu0690wGWlV+Fdy2xFkI7M=
21,-20,C/ejOtQffTGGT+UITVWxxmhheNE=,R4/qklGsQBlCVRLOejdFGazme0k=
21,-18,C/ejOtQffTGGT+UITVWxxmhheNE=,R4/qklGsQBlCVRLOejdFGazme0k=
20,-18,C/ejOtQffTGGT+UITVWxxmhheNE=,R4/qklGsQBlCVRLOejdFGazme0k=
21,-19,C/ejOtQffTGGT+UITVWxxmhheNE=,R4/qklGsQBlCVRLOejdFGazme0k=
19,-20,C/ejOtQffTGGT+UITVWxxmhheNE=,D8XpZKu0690wGWlV+Fdy2xFkI7M=
20,-21,C/ejOtQffTGGT+UITVWxxmhheNE=,R4/qklGsQBlCVRLOejdFGazme0k=
19,-18,C/ejOtQffTGGT+UITVWxxmhheNE=,D8XpZKu0690wGWlV+Fdy2xFkI7M=
19,-21,C/ejOtQffTGGT+UITVWxxmhheNE=,D8XpZKu0690wGWlV+Fdy2xFkI7M=
22,-19,C/ejOtQffTGGT+UITVWxxmhheNE=,R4/qklGsQBlCVRLOejdFGazme0k=
21,-21,C/ejOtQffTGGT+UITVWxxmhheNE=,R4/qklGsQBlCVRLOejdFGazme0k=
22,-18,C/ejOtQffTGGT+UITVWxxmhheNE=,R4/qklGsQBlCVRLOejdFGazme0k=
22,-20,C/ejOtQffTGGT+UITVWxxmhheNE=,R4/qklGsQBlCVRLOejdFGazme0k=
22,-21,C/ejOtQffTGGT+UITVWxxmhheNE=,R4/qklGsQBlCVRLOejdFGazme0k=
29,-19,C/ejOtQffTGGT+UITVWxxmhheNE=,pPzonUUD9jtofNLDLyjOtkFUXPc=
30,-18,C/ejOtQffTGGT+UITVWxxmhheNE=,pPzonUUD9jtofNLDLyjOtkFUXPc=
29,-18,C/ejOtQffTGGT+UITVWxxmhheNE=,pPzonUUD9jtofNLDLyjOtkFUXPc=
29,-20,C/ejOtQffTGGT+UITVWxxmhheNE=,pPzonUUD9jtofNLDLyjOtkFUXPc=
30,-20,C/ejOtQffTGGT+UITVWxxmhheNE=,pPzonUUD9jtofNLDLyjOtkFUXPc=
27,-23,C/ejOtQffTGGT+UITVWxxmhheNE=,R4/qklGsQBlCVRLOejdFGazme0k=
27,-22,C/ejOtQffTGGT+UITVWxxmhheNE=,R4/qklGsQBlCVRLOejdFGazme0k=
30,-19,C/ejOtQffTGGT+UITVWxxmhheNE=,pPzonUUD9jtofNLDLyjOtkFUXPc=
25,-28,C/ejOtQffTGGT+UITVWxxmhheNE=,R4/qklGsQBlCVRLOejdFGazme0k=
26,-28,C/ejOtQffTGGT+UITVWxxmhheNE=,R4/qklGsQBlCVRLOejdFGazme0k=
26,-29,C/ejOtQffTGGT+UITVWxxmhheNE=,R4/qklGsQBlCVRLOejdFGazme0k=
25,-29,C/ejOtQffTGGT+UITVWxxmhheNE=,R4/qklGsQBlCVRLOejdFGazme0k=
24,-31,C/ejOtQffTGGT+UITVWxxmhheNE=,R4/qklGsQBlCVRLOejdFGazme0k=
25,-31,C/ejOtQffTGGT+UITVWxxmhheNE=,R4/qklGsQBlCVRLOejdFGazme0k=
26,-31,C/ejOtQffTGGT+UITVWxxmhheNE=,R4/qklGsQBlCVRLOejdFGazme0k=
24,-29,C/ejOtQffTGGT+UITVWxxmhheNE=,R4/qklGsQBlCVRLOejdFGazme0k=
24,-28,C/ejOtQffTGGT+UITVWxxmhheNE=,R4/qklGsQBlCVRLOejdFGazme0k=
26,-30,C/ejOtQffTGGT+UITVWxxmhheNE=,R4/qklGsQBlCVRLOejdFGazme0k=
25,-30,C/ejOtQffTGGT+UITVWxxmhheNE=,R4/qklGsQBlCVRLOejdFGazme0k=
24,-30,C/ejOtQffTGGT+UITVWxxmhheNE=,R4/qklGsQBlCVRLOejdFGazme0k=
23,-28,C/ejOtQffTGGT+UITVWxxmhheNE=,R4/qklGsQBlCVRLOejdFGazme0k=
23,-30,C/ejOtQffTGGT+UITVWxxmhheNE=,R4/qklGsQBlCVRLOejdFGazme0k=
23,-31,C/ejOtQffTGGT+UITVWxxmhheNE=,R4/qklGsQBlCVRLOejdFGazme0k=
25,-32,C/ejOtQffTGGT+UITVWxxmhheNE=,R4/qklGsQBlCVRLOejdFGazme0k=
26,-32,C/ejOtQffTGGT+UITVWxxmhheNE=,R4/qklGsQBlCVRLOejdFGazme0k=
23,-32,C/ejOtQffTGGT+UITVWxxmhheNE=,R4/qklGsQBlCVRLOejdFGazme0k=
22,-32,C/ejOtQffTGGT+UITVWxxmhheNE=,R4/qklGsQBlCVRLOejdFGazme0k=
23,-29,C/ejOtQffTGGT+UITVWxxmhheNE=,R4/qklGsQBlCVRLOejdFGazme0k=
21,-32,C/ejOtQffTGGT+UITVWxxmhheNE=,R4/qklGsQBlCVRLOejdFGazme0k=
24,-32,C/ejOtQffTGGT+UITVWxxmhheNE=,R4/qklGsQBlCVRLOejdFGazme0k=
16,-26,C/ejOtQffTGGT+UITVWxxmhheNE=,D8XpZKu0690wGWlV+Fdy2xFkI7M=
16,-27,C/ejOtQffTGGT+UITVWxxmhheNE=,D8XpZKu0690wGWlV+Fdy2xFkI7M=
21,-17,C/ejOtQffTGGT+UITVWxxmhheNE=,R4/qklGsQBlCVRLOejdFGazme0k=
22,-17,C/ejOtQffTGGT+UITVWxxmhheNE=,R4/qklGsQBlCVRLOejdFGazme0k=
16,-25,C/ejOtQffTGGT+UITVWxxmhheNE=,D8XpZKu0690wGWlV+Fdy2xFkI7M=
16,-22,C/ejOtQffTGGT+UITVWxxmhheNE=,D8XpZKu0690wGWlV+Fdy2xFkI7M=
16,-23,C/ejOtQffTGGT+UITVWxxmhheNE=,D8XpZKu0690wGWlV+Fdy2xFkI7M=
16,-24,C/ejOtQffTGGT+UITVWxxmhheNE=,D8XpZKu0690wGWlV+Fdy2xFkI7M=
16,-18,C/ejOtQffTGGT+UITVWxxmhheNE=,D8XpZKu0690wGWlV+Fdy2xFkI7M=
16,-21,C/ejOtQffTGGT+UITVWxxmhheNE=,D8XpZKu0690wGWlV+Fdy2xFkI7M=
16,-20,C/ejOtQffTGGT+UITVWxxmhheNE=,D8XpZKu0690wGWlV+Fdy2xFkI7M=
16,-19,C/ejOtQffTGGT+UITVWxxmhheNE=,D8XpZKu0690wGWlV+Fdy2xFkI7M=
29,-17,C/ejOtQffTGGT+UITVWxxmhheNE=,pPzonUUD9jtofNLDLyjOtkFUXPc=
30,-17,C/ejOtQffTGGT+UITVWxxmhheNE=,pPzonUUD9jtofNLDLyjOtkFUXPc=
31,-17,C/ejOtQffTGGT+UITVWxxmhheNE=,pPzonUUD9jtofNLDLyjOtkFUXPc=
31,-19,C/ejOtQffTGGT+UITVWxxmhheNE=,pPzonUUD9jtofNLDLyjOtkFUXPc=
31,-18,C/ejOtQffTGGT+UITVWxxmhheNE=,pPzonUUD9jtofNLDLyjOtkFUXPc=
31,-20,C/ejOtQffTGGT+UITVWxxmhheNE=,pPzonUUD9jtofNLDLyjOtkFUXPc=
27,-31,C/ejOtQffTGGT+UITVWxxmhheNE=,R4/qklGsQBlCVRLOejdFGazme0k=
27,-30,C/ejOtQffTGGT+UITVWxxmhheNE=,R4/qklGsQBlCVRLOejdFGazme0k=
27,-32,C/ejOtQffTGGT+UITVWxxmhheNE=,R4/qklGsQBlCVRLOejdFGazme0k=
27,-27,C/ejOtQffTGGT+UITVWxxmhheNE=,R4/qklGsQBlCVRLOejdFGazme0k=
27,-26,C/ejOtQffTGGT+UITVWxxmhheNE=,R4/qklGsQBlCVRLOejdFGazme0k=
27,-25,C/ejOtQffTGGT+UITVWxxmhheNE=,R4/qklGsQBlCVRLOejdFGazme0k=
27,-29,C/ejOtQffTGGT+UITVWxxmhheNE=,R4/qklGsQBlCVRLOejdFGazme0k=
27,-24,C/ejOtQffTGGT+UITVWxxmhheNE=,R4/qklGsQBlCVRLOejdFGazme0k=
27,-28,C/ejOtQffTGGT+UITVWxxmhheNE=,R4/qklGsQBlCVRLOejdFGazme0k=
16,-17,C/ejOtQffTGGT+UITVWxxmhheNE=,D8XpZKu0690wGWlV+Fdy2xFkI7M=
20,-17,C/ejOtQffTGGT+UITVWxxmhheNE=,R4/qklGsQBlCVRLOejdFGazme0k=
18,-17,C/ejOtQffTGGT+UITVWxxmhheNE=,D8XpZKu0690wGWlV+Fdy2xFkI7M=
17,-17,C/ejOtQffTGGT+UITVWxxmhheNE=,D8XpZKu0690wGWlV+Fdy2xFkI7M=
19,-17,C/ejOtQffTGGT+UITVWxxmhheNE=,D8XpZKu0690wGWlV+Fdy2xFkI7M=
20,-31,C/ejOtQffTGGT+UITVWxxmhheNE=,R4/qklGsQBlCVRLOejdFGazme0k=
19,-28,C/ejOtQffTGGT+UITVWxxmhheNE=,D8XpZKu0690wGWlV+Fdy2xFkI7M=
16,-29,C/ejOtQffTGGT+UITVWxxmhheNE=,R4/qklGsQBlCVRLOejdFGazme0k=
16,-28,C/ejOtQffTGGT+UITVWxxmhheNE=,D8XpZKu0690wGWlV+Fdy2xFkI7M=
20,-30,C/ejOtQffTGGT+UITVWxxmhheNE=,R4/qklGsQBlCVRLOejdFGazme0k=
19,-30,C/ejOtQffTGGT+UITVWxxmhheNE=,R4/qklGsQBlCVRLOejdFGazme0k=
17,-32,C/ejOtQffTGGT+UITVWxxmhheNE=,R4/qklGsQBlCVRLOejdFGazme0k=
20,-28,C/ejOtQffTGGT+UITVWxxmhheNE=,R4/qklGsQBlCVRLOejdFGazme0k=
18,-31,C/ejOtQffTGGT+UITVWxxmhheNE=,R4/qklGsQBlCVRLOejdFGazme0k=
18,-28,C/ejOtQffTGGT+UITVWxxmhheNE=,D8XpZKu0690wGWlV+Fdy2xFkI7M=
19,-29,C/ejOtQffTGGT+UITVWxxmhheNE=,R4/qklGsQBlCVRLOejdFGazme0k=
18,-30,C/ejOtQffTGGT+UITVWxxmhheNE=,R4/qklGsQBlCVRLOejdFGazme0k=
16,-32,C/ejOtQffTGGT+UITVWxxmhheNE=,R4/qklGsQBlCVRLOejdFGazme0k=
19,-31,C/ejOtQffTGGT+UITVWxxmhheNE=,R4/qklGsQBlCVRLOejdFGazme0k=
17,-31,C/ejOtQffTGGT+UITVWxxmhheNE=,R4/qklGsQBlCVRLOejdFGazme0k=
20,-32,C/ejOtQffTGGT+UITVWxxmhheNE=,R4/qklGsQBlCVRLOejdFGazme0k=
16,-31,C/ejOtQffTGGT+UITVWxxmhheNE=,R4/qklGsQBlCVRLOejdFGazme0k=
18,-29,C/ejOtQffTGGT+UITVWxxmhheNE=,R4/qklGsQBlCVRLOejdFGazme0k=
20,-29,C/ejOtQffTGGT+UITVWxxmhheNE=,R4/qklGsQBlCVRLOejdFGazme0k=
17,-28,C/ejOtQffTGGT+UITVWxxmhheNE=,D8XpZKu0690wGWlV+Fdy2xFkI7M=
16,-30,C/ejOtQffTGGT+UITVWxxmhheNE=,R4/qklGsQBlCVRLOejdFGazme0k=
19,-32,C/ejOtQffTGGT+UITVWxxmhheNE=,R4/qklGsQBlCVRLOejdFGazme0k=
18,-32,C/ejOtQffTGGT+UITVWxxmhheNE=,R4/qklGsQBlCVRLOejdFGazme0k=
17,-30,C/ejOtQffTGGT+UITVWxxmhheNE=,R4/qklGsQBlCVRLOejdFGazme0k=
27,-19,C/ejOtQffTGGT+UITVWxxmhheNE=,R4/qklGsQBlCVRLOejdFGazme0k=
28,-18,C/ejOtQffTGGT+UITVWxxmhheNE=,pPzonUUD9jtofNLDLyjOtkFUXPc=
27,-18,C/ejOtQffTGGT+UITVWxxmhheNE=,R4/qklGsQBlCVRLOejdFGazme0k=
17,-29,C/ejOtQffTGGT+UITVWxxmhheNE=,R4/qklGsQBlCVRLOejdFGazme0k=
26,-19,C/ejOtQffTGGT+UITVWxxmhheNE=,R4/qklGsQBlCVRLOejdFGazme0k=
27,-20,C/ejOtQffTGGT+UITVWxxmhheNE=,R4/qklGsQBlCVRLOejdFGazme0k=
26,-20,C/ejOtQffTGGT+UITVWxxmhheNE=,R4/qklGsQBlCVRLOejdFGazme0k=
26,-18,C/ejOtQffTGGT+UITVWxxmhheNE=,R4/qklGsQBlCVRLOejdFGazme0k=
28,-19,C/ejOtQffTGGT+UITVWxxmhheNE=,pPzonUUD9jtofNLDLyjOtkFUXPc=
25,-19,C/ejOtQffTGGT+UITVWxxmhheNE=,R4/qklGsQBlCVRLOejdFGazme0k=
27,-21,C/ejOtQffTGGT+UITVWxxmhheNE=,R4/qklGsQBlCVRLOejdFGazme0k=
28,-20,C/ejOtQffTGGT+UITVWxxmhheNE=,pPzonUUD9jtofNLDLyjOtkFUXPc=
26,-21,C/ejOtQffTGGT+UITVWxxmhheNE=,R4/qklGsQBlCVRLOejdFGazme0k=
23,-20,C/ejOtQffTGGT+UITVWxxmhheNE=,R4/qklGsQBlCVRLOejdFGazme0k=
24,-17,C/ejOtQffTGGT+UITVWxxmhheNE=,R4/qklGsQBlCVRLOejdFGazme0k=
24,-18,C/ejOtQffTGGT+UITVWxxmhheNE=,R4/qklGsQBlCVRLOejdFGazme0k=
28,-17,C/ejOtQffTGGT+UITVWxxmhheNE=,pPzonUUD9jtofNLDLyjOtkFUXPc=
24,-19,C/ejOtQffTGGT+UITVWxxmhheNE=,R4/qklGsQBlCVRLOejdFGazme0k=
23,-17,C/ejOtQffTGGT+UITVWxxmhheNE=,R4/qklGsQBlCVRLOejdFGazme0k=
27,-17,C/ejOtQffTGGT+UITVWxxmhheNE=,R4/qklGsQBlCVRLOejdFGazme0k=
24,-21,C/ejOtQffTGGT+UITVWxxmhheNE=,R4/qklGsQBlCVRLOejdFGazme0k=
25,-21,C/ejOtQffTGGT+UITVWxxmhheNE=,R4/qklGsQBlCVRLOejdFGazme0k=
24,-20,C/ejOtQffTGGT+UITVWxxmhheNE=,R4/qklGsQBlCVRLOejdFGazme0k=
25,-20,C/ejOtQffTGGT+UITVWxxmhheNE=,R4/qklGsQBlCVRLOejdFGazme0k=
23,-21,C/ejOtQffTGGT+UITVWxxmhheNE=,R4/qklGsQBlCVRLOejdFGazme0k=
23,-18,C/ejOtQffTGGT+UITVWxxmhheNE=,R4/qklGsQBlCVRLOejdFGazme0k=
26,-17,C/ejOtQffTGGT+UITVWxxmhheNE=,R4/qklGsQBlCVRLOejdFGazme0k=
25,-17,C/ejOtQffTGGT+UITVWxxmhheNE=,R4/qklGsQBlCVRLOejdFGazme0k=
25,-18,C/ejOtQffTGGT+UITVWxxmhheNE=,R4/qklGsQBlCVRLOejdFGazme0k=
23,-19,C/ejOtQffTGGT+UITVWxxmhheNE=,R4/qklGsQBlCVRLOejdFGazme0k=
9,-31,w3MIOiTQVQOb/y68s+4PPNI7yrI=,idU+Jcir4EBrERGPRDgHncKuXAE=
10,-31,w3MIOiTQVQOb/y68s+4PPNI7yrI=,idU+Jcir4EBrERGPRDgHncKuXAE=
9,-30,w3MIOiTQVQOb/y68s+4PPNI7yrI=,idU+Jcir4EBrERGPRDgHncKuXAE=
10,-30,w3MIOiTQVQOb/y68s+4PPNI7yrI=,idU+Jcir4EBrERGPRDgHncKuXAE=
9,-27,WC4plxT8fQiMPSqyZdCWXFt4DZc=,idU+Jcir4EBrERGPRDgHncKuXAE=
9,-28,WC4plxT8fQiMPSqyZdCWXFt4DZc=,idU+Jcir4EBrERGPRDgHncKuXAE=
9,-29,WC4plxT8fQiMPSqyZdCWXFt4DZc=,idU+Jcir4EBrERGPRDgHncKuXAE=
10,-29,WC4plxT8fQiMPSqyZdCWXFt4DZc=,idU+Jcir4EBrERGPRDgHncKuXAE=
10,-28,WC4plxT8fQiMPSqyZdCWXFt4DZc=,idU+Jcir4EBrERGPRDgHncKuXAE=
9,-26,WC4plxT8fQiMPSqyZdCWXFt4DZc=,idU+Jcir4EBrERGPRDgHncKuXAE=
10,-26,WC4plxT8fQiMPSqyZdCWXFt4DZc=,idU+Jcir4EBrERGPRDgHncKuXAE=
10,-27,WC4plxT8fQiMPSqyZdCWXFt4DZc=,idU+Jcir4EBrERGPRDgHncKuXAE=
11,-31,WC4plxT8fQiMPSqyZdCWXFt4DZc=,idU+Jcir4EBrERGPRDgHncKuXAE=
12,-31,WC4plxT8fQiMPSqyZdCWXFt4DZc=,idU+Jcir4EBrERGPRDgHncKuXAE=
14,-30,WC4plxT8fQiMPSqyZdCWXFt4DZc=,idU+Jcir4EBrERGPRDgHncKuXAE=
11,-30,WC4plxT8fQiMPSqyZdCWXFt4DZc=,idU+Jcir4EBrERGPRDgHncKuXAE=
13,-30,WC4plxT8fQiMPSqyZdCWXFt4DZc=,idU+Jcir4EBrERGPRDgHncKuXAE=
12,-27,WC4plxT8fQiMPSqyZdCWXFt4DZc=,idU+Jcir4EBrERGPRDgHncKuXAE=
14,-31,WC4plxT8fQiMPSqyZdCWXFt4DZc=,idU+Jcir4EBrERGPRDgHncKuXAE=
12,-29,WC4plxT8fQiMPSqyZdCWXFt4DZc=,idU+Jcir4EBrERGPRDgHncKuXAE=
11,-28,WC4plxT8fQiMPSqyZdCWXFt4DZc=,idU+Jcir4EBrERGPRDgHncKuXAE=
14,-28,WC4plxT8fQiMPSqyZdCWXFt4DZc=,idU+Jcir4EBrERGPRDgHncKuXAE=
11,-29,WC4plxT8fQiMPSqyZdCWXFt4DZc=,idU+Jcir4EBrERGPRDgHncKuXAE=
13,-29,WC4plxT8fQiMPSqyZdCWXFt4DZc=,idU+Jcir4EBrERGPRDgHncKuXAE=
13,-28,WC4plxT8fQiMPSqyZdCWXFt4DZc=,idU+Jcir4EBrERGPRDgHncKuXAE=
14,-26,WC4plxT8fQiMPSqyZdCWXFt4DZc=,idU+Jcir4EBrERGPRDgHncKuXAE=
13,-26,WC4plxT8fQiMPSqyZdCWXFt4DZc=,idU+Jcir4EBrERGPRDgHncKuXAE=
14,-29,WC4plxT8fQiMPSqyZdCWXFt4DZc=,idU+Jcir4EBrERGPRDgHncKuXAE=
13,-31,WC4plxT8fQiMPSqyZdCWXFt4DZc=,idU+Jcir4EBrERGPRDgHncKuXAE=
12,-26,WC4plxT8fQiMPSqyZdCWXFt4DZc=,idU+Jcir4EBrERGPRDgHncKuXAE=
13,-27,WC4plxT8fQiMPSqyZdCWXFt4DZc=,idU+Jcir4EBrERGPRDgHncKuXAE=
11,-27,WC4plxT8fQiMPSqyZdCWXFt4DZc=,idU+Jcir4EBrERGPRDgHncKuXAE=
12,-28,WC4plxT8fQiMPSqyZdCWXFt4DZc=,idU+Jcir4EBrERGPRDgHncKuXAE=
14,-27,WC4plxT8fQiMPSqyZdCWXFt4DZc=,idU+Jcir4EBrERGPRDgHncKuXAE=
12,-30,WC4plxT8fQiMPSqyZdCWXFt4DZc=,idU+Jcir4EBrERGPRDgHncKuXAE=
11,-26,WC4plxT8fQiMPSqyZdCWXFt4DZc=,idU+Jcir4EBrERGPRDgHncKuXAE=
10,-22,WC4plxT8fQiMPSqyZdCWXFt4DZc=,idU+Jcir4EBrERGPRDgHncKuXAE=
9,-23,WC4plxT8fQiMPSqyZdCWXFt4DZc=,idU+Jcir4EBrERGPRDgHncKuXAE=
9,-22,WC4plxT8fQiMPSqyZdCWXFt4DZc=,idU+Jcir4EBrERGPRDgHncKuXAE=
10,-23,WC4plxT8fQiMPSqyZdCWXFt4DZc=,idU+Jcir4EBrERGPRDgHncKuXAE=
10,-25,WC4plxT8fQiMPSqyZdCWXFt4DZc=,idU+Jcir4EBrERGPRDgHncKuXAE=
9,-25,WC4plxT8fQiMPSqyZdCWXFt4DZc=,idU+Jcir4EBrERGPRDgHncKuXAE=
10,-24,WC4plxT8fQiMPSqyZdCWXFt4DZc=,idU+Jcir4EBrERGPRDgHncKuXAE=
9,-24,WC4plxT8fQiMPSqyZdCWXFt4DZc=,idU+Jcir4EBrERGPRDgHncKuXAE=
12,-23,WC4plxT8fQiMPSqyZdCWXFt4DZc=,idU+Jcir4EBrERGPRDgHncKuXAE=
12,-25,WC4plxT8fQiMPSqyZdCWXFt4DZc=,idU+Jcir4EBrERGPRDgHncKuXAE=
14,-24,WC4plxT8fQiMPSqyZdCWXFt4DZc=,idU+Jcir4EBrERGPRDgHncKuXAE=
13,-23,WC4plxT8fQiMPSqyZdCWXFt4DZc=,idU+Jcir4EBrERGPRDgHncKuXAE=
13,-25,WC4plxT8fQiMPSqyZdCWXFt4DZc=,idU+Jcir4EBrERGPRDgHncKuXAE=
13,-24,WC4plxT8fQiMPSqyZdCWXFt4DZc=,idU+Jcir4EBrERGPRDgHncKuXAE=
12,-24,WC4plxT8fQiMPSqyZdCWXFt4DZc=,idU+Jcir4EBrERGPRDgHncKuXAE=
11,-24,WC4plxT8fQiMPSqyZdCWXFt4DZc=,idU+Jcir4EBrERGPRDgHncKuXAE=
11,-22,WC4plxT8fQiMPSqyZdCWXFt4DZc=,idU+Jcir4EBrERGPRDgHncKuXAE=
14,-23,WC4plxT8fQiMPSqyZdCWXFt4DZc=,idU+Jcir4EBrERGPRDgHncKuXAE=
14,-25,WC4plxT8fQiMPSqyZdCWXFt4DZc=,idU+Jcir4EBrERGPRDgHncKuXAE=
11,-23,WC4plxT8fQiMPSqyZdCWXFt4DZc=,idU+Jcir4EBrERGPRDgHncKuXAE=
14,-22,WC4plxT8fQiMPSqyZdCWXFt4DZc=,idU+Jcir4EBrERGPRDgHncKuXAE=
12,-22,WC4plxT8fQiMPSqyZdCWXFt4DZc=,idU+Jcir4EBrERGPRDgHncKuXAE=
13,-22,WC4plxT8fQiMPSqyZdCWXFt4DZc=,idU+Jcir4EBrERGPRDgHncKuXAE=
11,-25,WC4plxT8fQiMPSqyZdCWXFt4DZc=,idU+Jcir4EBrERGPRDgHncKuXAE=
5,-23,WC4plxT8fQiMPSqyZdCWXFt4DZc=,eWmVwpX3VmIqrcMLANt5MEQfEGc=
8,-23,WC4plxT8fQiMPSqyZdCWXFt4DZc=,idU+Jcir4EBrERGPRDgHncKuXAE=
6,-23,WC4plxT8fQiMPSqyZdCWXFt4DZc=,eWmVwpX3VmIqrcMLANt5MEQfEGc=
8,-22,WC4plxT8fQiMPSqyZdCWXFt4DZc=,idU+Jcir4EBrERGPRDgHncKuXAE=
7,-23,WC4plxT8fQiMPSqyZdCWXFt4DZc=,eWmVwpX3VmIqrcMLANt5MEQfEGc=
7,-22,WC4plxT8fQiMPSqyZdCWXFt4DZc=,eWmVwpX3VmIqrcMLANt5MEQfEGc=
6,-22,WC4plxT8fQiMPSqyZdCWXFt4DZc=,eWmVwpX3VmIqrcMLANt5MEQfEGc=
5,-22,WC4plxT8fQiMPSqyZdCWXFt4DZc=,eWmVwpX3VmIqrcMLANt5MEQfEGc=
5,-27,WC4plxT8fQiMPSqyZdCWXFt4DZc=,eWmVwpX3VmIqrcMLANt5MEQfEGc=
6,-27,WC4plxT8fQiMPSqyZdCWXFt4DZc=,eWmVwpX3VmIqrcMLANt5MEQfEGc=
7,-27,WC4plxT8fQiMPSqyZdCWXFt4DZc=,eWmVwpX3VmIqrcMLANt5MEQfEGc=
6,-24,WC4plxT8fQiMPSqyZdCWXFt4DZc=,eWmVwpX3VmIqrcMLANt5MEQfEGc=
5,-26,WC4plxT8fQiMPSqyZdCWXFt4DZc=,eWmVwpX3VmIqrcMLANt5MEQfEGc=
6,-26,WC4plxT8fQiMPSqyZdCWXFt4DZc=,eWmVwpX3VmIqrcMLANt5MEQfEGc=
7,-26,WC4plxT8fQiMPSqyZdCWXFt4DZc=,eWmVwpX3VmIqrcMLANt5MEQfEGc=
8,-27,WC4plxT8fQiMPSqyZdCWXFt4DZc=,idU+Jcir4EBrERGPRDgHncKuXAE=
5,-24,WC4plxT8fQiMPSqyZdCWXFt4DZc=,eWmVwpX3VmIqrcMLANt5MEQfEGc=
7,-25,WC4plxT8fQiMPSqyZdCWXFt4DZc=,eWmVwpX3VmIqrcMLANt5MEQfEGc=
6,-25,WC4plxT8fQiMPSqyZdCWXFt4DZc=,eWmVwpX3VmIqrcMLANt5MEQfEGc=
8,-25,WC4plxT8fQiMPSqyZdCWXFt4DZc=,idU+Jcir4EBrERGPRDgHncKuXAE=
7,-24,WC4plxT8fQiMPSqyZdCWXFt4DZc=,eWmVwpX3VmIqrcMLANt5MEQfEGc=
5,-25,WC4plxT8fQiMPSqyZdCWXFt4DZc=,eWmVwpX3VmIqrcMLANt5MEQfEGc=
8,-26,WC4plxT8fQiMPSqyZdCWXFt4DZc=,idU+Jcir4EBrERGPRDgHncKuXAE=
8,-24,WC4plxT8fQiMPSqyZdCWXFt4DZc=,idU+Jcir4EBrERGPRDgHncKuXAE=
6,-20,WC4plxT8fQiMPSqyZdCWXFt4DZc=,eWmVwpX3VmIqrcMLANt5MEQfEGc=
5,-19,WC4plxT8fQiMPSqyZdCWXFt4DZc=,eWmVwpX3VmIqrcMLANt5MEQfEGc=
5,-20,WC4plxT8fQiMPSqyZdCWXFt4DZc=,eWmVwpX3VmIqrcMLANt5MEQfEGc=
6,-18,WC4plxT8fQiMPSqyZdCWXFt4DZc=,eWmVwpX3VmIqrcMLANt5MEQfEGc=
6,-19,WC4plxT8fQiMPSqyZdCWXFt4DZc=,eWmVwpX3VmIqrcMLANt5MEQfEGc=
5,-21,WC4plxT8fQiMPSqyZdCWXFt4DZc=,eWmVwpX3VmIqrcMLANt5MEQfEGc=
5,-18,WC4plxT8fQiMPSqyZdCWXFt4DZc=,eWmVwpX3VmIqrcMLANt5MEQfEGc=
6,-21,WC4plxT8fQiMPSqyZdCWXFt4DZc=,eWmVwpX3VmIqrcMLANt5MEQfEGc=
8,-18,WC4plxT8fQiMPSqyZdCWXFt4DZc=,idU+Jcir4EBrERGPRDgHncKuXAE=
10,-18,WC4plxT8fQiMPSqyZdCWXFt4DZc=,idU+Jcir4EBrERGPRDgHncKuXAE=
7,-20,WC4plxT8fQiMPSqyZdCWXFt4DZc=,eWmVwpX3VmIqrcMLANt5MEQfEGc=
7,-21,WC4plxT8fQiMPSqyZdCWXFt4DZc=,eWmVwpX3VmIqrcMLANt5MEQfEGc=
10,-21,WC4plxT8fQiMPSqyZdCWXFt4DZc=,idU+Jcir4EBrERGPRDgHncKuXAE=
9,-20,WC4plxT8fQiMPSqyZdCWXFt4DZc=,idU+Jcir4EBrERGPRDgHncKuXAE=
9,-19,WC4plxT8fQiMPSqyZdCWXFt4DZc=,idU+Jcir4EBrERGPRDgHncKuXAE=
7,-18,WC4plxT8fQiMPSqyZdCWXFt4DZc=,eWmVwpX3VmIqrcMLANt5MEQfEGc=
10,-19,WC4plxT8fQiMPSqyZdCWXFt4DZc=,idU+Jcir4EBrERGPRDgHncKuXAE=
9,-21,WC4plxT8fQiMPSqyZdCWXFt4DZc=,idU+Jcir4EBrERGPRDgHncKuXAE=
8,-19,WC4plxT8fQiMPSqyZdCWXFt4DZc=,idU+Jcir4EBrERGPRDgHncKuXAE=
7,-19,WC4plxT8fQiMPSqyZdCWXFt4DZc=,eWmVwpX3VmIqrcMLANt5MEQfEGc=
9,-18,WC4plxT8fQiMPSqyZdCWXFt4DZc=,idU+Jcir4EBrERGPRDgHncKuXAE=
4,-27,WC4plxT8fQiMPSqyZdCWXFt4DZc=,eWmVwpX3VmIqrcMLANt5MEQfEGc=
4,-26,WC4plxT8fQiMPSqyZdCWXFt4DZc=,eWmVwpX3VmIqrcMLANt5MEQfEGc=
8,-21,WC4plxT8fQiMPSqyZdCWXFt4DZc=,idU+Jcir4EBrERGPRDgHncKuXAE=
8,-20,WC4plxT8fQiMPSqyZdCWXFt4DZc=,idU+Jcir4EBrERGPRDgHncKuXAE=
10,-20,WC4plxT8fQiMPSqyZdCWXFt4DZc=,idU+Jcir4EBrERGPRDgHncKuXAE=
12,-18,WC4plxT8fQiMPSqyZdCWXFt4DZc=,idU+Jcir4EBrERGPRDgHncKuXAE=
15,-19,WC4plxT8fQiMPSqyZdCWXFt4DZc=,idU+Jcir4EBrERGPRDgHncKuXAE=
15,-18,WC4plxT8fQiMPSqyZdCWXFt4DZc=,idU+Jcir4EBrERGPRDgHncKuXAE=
13,-18,WC4plxT8fQiMPSqyZdCWXFt4DZc=,idU+Jcir4EBrERGPRDgHncKuXAE=
13,-17,WC4plxT8fQiMPSqyZdCWXFt4DZc=,idU+Jcir4EBrERGPRDgHncKuXAE=
11,-19,WC4plxT8fQiMPSqyZdCWXFt4DZc=,idU+Jcir4EBrERGPRDgHncKuXAE=
12,-19,WC4plxT8fQiMPSqyZdCWXFt4DZc=,idU+Jcir4EBrERGPRDgHncKuXAE=
14,-21,WC4plxT8fQiMPSqyZdCWXFt4DZc=,idU+Jcir4EBrERGPRDgHncKuXAE=
11,-21,WC4plxT8fQiMPSqyZdCWXFt4DZc=,idU+Jcir4EBrERGPRDgHncKuXAE=
12,-20,WC4plxT8fQiMPSqyZdCWXFt4DZc=,idU+Jcir4EBrERGPRDgHncKuXAE=
14,-19,WC4plxT8fQiMPSqyZdCWXFt4DZc=,idU+Jcir4EBrERGPRDgHncKuXAE=
13,-21,WC4plxT8fQiMPSqyZdCWXFt4DZc=,idU+Jcir4EBrERGPRDgHncKuXAE=
14,-18,WC4plxT8fQiMPSqyZdCWXFt4DZc=,idU+Jcir4EBrERGPRDgHncKuXAE=
13,-20,WC4plxT8fQiMPSqyZdCWXFt4DZc=,idU+Jcir4EBrERGPRDgHncKuXAE=
14,-20,WC4plxT8fQiMPSqyZdCWXFt4DZc=,idU+Jcir4EBrERGPRDgHncKuXAE=
11,-18,WC4plxT8fQiMPSqyZdCWXFt4DZc=,idU+Jcir4EBrERGPRDgHncKuXAE=
13,-19,WC4plxT8fQiMPSqyZdCWXFt4DZc=,idU+Jcir4EBrERGPRDgHncKuXAE=
14,-17,WC4plxT8fQiMPSqyZdCWXFt4DZc=,idU+Jcir4EBrERGPRDgHncKuXAE=
12,-21,WC4plxT8fQiMPSqyZdCWXFt4DZc=,idU+Jcir4EBrERGPRDgHncKuXAE=
11,-20,WC4plxT8fQiMPSqyZdCWXFt4DZc=,idU+Jcir4EBrERGPRDgHncKuXAE=
10,-17,WC4plxT8fQiMPSqyZdCWXFt4DZc=,idU+Jcir4EBrERGPRDgHncKuXAE=
5,-17,WC4plxT8fQiMPSqyZdCWXFt4DZc=,eWmVwpX3VmIqrcMLANt5MEQfEGc=
12,-17,WC4plxT8fQiMPSqyZdCWXFt4DZc=,idU+Jcir4EBrERGPRDgHncKuXAE=
9,-17,WC4plxT8fQiMPSqyZdCWXFt4DZc=,idU+Jcir4EBrERGPRDgHncKuXAE=
11,-17,WC4plxT8fQiMPSqyZdCWXFt4DZc=,idU+Jcir4EBrERGPRDgHncKuXAE=
8,-17,WC4plxT8fQiMPSqyZdCWXFt4DZc=,idU+Jcir4EBrERGPRDgHncKuXAE=
7,-17,WC4plxT8fQiMPSqyZdCWXFt4DZc=,eWmVwpX3VmIqrcMLANt5MEQfEGc=
6,-17,WC4plxT8fQiMPSqyZdCWXFt4DZc=,eWmVwpX3VmIqrcMLANt5MEQfEGc=
15,-23,WC4plxT8fQiMPSqyZdCWXFt4DZc=,idU+Jcir4EBrERGPRDgHncKuXAE=
15,-20,WC4plxT8fQiMPSqyZdCWXFt4DZc=,idU+Jcir4EBrERGPRDgHncKuXAE=
15,-22,WC4plxT8fQiMPSqyZdCWXFt4DZc=,idU+Jcir4EBrERGPRDgHncKuXAE=
15,-21,WC4plxT8fQiMPSqyZdCWXFt4DZc=,idU+Jcir4EBrERGPRDgHncKuXAE=
15,-25,WC4plxT8fQiMPSqyZdCWXFt4DZc=,idU+Jcir4EBrERGPRDgHncKuXAE=
15,-27,WC4plxT8fQiMPSqyZdCWXFt4DZc=,idU+Jcir4EBrERGPRDgHncKuXAE=
15,-24,WC4plxT8fQiMPSqyZdCWXFt4DZc=,idU+Jcir4EBrERGPRDgHncKuXAE=
15,-26,WC4plxT8fQiMPSqyZdCWXFt4DZc=,idU+Jcir4EBrERGPRDgHncKuXAE=
13,-32,WC4plxT8fQiMPSqyZdCWXFt4DZc=,idU+Jcir4EBrERGPRDgHncKuXAE=
15,-28,WC4plxT8fQiMPSqyZdCWXFt4DZc=,idU+Jcir4EBrERGPRDgHncKuXAE=
12,-32,WC4plxT8fQiMPSqyZdCWXFt4DZc=,idU+Jcir4EBrERGPRDgHncKuXAE=
10,-32,WC4plxT8fQiMPSqyZdCWXFt4DZc=,idU+Jcir4EBrERGPRDgHncKuXAE=
11,-32,WC4plxT8fQiMPSqyZdCWXFt4DZc=,idU+Jcir4EBrERGPRDgHncKuXAE=
9,-32,WC4plxT8fQiMPSqyZdCWXFt4DZc=,idU+Jcir4EBrERGPRDgHncKuXAE=
8,-31,WC4plxT8fQiMPSqyZdCWXFt4DZc=,idU+Jcir4EBrERGPRDgHncKuXAE=
8,-30,WC4plxT8fQiMPSqyZdCWXFt4DZc=,idU+Jcir4EBrERGPRDgHncKuXAE=
5,-28,WC4plxT8fQiMPSqyZdCWXFt4DZc=,eWmVwpX3VmIqrcMLANt5MEQfEGc=
8,-28,WC4plxT8fQiMPSqyZdCWXFt4DZc=,idU+Jcir4EBrERGPRDgHncKuXAE=
8,-29,WC4plxT8fQiMPSqyZdCWXFt4DZc=,idU+Jcir4EBrERGPRDgHncKuXAE=
6,-28,WC4plxT8fQiMPSqyZdCWXFt4DZc=,eWmVwpX3VmIqrcMLANt5MEQfEGc=
7,-28,WC4plxT8fQiMPSqyZdCWXFt4DZc=,eWmVwpX3VmIqrcMLANt5MEQfEGc=
4,-28,WC4plxT8fQiMPSqyZdCWXFt4DZc=,eWmVwpX3VmIqrcMLANt5MEQfEGc=
15,-17,WC4plxT8fQiMPSqyZdCWXFt4DZc=,idU+Jcir4EBrERGPRDgHncKuXAE=
8,-32,WC4plxT8fQiMPSqyZdCWXFt4DZc=,idU+Jcir4EBrERGPRDgHncKuXAE=
14,-32,WC4plxT8fQiMPSqyZdCWXFt4DZc=,idU+Jcir4EBrERGPRDgHncKuXAE=
15,-30,WC4plxT8fQiMPSqyZdCWXFt4DZc=,idU+Jcir4EBrERGPRDgHncKuXAE=
15,-31,WC4plxT8fQiMPSqyZdCWXFt4DZc=,idU+Jcir4EBrERGPRDgHncKuXAE=
15,-32,WC4plxT8fQiMPSqyZdCWXFt4DZc=,idU+Jcir4EBrERGPRDgHncKuXAE=
15,-29,WC4plxT8fQiMPSqyZdCWXFt4DZc=,idU+Jcir4EBrERGPRDgHncKuXAE=
3,-24,WC4plxT8fQiMPSqyZdCWXFt4DZc=,eWmVwpX3VmIqrcMLANt5MEQfEGc=
2,-24,WC4plxT8fQiMPSqyZdCWXFt4DZc=,eWmVwpX3VmIqrcMLANt5MEQfEGc=
1,-24,WC4plxT8fQiMPSqyZdCWXFt4DZc=,eWmVwpX3VmIqrcMLANt5MEQfEGc=
0,-23,WC4plxT8fQiMPSqyZdCWXFt4DZc=,eWmVwpX3VmIqrcMLANt5MEQfEGc=
0,-24,WC4plxT8fQiMPSqyZdCWXFt4DZc=,eWmVwpX3VmIqrcMLANt5MEQfEGc=
4,-23,WC4plxT8fQiMPSqyZdCWXFt4DZc=,eWmVwpX3VmIqrcMLANt5MEQfEGc=
1,-23,WC4plxT8fQiMPSqyZdCWXFt4DZc=,eWmVwpX3VmIqrcMLANt5MEQfEGc=
4,-24,WC4plxT8fQiMPSqyZdCWXFt4DZc=,eWmVwpX3VmIqrcMLANt5MEQfEGc=
4,-25,WC4plxT8fQiMPSqyZdCWXFt4DZc=,eWmVwpX3VmIqrcMLANt5MEQfEGc=
3,-23,WC4plxT8fQiMPSqyZdCWXFt4DZc=,eWmVwpX3VmIqrcMLANt5MEQfEGc=
2,-23,WC4plxT8fQiMPSqyZdCWXFt4DZc=,eWmVwpX3VmIqrcMLANt5MEQfEGc=
4,-22,WC4plxT8fQiMPSqyZdCWXFt4DZc=,eWmVwpX3VmIqrcMLANt5MEQfEGc=
3,-22,WC4plxT8fQiMPSqyZdCWXFt4DZc=,eWmVwpX3VmIqrcMLANt5MEQfEGc=
2,-22,WC4plxT8fQiMPSqyZdCWXFt4DZc=,eWmVwpX3VmIqrcMLANt5MEQfEGc=
0,-22,WC4plxT8fQiMPSqyZdCWXFt4DZc=,eWmVwpX3VmIqrcMLANt5MEQfEGc=
1,-22,WC4plxT8fQiMPSqyZdCWXFt4DZc=,eWmVwpX3VmIqrcMLANt5MEQfEGc=
0,-21,WC4plxT8fQiMPSqyZdCWXFt4DZc=,eWmVwpX3VmIqrcMLANt5MEQfEGc=
3,-18,WC4plxT8fQiMPSqyZdCWXFt4DZc=,eWmVwpX3VmIqrcMLANt5MEQfEGc=
2,-18,WC4plxT8fQiMPSqyZdCWXFt4DZc=,eWmVwpX3VmIqrcMLANt5MEQfEGc=
0,-18,WC4plxT8fQiMPSqyZdCWXFt4DZc=,eWmVwpX3VmIqrcMLANt5MEQfEGc=
1,-18,WC4plxT8fQiMPSqyZdCWXFt4DZc=,eWmVwpX3VmIqrcMLANt5MEQfEGc=
4,-19,WC4plxT8fQiMPSqyZdCWXFt4DZc=,eWmVwpX3VmIqrcMLANt5MEQfEGc=
3,-19,WC4plxT8fQiMPSqyZdCWXFt4DZc=,eWmVwpX3VmIqrcMLANt5MEQfEGc=
4,-20,WC4plxT8fQiMPSqyZdCWXFt4DZc=,eWmVwpX3VmIqrcMLANt5MEQfEGc=
2,-19,WC4plxT8fQiMPSqyZdCWXFt4DZc=,eWmVwpX3VmIqrcMLANt5MEQfEGc=
1,-19,WC4plxT8fQiMPSqyZdCWXFt4DZc=,eWmVwpX3VmIqrcMLANt5MEQfEGc=
0,-17,WC4plxT8fQiMPSqyZdCWXFt4DZc=,eWmVwpX3VmIqrcMLANt5MEQfEGc=
0,-19,WC4plxT8fQiMPSqyZdCWXFt4DZc=,eWmVwpX3VmIqrcMLANt5MEQfEGc=
3,-20,WC4plxT8fQiMPSqyZdCWXFt4DZc=,eWmVwpX3VmIqrcMLANt5MEQfEGc=
2,-20,WC4plxT8fQiMPSqyZdCWXFt4DZc=,eWmVwpX3VmIqrcMLANt5MEQfEGc=
4,-17,WC4plxT8fQiMPSqyZdCWXFt4DZc=,eWmVwpX3VmIqrcMLANt5MEQfEGc=
1,-20,WC4plxT8fQiMPSqyZdCWXFt4DZc=,eWmVwpX3VmIqrcMLANt5MEQfEGc=
0,-20,WC4plxT8fQiMPSqyZdCWXFt4DZc=,eWmVwpX3VmIqrcMLANt5MEQfEGc=
3,-21,WC4plxT8fQiMPSqyZdCWXFt4DZc=,eWmVwpX3VmIqrcMLANt5MEQfEGc=
4,-21,WC4plxT8fQiMPSqyZdCWXFt4DZc=,eWmVwpX3VmIqrcMLANt5MEQfEGc=
3,-17,WC4plxT8fQiMPSqyZdCWXFt4DZc=,eWmVwpX3VmIqrcMLANt5MEQfEGc=
2,-17,WC4plxT8fQiMPSqyZdCWXFt4DZc=,eWmVwpX3VmIqrcMLANt5MEQfEGc=
1,-17,WC4plxT8fQiMPSqyZdCWXFt4DZc=,eWmVwpX3VmIqrcMLANt5MEQfEGc=
2,-21,WC4plxT8fQiMPSqyZdCWXFt4DZc=,eWmVwpX3VmIqrcMLANt5MEQfEGc=
4,-18,WC4plxT8fQiMPSqyZdCWXFt4DZc=,eWmVwpX3VmIqrcMLANt5MEQfEGc=
1,-21,WC4plxT8fQiMPSqyZdCWXFt4DZc=,eWmVwpX3VmIqrcMLANt5MEQfEGc=
5,-7,WC4plxT8fQiMPSqyZdCWXFt4DZc=,eWmVwpX3VmIqrcMLANt5MEQfEGc=
6,-7,WC4plxT8fQiMPSqyZdCWXFt4DZc=,eWmVwpX3VmIqrcMLANt5MEQfEGc=
6,-6,WC4plxT8fQiMPSqyZdCWXFt4DZc=,eWmVwpX3VmIqrcMLANt5MEQfEGc=
5,-6,WC4plxT8fQiMPSqyZdCWXFt4DZc=,eWmVwpX3VmIqrcMLANt5MEQfEGc=
3,-6,WC4plxT8fQiMPSqyZdCWXFt4DZc=,eWmVwpX3VmIqrcMLANt5MEQfEGc=
1,-7,WC4plxT8fQiMPSqyZdCWXFt4DZc=,eWmVwpX3VmIqrcMLANt5MEQfEGc=
2,-6,WC4plxT8fQiMPSqyZdCWXFt4DZc=,eWmVwpX3VmIqrcMLANt5MEQfEGc=
1,-6,WC4plxT8fQiMPSqyZdCWXFt4DZc=,eWmVwpX3VmIqrcMLANt5MEQfEGc=
4,-6,WC4plxT8fQiMPSqyZdCWXFt4DZc=,eWmVwpX3VmIqrcMLANt5MEQfEGc=
2,-7,WC4plxT8fQiMPSqyZdCWXFt4DZc=,eWmVwpX3VmIqrcMLANt5MEQfEGc=
3,-7,WC4plxT8fQiMPSqyZdCWXFt4DZc=,eWmVwpX3VmIqrcMLANt5MEQfEGc=
4,-7,WC4plxT8fQiMPSqyZdCWXFt4DZc=,eWmVwpX3VmIqrcMLANt5MEQfEGc=
5,-9,WC4plxT8fQiMPSqyZdCWXFt4DZc=,eWmVwpX3VmIqrcMLANt5MEQfEGc=
6,-10,WC4plxT8fQiMPSqyZdCWXFt4DZc=,eWmVwpX3VmIqrcMLANt5MEQfEGc=
6,-9,WC4plxT8fQiMPSqyZdCWXFt4DZc=,eWmVwpX3VmIqrcMLANt5MEQfEGc=
5,-10,WC4plxT8fQiMPSqyZdCWXFt4DZc=,eWmVwpX3VmIqrcMLANt5MEQfEGc=
5,-11,WC4plxT8fQiMPSqyZdCWXFt4DZc=,eWmVwpX3VmIqrcMLANt5MEQfEGc=
6,-11,WC4plxT8fQiMPSqyZdCWXFt4DZc=,eWmVwpX3VmIqrcMLANt5MEQfEGc=
5,-8,WC4plxT8fQiMPSqyZdCWXFt4DZc=,eWmVwpX3VmIqrcMLANt5MEQfEGc=
6,-8,WC4plxT8fQiMPSqyZdCWXFt4DZc=,eWmVwpX3VmIqrcMLANt5MEQfEGc=
4,-9,WC4plxT8fQiMPSqyZdCWXFt4DZc=,eWmVwpX3VmIqrcMLANt5MEQfEGc=
4,-11,WC4plxT8fQiMPSqyZdCWXFt4DZc=,eWmVwpX3VmIqrcMLANt5MEQfEGc=
1,-9,JEm13JRBeYSALVK3wkUerblSnow=,eWmVwpX3VmIqrcMLANt5MEQfEGc=
3,-10,JEm13JRBeYSALVK3wkUerblSnow=,eWmVwpX3VmIqrcMLANt5MEQfEGc=
2,-10,JEm13JRBeYSALVK3wkUerblSnow=,eWmVwpX3VmIqrcMLANt5MEQfEGc=
3,-9,JEm13JRBeYSALVK3wkUerblSnow=,eWmVwpX3VmIqrcMLANt5MEQfEGc=
4,-8,JEm13JRBeYSALVK3wkUerblSnow=,eWmVwpX3VmIqrcMLANt5MEQfEGc=
4,-10,JEm13JRBeYSALVK3wkUerblSnow=,eWmVwpX3VmIqrcMLANt5MEQfEGc=
3,-8,JEm13JRBeYSALVK3wkUerblSnow=,eWmVwpX3VmIqrcMLANt5MEQfEGc=
2,-9,JEm13JRBeYSALVK3wkUerblSnow=,eWmVwpX3VmIqrcMLANt5MEQfEGc=
1,-8,JEm13JRBeYSALVK3wkUerblSnow=,eWmVwpX3VmIqrcMLANt5MEQfEGc=
3,-11,JEm13JRBeYSALVK3wkUerblSnow=,eWmVwpX3VmIqrcMLANt5MEQfEGc=
2,-8,JEm13JRBeYSALVK3wkUerblSnow=,eWmVwpX3VmIqrcMLANt5MEQfEGc=
2,-11,JEm13JRBeYSALVK3wkUerblSnow=,eWmVwpX3VmIqrcMLANt5MEQfEGc=
1,-10,JEm13JRBeYSALVK3wkUerblSnow=,eWmVwpX3VmIqrcMLANt5MEQfEGc=
1,-11,JEm13JRBeYSALVK3wkUerblSnow=,eWmVwpX3VmIqrcMLANt5MEQfEGc=
5,-15,JEm13JRBeYSALVK3wkUerblSnow=,eWmVwpX3VmIqrcMLANt5MEQfEGc=
5,-5,JEm13JRBeYSALVK3wkUerblSnow=,eWmVwpX3VmIqrcMLANt5MEQfEGc=
6,-4,JEm13JRBeYSALVK3wkUerblSnow=,eWmVwpX3VmIqrcMLANt5MEQfEGc=
6,-2,JEm13JRBeYSALVK3wkUerblSnow=,eWmVwpX3VmIqrcMLANt5MEQfEGc=
6,-15,JEm13JRBeYSALVK3wkUerblSnow=,eWmVwpX3VmIqrcMLANt5MEQfEGc=
5,-2,JEm13JRBeYSALVK3wkUerblSnow=,eWmVwpX3VmIqrcMLANt5MEQfEGc=
6,-5,JEm13JRBeYSALVK3wkUerblSnow=,eWmVwpX3VmIqrcMLANt5MEQfEGc=
5,-14,JEm13JRBeYSALVK3wkUerblSnow=,eWmVwpX3VmIqrcMLANt5MEQfEGc=
6,-3,JEm13JRBeYSALVK3wkUerblSnow=,eWmVwpX3VmIqrcMLANt5MEQfEGc=
5,-3,JEm13JRBeYSALVK3wkUerblSnow=,eWmVwpX3VmIqrcMLANt5MEQfEGc=
6,-14,JEm13JRBeYSALVK3wkUerblSnow=,eWmVwpX3VmIqrcMLANt5MEQfEGc=
5,-4,JEm13JRBeYSALVK3wkUerblSnow=,eWmVwpX3VmIqrcMLANt5MEQfEGc=
5,-13,JEm13JRBeYSALVK3wkUerblSnow=,eWmVwpX3VmIqrcMLANt5MEQfEGc=
5,-12,JEm13JRBeYSALVK3wkUerblSnow=,eWmVwpX3VmIqrcMLANt5MEQfEGc=
6,-12,JEm13JRBeYSALVK3wkUerblSnow=,eWmVwpX3VmIqrcMLANt5MEQfEGc=
6,-13,JEm13JRBeYSALVK3wkUerblSnow=,eWmVwpX3VmIqrcMLANt5MEQfEGc=
3,-12,JEm13JRBeYSALVK3wkUerblSnow=,eWmVwpX3VmIqrcMLANt5MEQfEGc=
4,-15,JEm13JRBeYSALVK3wkUerblSnow=,eWmVwpX3VmIqrcMLANt5MEQfEGc=
3,-14,JEm13JRBeYSALVK3wkUerblSnow=,eWmVwpX3VmIqrcMLANt5MEQfEGc=
2,-14,JEm13JRBeYSALVK3wkUerblSnow=,eWmVwpX3VmIqrcMLANt5MEQfEGc=
2,-12,JEm13JRBeYSALVK3wkUerblSnow=,eWmVwpX3VmIqrcMLANt5MEQfEGc=
1,-12,JEm13JRBeYSALVK3wkUerblSnow=,eWmVwpX3VmIqrcMLANt5MEQfEGc=
4,-14,JEm13JRBeYSALVK3wkUerblSnow=,eWmVwpX3VmIqrcMLANt5MEQfEGc=
4,-12,JEm13JRBeYSALVK3wkUerblSnow=,eWmVwpX3VmIqrcMLANt5MEQfEGc=
1,-14,JEm13JRBeYSALVK3wkUerblSnow=,eWmVwpX3VmIqrcMLANt5MEQfEGc=
4,-13,JEm13JRBeYSALVK3wkUerblSnow=,eWmVwpX3VmIqrcMLANt5MEQfEGc=
3,-15,JEm13JRBeYSALVK3wkUerblSnow=,eWmVwpX3VmIqrcMLANt5MEQfEGc=
1,-13,JEm13JRBeYSALVK3wkUerblSnow=,eWmVwpX3VmIqrcMLANt5MEQfEGc=
3,-13,JEm13JRBeYSALVK3wkUerblSnow=,eWmVwpX3VmIqrcMLANt5MEQfEGc=
2,-15,JEm13JRBeYSALVK3wkUerblSnow=,eWmVwpX3VmIqrcMLANt5MEQfEGc=
1,-15,JEm13JRBeYSALVK3wkUerblSnow=,eWmVwpX3VmIqrcMLANt5MEQfEGc=
2,-13,JEm13JRBeYSALVK3wkUerblSnow=,eWmVwpX3VmIqrcMLANt5MEQfEGc=
4,-5,JEm13JRBeYSALVK3wkUerblSnow=,eWmVwpX3VmIqrcMLANt5MEQfEGc=
1,-3,JEm13JRBeYSALVK3wkUerblSnow=,eWmVwpX3VmIqrcMLANt5MEQfEGc=
2,-3,JEm13JRBeYSALVK3wkUerblSnow=,eWmVwpX3VmIqrcMLANt5MEQfEGc=
3,-3,JEm13JRBeYSALVK3wkUerblSnow=,eWmVwpX3VmIqrcMLANt5MEQfEGc=
1,-2,JEm13JRBeYSALVK3wkUerblSnow=,eWmVwpX3VmIqrcMLANt5MEQfEGc=
3,-5,JEm13JRBeYSALVK3wkUerblSnow=,eWmVwpX3VmIqrcMLANt5MEQfEGc=
2,-5,JEm13JRBeYSALVK3wkUerblSnow=,eWmVwpX3VmIqrcMLANt5MEQfEGc=
2,-2,JEm13JRBeYSALVK3wkUerblSnow=,eWmVwpX3VmIqrcMLANt5MEQfEGc=
3,-4,JEm13JRBeYSALVK3wkUerblSnow=,eWmVwpX3VmIqrcMLANt5MEQfEGc=
3,-2,JEm13JRBeYSALVK3wkUerblSnow=,eWmVwpX3VmIqrcMLANt5MEQfEGc=
4,-3,JEm13JRBeYSALVK3wkUerblSnow=,eWmVwpX3VmIqrcMLANt5MEQfEGc=
2,-4,JEm13JRBeYSALVK3wkUerblSnow=,eWmVwpX3VmIqrcMLANt5MEQfEGc=
1,-4,JEm13JRBeYSALVK3wkUerblSnow=,eWmVwpX3VmIqrcMLANt5MEQfEGc=
4,-4,JEm13JRBeYSALVK3wkUerblSnow=,eWmVwpX3VmIqrcMLANt5MEQfEGc=
4,-2,JEm13JRBeYSALVK3wkUerblSnow=,eWmVwpX3VmIqrcMLANt5MEQfEGc=
1,-5,JEm13JRBeYSALVK3wkUerblSnow=,eWmVwpX3VmIqrcMLANt5MEQfEGc=
8,-11,JEm13JRBeYSALVK3wkUerblSnow=,idU+Jcir4EBrERGPRDgHncKuXAE=
7,-12,JEm13JRBeYSALVK3wkUerblSnow=,eWmVwpX3VmIqrcMLANt5MEQfEGc=
7,-13,JEm13JRBeYSALVK3wkUerblSnow=,eWmVwpX3VmIqrcMLANt5MEQfEGc=
10,-12,JEm13JRBeYSALVK3wkUerblSnow=,idU+Jcir4EBrERGPRDgHncKuXAE=
9,-12,JEm13JRBeYSALVK3wkUerblSnow=,idU+Jcir4EBrERGPRDgHncKuXAE=
9,-11,JEm13JRBeYSALVK3wkUerblSnow=,idU+Jcir4EBrERGPRDgHncKuXAE=
8,-12,JEm13JRBeYSALVK3wkUerblSnow=,idU+Jcir4EBrERGPRDgHncKuXAE=
7,-10,JEm13JRBeYSALVK3wkUerblSnow=,eWmVwpX3VmIqrcMLANt5MEQfEGc=
10,-11,JEm13JRBeYSALVK3wkUerblSnow=,idU+Jcir4EBrERGPRDgHncKuXAE=
7,-11,JEm13JRBeYSALVK3wkUerblSnow=,eWmVwpX3VmIqrcMLANt5MEQfEGc=
8,-10,JEm13JRBeYSALVK3wkUerblSnow=,idU+Jcir4EBrERGPRDgHncKuXAE=
9,-13,JEm13JRBeYSALVK3wkUerblSnow=,idU+Jcir4EBrERGPRDgHncKuXAE=
7,-14,JEm13JRBeYSALVK3wkUerblSnow=,eWmVwpX3VmIqrcMLANt5MEQfEGc=
10,-10,JEm13JRBeYSALVK3wkUerblSnow=,idU+Jcir4EBrERGPRDgHncKuXAE=
8,-13,JEm13JRBeYSALVK3wkUerblSnow=,idU+Jcir4EBrERGPRDgHncKuXAE=
8,-15,JEm13JRBeYSALVK3wkUerblSnow=,idU+Jcir4EBrERGPRDgHncKuXAE=
10,-13,JEm13JRBeYSALVK3wkUerblSnow=,idU+Jcir4EBrERGPRDgHncKuXAE=
9,-10,JEm13JRBeYSALVK3wkUerblSnow=,idU+Jcir4EBrERGPRDgHncKuXAE=
10,-14,JEm13JRBeYSALVK3wkUerblSnow=,idU+Jcir4EBrERGPRDgHncKuXAE=
9,-14,JEm13JRBeYSALVK3wkUerblSnow=,idU+Jcir4EBrERGPRDgHncKuXAE=
10,-15,JEm13JRBeYSALVK3wkUerblSnow=,idU+Jcir4EBrERGPRDgHncKuXAE=
7,-15,JEm13JRBeYSALVK3wkUerblSnow=,eWmVwpX3VmIqrcMLANt5MEQfEGc=
8,-14,JEm13JRBeYSALVK3wkUerblSnow=,idU+Jcir4EBrERGPRDgHncKuXAE=
9,-15,JEm13JRBeYSALVK3wkUerblSnow=,idU+Jcir4EBrERGPRDgHncKuXAE=
7,-9,JEm13JRBeYSALVK3wkUerblSnow=,eWmVwpX3VmIqrcMLANt5MEQfEGc=
7,-6,JEm13JRBeYSALVK3wkUerblSnow=,eWmVwpX3VmIqrcMLANt5MEQfEGc=
8,-8,JEm13JRBeYSALVK3wkUerblSnow=,idU+Jcir4EBrERGPRDgHncKuXAE=
7,-7,JEm13JRBeYSALVK3wkUerblSnow=,eWmVwpX3VmIqrcMLANt5MEQfEGc=
9,-6,JEm13JRBeYSALVK3wkUerblSnow=,idU+Jcir4EBrERGPRDgHncKuXAE=
9,-8,JEm13JRBeYSALVK3wkUerblSnow=,idU+Jcir4EBrERGPRDgHncKuXAE=
10,-6,JEm13JRBeYSALVK3wkUerblSnow=,idU+Jcir4EBrERGPRDgHncKuXAE=
8,-9,JEm13JRBeYSALVK3wkUerblSnow=,idU+Jcir4EBrERGPRDgHncKuXAE=
8,-6,JEm13JRBeYSALVK3wkUerblSnow=,idU+Jcir4EBrERGPRDgHncKuXAE=
10,-7,JEm13JRBeYSALVK3wkUerblSnow=,idU+Jcir4EBrERGPRDgHncKuXAE=
10,-8,JEm13JRBeYSALVK3wkUerblSnow=,idU+Jcir4EBrERGPRDgHncKuXAE=
10,-9,JEm13JRBeYSALVK3wkUerblSnow=,idU+Jcir4EBrERGPRDgHncKuXAE=
9,-7,JEm13JRBeYSALVK3wkUerblSnow=,idU+Jcir4EBrERGPRDgHncKuXAE=
7,-8,JEm13JRBeYSALVK3wkUerblSnow=,eWmVwpX3VmIqrcMLANt5MEQfEGc=
9,-9,JEm13JRBeYSALVK3wkUerblSnow=,idU+Jcir4EBrERGPRDgHncKuXAE=
8,-7,JEm13JRBeYSALVK3wkUerblSnow=,idU+Jcir4EBrERGPRDgHncKuXAE=
8,-5,JEm13JRBeYSALVK3wkUerblSnow=,idU+Jcir4EBrERGPRDgHncKuXAE=
7,-4,JEm13JRBeYSALVK3wkUerblSnow=,eWmVwpX3VmIqrcMLANt5MEQfEGc=
10,-4,JEm13JRBeYSALVK3wkUerblSnow=,idU+Jcir4EBrERGPRDgHncKuXAE=
9,-4,JEm13JRBeYSALVK3wkUerblSnow=,idU+Jcir4EBrERGPRDgHncKuXAE=
7,-2,JEm13JRBeYSALVK3wkUerblSnow=,eWmVwpX3VmIqrcMLANt5MEQfEGc=
8,-4,JEm13JRBeYSALVK3wkUerblSnow=,idU+Jcir4EBrERGPRDgHncKuXAE=
10,-2,JEm13JRBeYSALVK3wkUerblSnow=,idU+Jcir4EBrERGPRDgHncKuXAE=
7,-5,JEm13JRBeYSALVK3wkUerblSnow=,eWmVwpX3VmIqrcMLANt5MEQfEGc=
8,-3,JEm13JRBeYSALVK3wkUerblSnow=,idU+Jcir4EBrERGPRDgHncKuXAE=
9,-3,JEm13JRBeYSALVK3wkUerblSnow=,idU+Jcir4EBrERGPRDgHncKuXAE=
9,-2,JEm13JRBeYSALVK3wkUerblSnow=,idU+Jcir4EBrERGPRDgHncKuXAE=
9,-5,JEm13JRBeYSALVK3wkUerblSnow=,idU+Jcir4EBrERGPRDgHncKuXAE=
10,-3,JEm13JRBeYSALVK3wkUerblSnow=,idU+Jcir4EBrERGPRDgHncKuXAE=
8,-2,JEm13JRBeYSALVK3wkUerblSnow=,idU+Jcir4EBrERGPRDgHncKuXAE=
10,-5,JEm13JRBeYSALVK3wkUerblSnow=,idU+Jcir4EBrERGPRDgHncKuXAE=
7,-3,JEm13JRBeYSALVK3wkUerblSnow=,eWmVwpX3VmIqrcMLANt5MEQfEGc=
13,-11,JEm13JRBeYSALVK3wkUerblSnow=,idU+Jcir4EBrERGPRDgHncKuXAE=
13,-10,JEm13JRBeYSALVK3wkUerblSnow=,idU+Jcir4EBrERGPRDgHncKuXAE=
11,-11,JEm13JRBeYSALVK3wkUerblSnow=,idU+Jcir4EBrERGPRDgHncKuXAE=
14,-10,JEm13JRBeYSALVK3wkUerblSnow=,idU+Jcir4EBrERGPRDgHncKuXAE=
14,-11,JEm13JRBeYSALVK3wkUerblSnow=,idU+Jcir4EBrERGPRDgHncKuXAE=
12,-10,JEm13JRBeYSALVK3wkUerblSnow=,idU+Jcir4EBrERGPRDgHncKuXAE=
12,-11,JEm13JRBeYSALVK3wkUerblSnow=,idU+Jcir4EBrERGPRDgHncKuXAE=
11,-10,JEm13JRBeYSALVK3wkUerblSnow=,idU+Jcir4EBrERGPRDgHncKuXAE=
15,-10,JEm13JRBeYSALVK3wkUerblSnow=,idU+Jcir4EBrERGPRDgHncKuXAE=
15,-11,JEm13JRBeYSALVK3wkUerblSnow=,idU+Jcir4EBrERGPRDgHncKuXAE=
9,-16,JEm13JRBeYSALVK3wkUerblSnow=,idU+Jcir4EBrERGPRDgHncKuXAE=
10,-16,JEm13JRBeYSALVK3wkUerblSnow=,idU+Jcir4EBrERGPRDgHncKuXAE=
5,-16,JEm13JRBeYSALVK3wkUerblSnow=,eWmVwpX3VmIqrcMLANt5MEQfEGc=
8,-16,JEm13JRBeYSALVK3wkUerblSnow=,idU+Jcir4EBrERGPRDgHncKuXAE=
6,-16,JEm13JRBeYSALVK3wkUerblSnow=,eWmVwpX3VmIqrcMLANt5MEQfEGc=
7,-16,JEm13JRBeYSALVK3wkUerblSnow=,eWmVwpX3VmIqrcMLANt5MEQfEGc=
4,-16,JEm13JRBeYSALVK3wkUerblSnow=,eWmVwpX3VmIqrcMLANt5MEQfEGc=
2,-16,JEm13JRBeYSALVK3wkUerblSnow=,eWmVwpX3VmIqrcMLANt5MEQfEGc=
3,-16,JEm13JRBeYSALVK3wkUerblSnow=,eWmVwpX3VmIqrcMLANt5MEQfEGc=
1,-16,JEm13JRBeYSALVK3wkUerblSnow=,eWmVwpX3VmIqrcMLANt5MEQfEGc=
10,-1,JEm13JRBeYSALVK3wkUerblSnow=,idU+Jcir4EBrERGPRDgHncKuXAE=
9,-1,JEm13JRBeYSALVK3wkUerblSnow=,idU+Jcir4EBrERGPRDgHncKuXAE=
5,-1,JEm13JRBeYSALVK3wkUerblSnow=,eWmVwpX3VmIqrcMLANt5MEQfEGc=
8,-1,JEm13JRBeYSALVK3wkUerblSnow=,idU+Jcir4EBrERGPRDgHncKuXAE=
15,-9,JEm13JRBeYSALVK3wkUerblSnow=,idU+Jcir4EBrERGPRDgHncKuXAE=
15,-14,JEm13JRBeYSALVK3wkUerblSnow=,idU+Jcir4EBrERGPRDgHncKuXAE=
12,-13,JEm13JRBeYSALVK3wkUerblSnow=,idU+Jcir4EBrERGPRDgHncKuXAE=
13,-13,JEm13JRBeYSALVK3wkUerblSnow=,idU+Jcir4EBrERGPRDgHncKuXAE=
7,-1,JEm13JRBeYSALVK3wkUerblSnow=,eWmVwpX3VmIqrcMLANt5MEQfEGc=
14,-16,JEm13JRBeYSALVK3wkUerblSnow=,idU+Jcir4EBrERGPRDgHncKuXAE=
14,-14,JEm13JRBeYSALVK3wkUerblSnow=,idU+Jcir4EBrERGPRDgHncKuXAE=
13,-15,JEm13JRBeYSALVK3wkUerblSnow=,idU+Jcir4EBrERGPRDgHncKuXAE=
12,-12,JEm13JRBeYSALVK3wkUerblSnow=,idU+Jcir4EBrERGPRDgHncKuXAE=
13,-7,JEm13JRBeYSALVK3wkUerblSnow=,idU+Jcir4EBrERGPRDgHncKuXAE=
13,-8,JEm13JRBeYSALVK3wkUerblSnow=,idU+Jcir4EBrERGPRDgHncKuXAE=
1,-1,JEm13JRBeYSALVK3wkUerblSnow=,eWmVwpX3VmIqrcMLANt5MEQfEGc=
15,-16,JEm13JRBeYSALVK3wkUerblSnow=,idU+Jcir4EBrERGPRDgHncKuXAE=
3,-1,JEm13JRBeYSALVK3wkUerblSnow=,eWmVwpX3VmIqrcMLANt5MEQfEGc=
12,-15,JEm13JRBeYSALVK3wkUerblSnow=,idU+Jcir4EBrERGPRDgHncKuXAE=
13,-14,JEm13JRBeYSALVK3wkUerblSnow=,idU+Jcir4EBrERGPRDgHncKuXAE=
15,-12,JEm13JRBeYSALVK3wkUerblSnow=,idU+Jcir4EBrERGPRDgHncKuXAE=
13,-6,JEm13JRBeYSALVK3wkUerblSnow=,idU+Jcir4EBrERGPRDgHncKuXAE=
12,-8,JEm13JRBeYSALVK3wkUerblSnow=,idU+Jcir4EBrERGPRDgHncKuXAE=
11,-8,JEm13JRBeYSALVK3wkUerblSnow=,idU+Jcir4EBrERGPRDgHncKuXAE=
11,-15,JEm13JRBeYSALVK3wkUerblSnow=,idU+Jcir4EBrERGPRDgHncKuXAE=
14,-13,JEm13JRBeYSALVK3wkUerblSnow=,idU+Jcir4EBrERGPRDgHncKuXAE=
15,-13,JEm13JRBeYSALVK3wkUerblSnow=,idU+Jcir4EBrERGPRDgHncKuXAE=
14,-15,JEm13JRBeYSALVK3wkUerblSnow=,idU+Jcir4EBrERGPRDgHncKuXAE=
11,-9,JEm13JRBeYSALVK3wkUerblSnow=,idU+Jcir4EBrERGPRDgHncKuXAE=
14,-8,JEm13JRBeYSALVK3wkUerblSnow=,idU+Jcir4EBrERGPRDgHncKuXAE=
12,-7,JEm13JRBeYSALVK3wkUerblSnow=,idU+Jcir4EBrERGPRDgHncKuXAE=
12,-14,JEm13JRBeYSALVK3wkUerblSnow=,idU+Jcir4EBrERGPRDgHncKuXAE=
14,-12,JEm13JRBeYSALVK3wkUerblSnow=,idU+Jcir4EBrERGPRDgHncKuXAE=
13,-12,JEm13JRBeYSALVK3wkUerblSnow=,idU+Jcir4EBrERGPRDgHncKuXAE=
6,-1,JEm13JRBeYSALVK3wkUerblSnow=,eWmVwpX3VmIqrcMLANt5MEQfEGc=
4,-1,JEm13JRBeYSALVK3wkUerblSnow=,eWmVwpX3VmIqrcMLANt5MEQfEGc=
15,-15,JEm13JRBeYSALVK3wkUerblSnow=,idU+Jcir4EBrERGPRDgHncKuXAE=
14,-6,JEm13JRBeYSALVK3wkUerblSnow=,idU+Jcir4EBrERGPRDgHncKuXAE=
12,-9,JEm13JRBeYSALVK3wkUerblSnow=,idU+Jcir4EBrERGPRDgHncKuXAE=
12,-6,JEm13JRBeYSALVK3wkUerblSnow=,idU+Jcir4EBrERGPRDgHncKuXAE=
11,-16,JEm13JRBeYSALVK3wkUerblSnow=,idU+Jcir4EBrERGPRDgHncKuXAE=
15,-7,JEm13JRBeYSALVK3wkUerblSnow=,idU+Jcir4EBrERGPRDgHncKuXAE=
14,-9,JEm13JRBeYSALVK3wkUerblSnow=,idU+Jcir4EBrERGPRDgHncKuXAE=
11,-13,JEm13JRBeYSALVK3wkUerblSnow=,idU+Jcir4EBrERGPRDgHncKuXAE=
13,-9,JEm13JRBeYSALVK3wkUerblSnow=,idU+Jcir4EBrERGPRDgHncKuXAE=
15,-8,JEm13JRBeYSALVK3wkUerblSnow=,idU+Jcir4EBrERGPRDgHncKuXAE=
12,-16,JEm13JRBeYSALVK3wkUerblSnow=,idU+Jcir4EBrERGPRDgHncKuXAE=
15,-6,JEm13JRBeYSALVK3wkUerblSnow=,idU+Jcir4EBrERGPRDgHncKuXAE=
14,-7,JEm13JRBeYSALVK3wkUerblSnow=,idU+Jcir4EBrERGPRDgHncKuXAE=
11,-6,JEm13JRBeYSALVK3wkUerblSnow=,idU+Jcir4EBrERGPRDgHncKuXAE=
11,-7,JEm13JRBeYSALVK3wkUerblSnow=,idU+Jcir4EBrERGPRDgHncKuXAE=
0,-7,JEm13JRBeYSALVK3wkUerblSnow=,eWmVwpX3VmIqrcMLANt5MEQfEGc=
13,-16,JEm13JRBeYSALVK3wkUerblSnow=,idU+Jcir4EBrERGPRDgHncKuXAE=
11,-12,JEm13JRBeYSALVK3wkUerblSnow=,idU+Jcir4EBrERGPRDgHncKuXAE=
11,-14,JEm13JRBeYSALVK3wkUerblSnow=,idU+Jcir4EBrERGPRDgHncKuXAE=
0,-6,JEm13JRBeYSALVK3wkUerblSnow=,eWmVwpX3VmIqrcMLANt5MEQfEGc=
2,-1,JEm13JRBeYSALVK3wkUerblSnow=,eWmVwpX3VmIqrcMLANt5MEQfEGc=
0,-3,JEm13JRBeYSALVK3wkUerblSnow=,eWmVwpX3VmIqrcMLANt5MEQfEGc=
0,-4,JEm13JRBeYSALVK3wkUerblSnow=,eWmVwpX3VmIqrcMLANt5MEQfEGc=
0,-5,JEm13JRBeYSALVK3wkUerblSnow=,eWmVwpX3VmIqrcMLANt5MEQfEGc=
12,-3,JEm13JRBeYSALVK3wkUerblSnow=,idU+Jcir4EBrERGPRDgHncKuXAE=
0,-15,JEm13JRBeYSALVK3wkUerblSnow=,eWmVwpX3VmIqrcMLANt5MEQfEGc=
0,-16,JEm13JRBeYSALVK3wkUerblSnow=,eWmVwpX3VmIqrcMLANt5MEQfEGc=
0,-13,JEm13JRBeYSALVK3wkUerblSnow=,eWmVwpX3VmIqrcMLANt5MEQfEGc=
0,-1,JEm13JRBeYSALVK3wkUerblSnow=,eWmVwpX3VmIqrcMLANt5MEQfEGc=
14,-2,JEm13JRBeYSALVK3wkUerblSnow=,idU+Jcir4EBrERGPRDgHncKuXAE=
12,-5,JEm13JRBeYSALVK3wkUerblSnow=,idU+Jcir4EBrERGPRDgHncKuXAE=
15,-5,JEm13JRBeYSALVK3wkUerblSnow=,idU+Jcir4EBrERGPRDgHncKuXAE=
11,-4,JEm13JRBeYSALVK3wkUerblSnow=,idU+Jcir4EBrERGPRDgHncKuXAE=
0,-14,JEm13JRBeYSALVK3wkUerblSnow=,eWmVwpX3VmIqrcMLANt5MEQfEGc=
0,-9,JEm13JRBeYSALVK3wkUerblSnow=,eWmVwpX3VmIqrcMLANt5MEQfEGc=
13,-2,JEm13JRBeYSALVK3wkUerblSnow=,idU+Jcir4EBrERGPRDgHncKuXAE=
12,-2,JEm13JRBeYSALVK3wkUerblSnow=,idU+Jcir4EBrERGPRDgHncKuXAE=
13,-5,JEm13JRBeYSALVK3wkUerblSnow=,idU+Jcir4EBrERGPRDgHncKuXAE=
0,-2,JEm13JRBeYSALVK3wkUerblSnow=,eWmVwpX3VmIqrcMLANt5MEQfEGc=
0,-10,JEm13JRBeYSALVK3wkUerblSnow=,eWmVwpX3VmIqrcMLANt5MEQfEGc=
14,-5,JEm13JRBeYSALVK3wkUerblSnow=,idU+Jcir4EBrERGPRDgHncKuXAE=
14,-4,JEm13JRBeYSALVK3wkUerblSnow=,idU+Jcir4EBrERGPRDgHncKuXAE=
15,-3,JEm13JRBeYSALVK3wkUerblSnow=,idU+Jcir4EBrERGPRDgHncKuXAE=
15,-4,JEm13JRBeYSALVK3wkUerblSnow=,idU+Jcir4EBrERGPRDgHncKuXAE=
11,-5,JEm13JRBeYSALVK3wkUerblSnow=,idU+Jcir4EBrERGPRDgHncKuXAE=
14,-1,JEm13JRBeYSALVK3wkUerblSnow=,idU+Jcir4EBrERGPRDgHncKuXAE=
12,-4,JEm13JRBeYSALVK3wkUerblSnow=,idU+Jcir4EBrERGPRDgHncKuXAE=
14,-3,JEm13JRBeYSALVK3wkUerblSnow=,idU+Jcir4EBrERGPRDgHncKuXAE=
13,-1,JEm13JRBeYSALVK3wkUerblSnow=,idU+Jcir4EBrERGPRDgHncKuXAE=
13,-3,JEm13JRBeYSALVK3wkUerblSnow=,idU+Jcir4EBrERGPRDgHncKuXAE=
15,-2,JEm13JRBeYSALVK3wkUerblSnow=,idU+Jcir4EBrERGPRDgHncKuXAE=
0,-12,JEm13JRBeYSALVK3wkUerblSnow=,eWmVwpX3VmIqrcMLANt5MEQfEGc=
0,-8,JEm13JRBeYSALVK3wkUerblSnow=,eWmVwpX3VmIqrcMLANt5MEQfEGc=
11,-2,JEm13JRBeYSALVK3wkUerblSnow=,idU+Jcir4EBrERGPRDgHncKuXAE=
15,-1,JEm13JRBeYSALVK3wkUerblSnow=,idU+Jcir4EBrERGPRDgHncKuXAE=
12,-1,JEm13JRBeYSALVK3wkUerblSnow=,idU+Jcir4EBrERGPRDgHncKuXAE=
0,-11,JEm13JRBeYSALVK3wkUerblSnow=,eWmVwpX3VmIqrcMLANt5MEQfEGc=
11,-1,JEm13JRBeYSALVK3wkUerblSnow=,idU+Jcir4EBrERGPRDgHncKuXAE=
11,-3,JEm13JRBeYSALVK3wkUerblSnow=,idU+Jcir4EBrERGPRDgHncKuXAE=
13,-4,JEm13JRBeYSALVK3wkUerblSnow=,idU+Jcir4EBrERGPRDgHncKuXAE=
