6,14,JQ6H496NUSm5h1wlhEPZxQQsjqc=,TnvyYlTWSAzKLnIkRjaEVOl05A8=
5,14,JQ6H496NUSm5h1wlhEPZxQQsjqc=,TnvyYlTWSAzKLnIkRjaEVOl05A8=
4,14,JQ6H496NUSm5h1wlhEPZxQQsjqc=,TnvyYlTWSAzKLnIkRjaEVOl05A8=
3,14,JQ6H496NUSm5h1wlhEPZxQQsjqc=,TnvyYlTWSAzKLnIkRjaEVOl05A8=
1,10,JQ6H496NUSm5h1wlhEPZxQQsjqc=,TnvyYlTWSAzKLnIkRjaEVOl05A8=
1,11,JQ6H496NUSm5h1wlhEPZxQQsjqc=,TnvyYlTWSAzKLnIkRjaEVOl05A8=
2,14,JQ6H496NUSm5h1wlhEPZxQQsjqc=,TnvyYlTWSAzKLnIkRjaEVOl05A8=
6,11,JQ6H496NUSm5h1wlhEPZxQQsjqc=,TnvyYlTWSAzKLnIkRjaEVOl05A8=
1,9,JQ6H496NUSm5h1wlhEPZxQQsjqc=,TnvyYlTWSAzKLnIkRjaEVOl05A8=
5,11,JQ6H496NUSm5h1wlhEPZxQQsjqc=,TnvyYlTWSAzKLnIkRjaEVOl05A8=
6,10,JQ6H496NUSm5h1wlhEPZxQQsjqc=,TnvyYlTWSAzKLnIkRjaEVOl05A8=
5,10,JQ6H496NUSm5h1wlhEPZxQQsjqc=,TnvyYlTWSAzKLnIkRjaEVOl05A8=
4,11,JQ6H496NUSm5h1wlhEPZxQQsjqc=,TnvyYlTWSAzKLnIkRjaEVOl05A8=
4,10,JQ6H496NUSm5h1wlhEPZxQQsjqc=,TnvyYlTWSAzKLnIkRjaEVOl05A8=
3,10,JQ6H496NUSm5h1wlhEPZxQQsjqc=,TnvyYlTWSAzKLnIkRjaEVOl05A8=
2,10,JQ6H496NUSm5h1wlhEPZxQQsjqc=,TnvyYlTWSAzKLnIkRjaEVOl05A8=
3,11,JQ6H496NUSm5h1wlhEPZxQQsjqc=,TnvyYlTWSAzKLnIkRjaEVOl05A8=
2,11,JQ6H496NUSm5h1wlhEPZxQQsjqc=,TnvyYlTWSAzKLnIkRjaEVOl05A8=
6,9,JQ6H496NUSm5h1wlhEPZxQQsjqc=,TnvyYlTWSAzKLnIkRjaEVOl05A8=
5,9,JQ6H496NUSm5h1wlhEPZxQQsjqc=,TnvyYlTWSAzKLnIkRjaEVOl05A8=
4,9,JQ6H496NUSm5h1wlhEPZxQQsjqc=,TnvyYlTWSAzKLnIkRjaEVOl05A8=
3,9,JQ6H496NUSm5h1wlhEPZxQQsjqc=,TnvyYlTWSAzKLnIkRjaEVOl05A8=
2,9,JQ6H496NUSm5h1wlhEPZxQQsjqc=,TnvyYlTWSAzKLnIkRjaEVOl05A8=
1,12,JQ6H496NUSm5h1wlhEPZxQQsjqc=,TnvyYlTWSAzKLnIkRjaEVOl05A8=
2,12,JQ6H496NUSm5h1wlhEPZxQQsjqc=,TnvyYlTWSAzKLnIkRjaEVOl05A8=
3,12,JQ6H496NUSm5h1wlhEPZxQQsjqc=,TnvyYlTWSAzKLnIkRjaEVOl05A8=
4,12,JQ6H496NUSm5h1wlhEPZxQQsjqc=,TnvyYlTWSAzKLnIkRjaEVOl05A8=
5,12,JQ6H496NUSm5h1wlhEPZxQQsjqc=,TnvyYlTWSAzKLnIkRjaEVOl05A8=
6,12,JQ6H496NUSm5h1wlhEPZxQQsjqc=,TnvyYlTWSAzKLnIkRjaEVOl05A8=
1,13,JQ6H496NUSm5h1wlhEPZxQQsjqc=,TnvyYlTWSAzKLnIkRjaEVOl05A8=
2,13,JQ6H496NUSm5h1wlhEPZxQQsjqc=,TnvyYlTWSAzKLnIkRjaEVOl05A8=
3,13,JQ6H496NUSm5h1wlhEPZxQQsjqc=,TnvyYlTWSAzKLnIkRjaEVOl05A8=
4,13,JQ6H496NUSm5h1wlhEPZxQQsjqc=,TnvyYlTWSAzKLnIkRjaEVOl05A8=
5,13,JQ6H496NUSm5h1wlhEPZxQQsjqc=,TnvyYlTWSAzKLnIkRjaEVOl05A8=
6,13,JQ6H496NUSm5h1wlhEPZxQQsjqc=,TnvyYlTWSAzKLnIkRjaEVOl05A8=
1,14,JQ6H496NUSm5h1wlhEPZxQQsjqc=,TnvyYlTWSAzKLnIkRjaEVOl05A8=
14,14,JQ6H496NUSm5h1wlhEPZxQQsjqc=,TnvyYlTWSAzKLnIkRjaEVOl05A8=
13,14,JQ6H496NUSm5h1wlhEPZxQQsjqc=,TnvyYlTWSAzKLnIkRjaEVOl05A8=
12,14,JQ6H496NUSm5h1wlhEPZxQQsjqc=,TnvyYlTWSAzKLnIkRjaEVOl05A8=
11,14,JQ6H496NUSm5h1wlhEPZxQQsjqc=,TnvyYlTWSAzKLnIkRjaEVOl05A8=
10,14,JQ6H496NUSm5h1wlhEPZxQQsjqc=,TnvyYlTWSAzKLnIkRjaEVOl05A8=
9,14,JQ6H496NUSm5h1wlhEPZxQQsjqc=,TnvyYlTWSAzKLnIkRjaEVOl05A8=
8,14,JQ6H496NUSm5h1wlhEPZxQQsjqc=,TnvyYlTWSAzKLnIkRjaEVOl05A8=
14,13,JQ6H496NUSm5h1wlhEPZxQQsjqc=,TnvyYlTWSAzKLnIkRjaEVOl05A8=
13,13,JQ6H496NUSm5h1wlhEPZxQQsjqc=,TnvyYlTWSAzKLnIkRjaEVOl05A8=
12,13,JQ6H496NUSm5h1wlhEPZxQQsjqc=,TnvyYlTWSAzKLnIkRjaEVOl05A8=
11,13,JQ6H496NUSm5h1wlhEPZxQQsjqc=,TnvyYlTWSAzKLnIkRjaEVOl05A8=
10,13,JQ6H496NUSm5h1wlhEPZxQQsjqc=,TnvyYlTWSAzKLnIkRjaEVOl05A8=
9,13,JQ6H496NUSm5h1wlhEPZxQQsjqc=,TnvyYlTWSAzKLnIkRjaEVOl05A8=
8,13,JQ6H496NUSm5h1wlhEPZxQQsjqc=,TnvyYlTWSAzKLnIkRjaEVOl05A8=
14,12,JQ6H496NUSm5h1wlhEPZxQQsjqc=,TnvyYlTWSAzKLnIkRjaEVOl05A8=
13,12,JQ6H496NUSm5h1wlhEPZxQQsjqc=,TnvyYlTWSAzKLnIkRjaEVOl05A8=
12,12,JQ6H496NUSm5h1wlhEPZxQQsjqc=,TnvyYlTWSAzKLnIkRjaEVOl05A8=
11,12,JQ6H496NUSm5h1wlhEPZxQQsjqc=,TnvyYlTWSAzKLnIkRjaEVOl05A8=
10,12,JQ6H496NUSm5h1wlhEPZxQQsjqc=,TnvyYlTWSAzKLnIkRjaEVOl05A8=
9,12,JQ6H496NUSm5h1wlhEPZxQQsjqc=,TnvyYlTWSAzKLnIkRjaEVOl05A8=
8,12,JQ6H496NUSm5h1wlhEPZxQQsjqc=,TnvyYlTWSAzKLnIkRjaEVOl05A8=
14,11,JQ6H496NUSm5h1wlhEPZxQQsjqc=,TnvyYlTWSAzKLnIkRjaEVOl05A8=
13,11,JQ6H496NUSm5h1wlhEPZxQQsjqc=,TnvyYlTWSAzKLnIkRjaEVOl05A8=
12,11,JQ6H496NUSm5h1wlhEPZxQQsjqc=,TnvyYlTWSAzKLnIkRjaEVOl05A8=
11,11,JQ6H496NUSm5h1wlhEPZxQQsjqc=,TnvyYlTWSAzKLnIkRjaEVOl05A8=
10,11,JQ6H496NUSm5h1wlhEPZxQQsjqc=,TnvyYlTWSAzKLnIkRjaEVOl05A8=
9,11,JQ6H496NUSm5h1wlhEPZxQQsjqc=,TnvyYlTWSAzKLnIkRjaEVOl05A8=
8,11,JQ6H496NUSm5h1wlhEPZxQQsjqc=,TnvyYlTWSAzKLnIkRjaEVOl05A8=
14,10,JQ6H496NUSm5h1wlhEPZxQQsjqc=,TnvyYlTWSAzKLnIkRjaEVOl05A8=
13,10,JQ6H496NUSm5h1wlhEPZxQQsjqc=,TnvyYlTWSAzKLnIkRjaEVOl05A8=
12,10,JQ6H496NUSm5h1wlhEPZxQQsjqc=,TnvyYlTWSAzKLnIkRjaEVOl05A8=
11,10,JQ6H496NUSm5h1wlhEPZxQQsjqc=,TnvyYlTWSAzKLnIkRjaEVOl05A8=
10,10,JQ6H496NUSm5h1wlhEPZxQQsjqc=,TnvyYlTWSAzKLnIkRjaEVOl05A8=
9,10,JQ6H496NUSm5h1wlhEPZxQQsjqc=,TnvyYlTWSAzKLnIkRjaEVOl05A8=
8,10,JQ6H496NUSm5h1wlhEPZxQQsjqc=,TnvyYlTWSAzKLnIkRjaEVOl05A8=
14,9,JQ6H496NUSm5h1wlhEPZxQQsjqc=,TnvyYlTWSAzKLnIkRjaEVOl05A8=
13,9,JQ6H496NUSm5h1wlhEPZxQQsjqc=,TnvyYlTWSAzKLnIkRjaEVOl05A8=
12,9,JQ6H496NUSm5h1wlhEPZxQQsjqc=,TnvyYlTWSAzKLnIkRjaEVOl05A8=
11,9,JQ6H496NUSm5h1wlhEPZxQQsjqc=,TnvyYlTWSAzKLnIkRjaEVOl05A8=
10,9,JQ6H496NUSm5h1wlhEPZxQQsjqc=,TnvyYlTWSAzKLnIkRjaEVOl05A8=
9,9,JQ6H496NUSm5h1wlhEPZxQQsjqc=,TnvyYlTWSAzKLnIkRjaEVOl05A8=
8,9,JQ6H496NUSm5h1wlhEPZxQQsjqc=,TnvyYlTWSAzKLnIkRjaEVOl05A8=
7,14,JQ6H496NUSm5h1wlhEPZxQQsjqc=,TnvyYlTWSAzKLnIkRjaEVOl05A8=
7,13,JQ6H496NUSm5h1wlhEPZxQQsjqc=,TnvyYlTWSAzKLnIkRjaEVOl05A8=
7,12,JQ6H496NUSm5h1wlhEPZxQQsjqc=,TnvyYlTWSAzKLnIkRjaEVOl05A8=
7,10,JQ6H496NUSm5h1wlhEPZxQQsjqc=,TnvyYlTWSAzKLnIkRjaEVOl05A8=
7,11,JQ6H496NUSm5h1wlhEPZxQQsjqc=,TnvyYlTWSAzKLnIkRjaEVOl05A8=
7,9,JQ6H496NUSm5h1wlhEPZxQQsjqc=,TnvyYlTWSAzKLnIkRjaEVOl05A8=
0,14,JQ6H496NUSm5h1wlhEPZxQQsjqc=,TnvyYlTWSAzKLnIkRjaEVOl05A8=
0,13,JQ6H496NUSm5h1wlhEPZxQQsjqc=,TnvyYlTWSAzKLnIkRjaEVOl05A8=
0,12,JQ6H496NUSm5h1wlhEPZxQQsjqc=,TnvyYlTWSAzKLnIkRjaEVOl05A8=
0,9,JQ6H496NUSm5h1wlhEPZxQQsjqc=,TnvyYlTWSAzKLnIkRjaEVOl05A8=
0,11,JQ6H496NUSm5h1wlhEPZxQQsjqc=,TnvyYlTWSAzKLnIkRjaEVOl05A8=
0,10,JQ6H496NUSm5h1wlhEPZxQQsjqc=,TnvyYlTWSAzKLnIkRjaEVOl05A8=
15,14,JQ6H496NUSm5h1wlhEPZxQQsjqc=,TnvyYlTWSAzKLnIkRjaEVOl05A8=
15,13,JQ6H496NUSm5h1wlhEPZxQQsjqc=,TnvyYlTWSAzKLnIkRjaEVOl05A8=
15,12,JQ6H496NUSm5h1wlhEPZxQQsjqc=,TnvyYlTWSAzKLnIkRjaEVOl05A8=
15,11,JQ6H496NUSm5h1wlhEPZxQQsjqc=,TnvyYlTWSAzKLnIkRjaEVOl05A8=
15,10,JQ6H496NUSm5h1wlhEPZxQQsjqc=,TnvyYlTWSAzKLnIkRjaEVOl05A8=
15,9,JQ6H496NUSm5h1wlhEPZxQQsjqc=,TnvyYlTWSAzKLnIkRjaEVOl05A8=
14,15,JQ6H496NUSm5h1wlhEPZxQQsjqc=,TnvyYlTWSAzKLnIkRjaEVOl05A8=
13,15,JQ6H496NUSm5h1wlhEPZxQQsjqc=,TnvyYlTWSAzKLnIkRjaEVOl05A8=
12,15,JQ6H496NUSm5h1wlhEPZxQQsjqc=,TnvyYlTWSAzKLnIkRjaEVOl05A8=
11,15,JQ6H496NUSm5h1wlhEPZxQQsjqc=,TnvyYlTWSAzKLnIkRjaEVOl05A8=
10,15,JQ6H496NUSm5h1wlhEPZxQQsjqc=,TnvyYlTWSAzKLnIkRjaEVOl05A8=
9,15,JQ6H496NUSm5h1wlhEPZxQQsjqc=,TnvyYlTWSAzKLnIkRjaEVOl05A8=
8,15,JQ6H496NUSm5h1wlhEPZxQQsjqc=,TnvyYlTWSAzKLnIkRjaEVOl05A8=
7,15,JQ6H496NUSm5h1wlhEPZxQQsjqc=,TnvyYlTWSAzKLnIkRjaEVOl05A8=
6,15,JQ6H496NUSm5h1wlhEPZxQQsjqc=,TnvyYlTWSAzKLnIkRjaEVOl05A8=
5,15,JQ6H496NUSm5h1wlhEPZxQQsjqc=,TnvyYlTWSAzKLnIkRjaEVOl05A8=
4,15,JQ6H496NUSm5h1wlhEPZxQQsjqc=,TnvyYlTWSAzKLnIkRjaEVOl05A8=
3,15,JQ6H496NUSm5h1wlhEPZxQQsjqc=,TnvyYlTWSAzKLnIkRjaEVOl05A8=
2,15,JQ6H496NUSm5h1wlhEPZxQQsjqc=,TnvyYlTWSAzKLnIkRjaEVOl05A8=
1,15,JQ6H496NUSm5h1wlhEPZxQQsjqc=,TnvyYlTWSAzKLnIkRjaEVOl05A8=
0,15,JQ6H496NUSm5h1wlhEPZxQQsjqc=,TnvyYlTWSAzKLnIkRjaEVOl05A8=
15,15,JQ6H496NUSm5h1wlhEPZxQQsjqc=,TnvyYlTWSAzKLnIkRjaEVOl05A8=
15,7,JQ6H496NUSm5h1wlhEPZxQQsjqc=,TnvyYlTWSAzKLnIkRjaEVOl05A8=
9,8,JQ6H496NUSm5h1wlhEPZxQQsjqc=,TnvyYlTWSAzKLnIkRjaEVOl05A8=
10,8,JQ6H496NUSm5h1wlhEPZxQQsjqc=,TnvyYlTWSAzKLnIkRjaEVOl05A8=
11,8,JQ6H496NUSm5h1wlhEPZxQQsjqc=,TnvyYlTWSAzKLnIkRjaEVOl05A8=
15,8,JQ6H496NUSm5h1wlhEPZxQQsjqc=,TnvyYlTWSAzKLnIkRjaEVOl05A8=
12,8,JQ6H496NUSm5h1wlhEPZxQQsjqc=,TnvyYlTWSAzKLnIkRjaEVOl05A8=
14,7,JQ6H496NUSm5h1wlhEPZxQQsjqc=,TnvyYlTWSAzKLnIkRjaEVOl05A8=
14,8,JQ6H496NUSm5h1wlhEPZxQQsjqc=,TnvyYlTWSAzKLnIkRjaEVOl05A8=
13,8,JQ6H496NUSm5h1wlhEPZxQQsjqc=,TnvyYlTWSAzKLnIkRjaEVOl05A8=
9,0,JQ6H496NUSm5h1wlhEPZxQQsjqc=,TnvyYlTWSAzKLnIkRjaEVOl05A8=
13,7,JQ6H496NUSm5h1wlhEPZxQQsjqc=,TnvyYlTWSAzKLnIkRjaEVOl05A8=
10,0,JQ6H496NUSm5h1wlhEPZxQQsjqc=,TnvyYlTWSAzKLnIkRjaEVOl05A8=
14,0,JQ6H496NUSm5h1wlhEPZxQQsjqc=,TnvyYlTWSAzKLnIkRjaEVOl05A8=
15,0,JQ6H496NUSm5h1wlhEPZxQQsjqc=,TnvyYlTWSAzKLnIkRjaEVOl05A8=
11,0,JQ6H496NUSm5h1wlhEPZxQQsjqc=,TnvyYlTWSAzKLnIkRjaEVOl05A8=
12,0,JQ6H496NUSm5h1wlhEPZxQQsjqc=,TnvyYlTWSAzKLnIkRjaEVOl05A8=
13,0,JQ6H496NUSm5h1wlhEPZxQQsjqc=,TnvyYlTWSAzKLnIkRjaEVOl05A8=
12,7,JQ6H496NUSm5h1wlhEPZxQQsjqc=,TnvyYlTWSAzKLnIkRjaEVOl05A8=
9,1,JQ6H496NUSm5h1wlhEPZxQQsjqc=,TnvyYlTWSAzKLnIkRjaEVOl05A8=
10,1,JQ6H496NUSm5h1wlhEPZxQQsjqc=,TnvyYlTWSAzKLnIkRjaEVOl05A8=
11,7,JQ6H496NUSm5h1wlhEPZxQQsjqc=,TnvyYlTWSAzKLnIkRjaEVOl05A8=
11,1,JQ6H496NUSm5h1wlhEPZxQQsjqc=,TnvyYlTWSAzKLnIkRjaEVOl05A8=
12,1,HXUGuWrtKA07RfUdjeawblGDN2Y=,TnvyYlTWSAzKLnIkRjaEVOl05A8=
14,1,HXUGuWrtKA07RfUdjeawblGDN2Y=,TnvyYlTWSAzKLnIkRjaEVOl05A8=
13,1,HXUGuWrtKA07RfUdjeawblGDN2Y=,TnvyYlTWSAzKLnIkRjaEVOl05A8=
15,1,HXUGuWrtKA07RfUdjeawblGDN2Y=,TnvyYlTWSAzKLnIkRjaEVOl05A8=
10,7,HXUGuWrtKA07RfUdjeawblGDN2Y=,TnvyYlTWSAzKLnIkRjaEVOl05A8=
9,7,HXUGuWrtKA07RfUdjeawblGDN2Y=,TnvyYlTWSAzKLnIkRjaEVOl05A8=
15,6,HXUGuWrtKA07RfUdjeawblGDN2Y=,TnvyYlTWSAzKLnIkRjaEVOl05A8=
9,2,HXUGuWrtKA07RfUdjeawblGDN2Y=,TnvyYlTWSAzKLnIkRjaEVOl05A8=
14,6,HXUGuWrtKA07RfUdjeawblGDN2Y=,TnvyYlTWSAzKLnIkRjaEVOl05A8=
10,2,HXUGuWrtKA07RfUdjeawblGDN2Y=,TnvyYlTWSAzKLnIkRjaEVOl05A8=
13,6,HXUGuWrtKA07RfUdjeawblGDN2Y=,TnvyYlTWSAzKLnIkRjaEVOl05A8=
11,2,HXUGuWrtKA07RfUdjeawblGDN2Y=,TnvyYlTWSAzKLnIkRjaEVOl05A8=
12,2,HXUGuWrtKA07RfUdjeawblGDN2Y=,TnvyYlTWSAzKLnIkRjaEVOl05A8=
13,2,HXUGuWrtKA07RfUdjeawblGDN2Y=,TnvyYlTWSAzKLnIkRjaEVOl05A8=
12,6,HXUGuWrtKA07RfUdjeawblGDN2Y=,TnvyYlTWSAzKLnIkRjaEVOl05A8=
15,2,HXUGuWrtKA07RfUdjeawblGDN2Y=,TnvyYlTWSAzKLnIkRjaEVOl05A8=
14,2,HXUGuWrtKA07RfUdjeawblGDN2Y=,TnvyYlTWSAzKLnIkRjaEVOl05A8=
9,3,HXUGuWrtKA07RfUdjeawblGDN2Y=,TnvyYlTWSAzKLnIkRjaEVOl05A8=
11,6,HXUGuWrtKA07RfUdjeawblGDN2Y=,TnvyYlTWSAzKLnIkRjaEVOl05A8=
15,3,HXUGuWrtKA07RfUdjeawblGDN2Y=,TnvyYlTWSAzKLnIkRjaEVOl05A8=
11,3,HXUGuWrtKA07RfUdjeawblGDN2Y=,TnvyYlTWSAzKLnIkRjaEVOl05A8=
14,3,HXUGuWrtKA07RfUdjeawblGDN2Y=,TnvyYlTWSAzKLnIkRjaEVOl05A8=
13,3,HXUGuWrtKA07RfUdjeawblGDN2Y=,TnvyYlTWSAzKLnIkRjaEVOl05A8=
12,3,HXUGuWrtKA07RfUdjeawblGDN2Y=,TnvyYlTWSAzKLnIkRjaEVOl05A8=
10,6,HXUGuWrtKA07RfUdjeawblGDN2Y=,TnvyYlTWSAzKLnIkRjaEVOl05A8=
10,4,HXUGuWrtKA07RfUdjeawblGDN2Y=,TnvyYlTWSAzKLnIkRjaEVOl05A8=
9,4,HXUGuWrtKA07RfUdjeawblGDN2Y=,TnvyYlTWSAzKLnIkRjaEVOl05A8=
15,4,HXUGuWrtKA07RfUdjeawblGDN2Y=,TnvyYlTWSAzKLnIkRjaEVOl05A8=
11,4,HXUGuWrtKA07RfUdjeawblGDN2Y=,TnvyYlTWSAzKLnIkRjaEVOl05A8=
13,4,HXUGuWrtKA07RfUdjeawblGDN2Y=,TnvyYlTWSAzKLnIkRjaEVOl05A8=
14,4,HXUGuWrtKA07RfUdjeawblGDN2Y=,TnvyYlTWSAzKLnIkRjaEVOl05A8=
9,6,HXUGuWrtKA07RfUdjeawblGDN2Y=,TnvyYlTWSAzKLnIkRjaEVOl05A8=
10,3,HXUGuWrtKA07RfUdjeawblGDN2Y=,TnvyYlTWSAzKLnIkRjaEVOl05A8=
12,4,HXUGuWrtKA07RfUdjeawblGDN2Y=,TnvyYlTWSAzKLnIkRjaEVOl05A8=
14,5,HXUGuWrtKA07RfUdjeawblGDN2Y=,TnvyYlTWSAzKLnIkRjaEVOl05A8=
9,5,HXUGuWrtKA07RfUdjeawblGDN2Y=,TnvyYlTWSAzKLnIkRjaEVOl05A8=
10,5,HXUGuWrtKA07RfUdjeawblGDN2Y=,TnvyYlTWSAzKLnIkRjaEVOl05A8=
11,5,HXUGuWrtKA07RfUdjeawblGDN2Y=,TnvyYlTWSAzKLnIkRjaEVOl05A8=
12,5,HXUGuWrtKA07RfUdjeawblGDN2Y=,TnvyYlTWSAzKLnIkRjaEVOl05A8=
15,5,HXUGuWrtKA07RfUdjeawblGDN2Y=,TnvyYlTWSAzKLnIkRjaEVOl05A8=
13,5,HXUGuWrtKA07RfUdjeawblGDN2Y=,TnvyYlTWSAzKLnIkRjaEVOl05A8=
0,8,HXUGuWrtKA07RfUdjeawblGDN2Y=,TnvyYlTWSAzKLnIkRjaEVOl05A8=
1,8,HXUGuWrtKA07RfUdjeawblGDN2Y=,TnvyYlTWSAzKLnIkRjaEVOl05A8=
7,3,HXUGuWrtKA07RfUdjeawblGDN2Y=,TnvyYlTWSAzKLnIkRjaEVOl05A8=
8,7,HXUGuWrtKA07RfUdjeawblGDN2Y=,TnvyYlTWSAzKLnIkRjaEVOl05A8=
3,6,HXUGuWrtKA07RfUdjeawblGDN2Y=,TnvyYlTWSAzKLnIkRjaEVOl05A8=
6,3,HXUGuWrtKA07RfUdjeawblGDN2Y=,TnvyYlTWSAzKLnIkRjaEVOl05A8=
3,2,HXUGuWrtKA07RfUdjeawblGDN2Y=,TnvyYlTWSAzKLnIkRjaEVOl05A8=
7,7,HXUGuWrtKA07RfUdjeawblGDN2Y=,TnvyYlTWSAzKLnIkRjaEVOl05A8=
2,6,HXUGuWrtKA07RfUdjeawblGDN2Y=,TnvyYlTWSAzKLnIkRjaEVOl05A8=
1,6,HXUGuWrtKA07RfUdjeawblGDN2Y=,TnvyYlTWSAzKLnIkRjaEVOl05A8=
2,5,HXUGuWrtKA07RfUdjeawblGDN2Y=,TnvyYlTWSAzKLnIkRjaEVOl05A8=
1,5,HXUGuWrtKA07RfUdjeawblGDN2Y=,TnvyYlTWSAzKLnIkRjaEVOl05A8=
0,5,HXUGuWrtKA07RfUdjeawblGDN2Y=,TnvyYlTWSAzKLnIkRjaEVOl05A8=
8,6,HXUGuWrtKA07RfUdjeawblGDN2Y=,TnvyYlTWSAzKLnIkRjaEVOl05A8=
6,7,HXUGuWrtKA07RfUdjeawblGDN2Y=,TnvyYlTWSAzKLnIkRjaEVOl05A8=
0,2,HXUGuWrtKA07RfUdjeawblGDN2Y=,TnvyYlTWSAzKLnIkRjaEVOl05A8=
6,8,HXUGuWrtKA07RfUdjeawblGDN2Y=,TnvyYlTWSAzKLnIkRjaEVOl05A8=
7,1,HXUGuWrtKA07RfUdjeawblGDN2Y=,TnvyYlTWSAzKLnIkRjaEVOl05A8=
0,6,HXUGuWrtKA07RfUdjeawblGDN2Y=,TnvyYlTWSAzKLnIkRjaEVOl05A8=
7,8,HXUGuWrtKA07RfUdjeawblGDN2Y=,TnvyYlTWSAzKLnIkRjaEVOl05A8=
3,5,HXUGuWrtKA07RfUdjeawblGDN2Y=,TnvyYlTWSAzKLnIkRjaEVOl05A8=
7,4,HXUGuWrtKA07RfUdjeawblGDN2Y=,TnvyYlTWSAzKLnIkRjaEVOl05A8=
8,5,HXUGuWrtKA07RfUdjeawblGDN2Y=,TnvyYlTWSAzKLnIkRjaEVOl05A8=
1,2,HXUGuWrtKA07RfUdjeawblGDN2Y=,TnvyYlTWSAzKLnIkRjaEVOl05A8=
5,8,HXUGuWrtKA07RfUdjeawblGDN2Y=,TnvyYlTWSAzKLnIkRjaEVOl05A8=
5,7,HXUGuWrtKA07RfUdjeawblGDN2Y=,TnvyYlTWSAzKLnIkRjaEVOl05A8=
3,3,HXUGuWrtKA07RfUdjeawblGDN2Y=,TnvyYlTWSAzKLnIkRjaEVOl05A8=
4,7,HXUGuWrtKA07RfUdjeawblGDN2Y=,TnvyYlTWSAzKLnIkRjaEVOl05A8=
6,1,HXUGuWrtKA07RfUdjeawblGDN2Y=,TnvyYlTWSAzKLnIkRjaEVOl05A8=
2,3,HXUGuWrtKA07RfUdjeawblGDN2Y=,TnvyYlTWSAzKLnIkRjaEVOl05A8=
5,4,HXUGuWrtKA07RfUdjeawblGDN2Y=,TnvyYlTWSAzKLnIkRjaEVOl05A8=
8,4,HXUGuWrtKA07RfUdjeawblGDN2Y=,TnvyYlTWSAzKLnIkRjaEVOl05A8=
2,4,HXUGuWrtKA07RfUdjeawblGDN2Y=,TnvyYlTWSAzKLnIkRjaEVOl05A8=
4,4,HXUGuWrtKA07RfUdjeawblGDN2Y=,TnvyYlTWSAzKLnIkRjaEVOl05A8=
3,0,HXUGuWrtKA07RfUdjeawblGDN2Y=,TnvyYlTWSAzKLnIkRjaEVOl05A8=
5,1,HXUGuWrtKA07RfUdjeawblGDN2Y=,TnvyYlTWSAzKLnIkRjaEVOl05A8=
1,3,HXUGuWrtKA07RfUdjeawblGDN2Y=,TnvyYlTWSAzKLnIkRjaEVOl05A8=
3,7,HXUGuWrtKA07RfUdjeawblGDN2Y=,TnvyYlTWSAzKLnIkRjaEVOl05A8=
7,5,HXUGuWrtKA07RfUdjeawblGDN2Y=,TnvyYlTWSAzKLnIkRjaEVOl05A8=
8,3,HXUGuWrtKA07RfUdjeawblGDN2Y=,TnvyYlTWSAzKLnIkRjaEVOl05A8=
2,7,HXUGuWrtKA07RfUdjeawblGDN2Y=,TnvyYlTWSAzKLnIkRjaEVOl05A8=
1,4,HXUGuWrtKA07RfUdjeawblGDN2Y=,TnvyYlTWSAzKLnIkRjaEVOl05A8=
0,3,HXUGuWrtKA07RfUdjeawblGDN2Y=,TnvyYlTWSAzKLnIkRjaEVOl05A8=
4,8,HXUGuWrtKA07RfUdjeawblGDN2Y=,TnvyYlTWSAzKLnIkRjaEVOl05A8=
8,2,HXUGuWrtKA07RfUdjeawblGDN2Y=,TnvyYlTWSAzKLnIkRjaEVOl05A8=
2,0,HXUGuWrtKA07RfUdjeawblGDN2Y=,TnvyYlTWSAzKLnIkRjaEVOl05A8=
7,2,HXUGuWrtKA07RfUdjeawblGDN2Y=,TnvyYlTWSAzKLnIkRjaEVOl05A8=
0,4,HXUGuWrtKA07RfUdjeawblGDN2Y=,TnvyYlTWSAzKLnIkRjaEVOl05A8=
6,2,HXUGuWrtKA07RfUdjeawblGDN2Y=,TnvyYlTWSAzKLnIkRjaEVOl05A8=
6,5,HXUGuWrtKA07RfUdjeawblGDN2Y=,TnvyYlTWSAzKLnIkRjaEVOl05A8=
5,3,HXUGuWrtKA07RfUdjeawblGDN2Y=,TnvyYlTWSAzKLnIkRjaEVOl05A8=
3,4,HXUGuWrtKA07RfUdjeawblGDN2Y=,TnvyYlTWSAzKLnIkRjaEVOl05A8=
6,4,HXUGuWrtKA07RfUdjeawblGDN2Y=,TnvyYlTWSAzKLnIkRjaEVOl05A8=
8,1,HXUGuWrtKA07RfUdjeawblGDN2Y=,TnvyYlTWSAzKLnIkRjaEVOl05A8=
4,1,HXUGuWrtKA07RfUdjeawblGDN2Y=,TnvyYlTWSAzKLnIkRjaEVOl05A8=
5,2,HXUGuWrtKA07RfUdjeawblGDN2Y=,TnvyYlTWSAzKLnIkRjaEVOl05A8=
5,0,HXUGuWrtKA07RfUdjeawblGDN2Y=,TnvyYlTWSAzKLnIkRjaEVOl05A8=
3,1,HXUGuWrtKA07RfUdjeawblGDN2Y=,TnvyYlTWSAzKLnIkRjaEVOl05A8=
1,1,HXUGuWrtKA07RfUdjeawblGDN2Y=,TnvyYlTWSAzKLnIkRjaEVOl05A8=
2,1,HXUGuWrtKA07RfUdjeawblGDN2Y=,TnvyYlTWSAzKLnIkRjaEVOl05A8=
1,7,HXUGuWrtKA07RfUdjeawblGDN2Y=,TnvyYlTWSAzKLnIkRjaEVOl05A8=
8,0,HXUGuWrtKA07RfUdjeawblGDN2Y=,TnvyYlTWSAzKLnIkRjaEVOl05A8=
0,7,HXUGuWrtKA07RfUdjeawblGDN2Y=,TnvyYlTWSAzKLnIkRjaEVOl05A8=
2,2,HXUGuWrtKA07RfUdjeawblGDN2Y=,TnvyYlTWSAzKLnIkRjaEVOl05A8=
5,5,HXUGuWrtKA07RfUdjeawblGDN2Y=,TnvyYlTWSAzKLnIkRjaEVOl05A8=
3,8,HXUGuWrtKA07RfUdjeawblGDN2Y=,TnvyYlTWSAzKLnIkRjaEVOl05A8=
7,0,HXUGuWrtKA07RfUdjeawblGDN2Y=,TnvyYlTWSAzKLnIkRjaEVOl05A8=
6,0,HXUGuWrtKA07RfUdjeawblGDN2Y=,TnvyYlTWSAzKLnIkRjaEVOl05A8=
8,8,HXUGuWrtKA07RfUdjeawblGDN2Y=,TnvyYlTWSAzKLnIkRjaEVOl05A8=
2,8,HXUGuWrtKA07RfUdjeawblGDN2Y=,TnvyYlTWSAzKLnIkRjaEVOl05A8=
7,6,HXUGuWrtKA07RfUdjeawblGDN2Y=,TnvyYlTWSAzKLnIkRjaEVOl05A8=
6,6,HXUGuWrtKA07RfUdjeawblGDN2Y=,TnvyYlTWSAzKLnIkRjaEVOl05A8=
4,5,HXUGuWrtKA07RfUdjeawblGDN2Y=,TnvyYlTWSAzKLnIkRjaEVOl05A8=
4,0,HXUGuWrtKA07RfUdjeawblGDN2Y=,TnvyYlTWSAzKLnIkRjaEVOl05A8=
5,6,HXUGuWrtKA07RfUdjeawblGDN2Y=,TnvyYlTWSAzKLnIkRjaEVOl05A8=
4,3,HXUGuWrtKA07RfUdjeawblGDN2Y=,TnvyYlTWSAzKLnIkRjaEVOl05A8=
0,0,HXUGuWrtKA07RfUdjeawblGDN2Y=,TnvyYlTWSAzKLnIkRjaEVOl05A8=
4,2,HXUGuWrtKA07RfUdjeawblGDN2Y=,TnvyYlTWSAzKLnIkRjaEVOl05A8=
0,1,HXUGuWrtKA07RfUdjeawblGDN2Y=,TnvyYlTWSAzKLnIkRjaEVOl05A8=
1,0,HXUGuWrtKA07RfUdjeawblGDN2Y=,TnvyYlTWSAzKLnIkRjaEVOl05A8=
4,6,HXUGuWrtKA07RfUdjeawblGDN2Y=,TnvyYlTWSAzKLnIkRjaEVOl05A8=
22,10,4PCV5LGpfRPTvKgksyqMSZpPEyc=,TnvyYlTWSAzKLnIkRjaEVOl05A8=
22,15,4PCV5LGpfRPTvKgksyqMSZpPEyc=,TnvyYlTWSAzKLnIkRjaEVOl05A8=
23,15,4PCV5LGpfRPTvKgksyqMSZpPEyc=,TnvyYlTWSAzKLnIkRjaEVOl05A8=
21,10,4PCV5LGpfRPTvKgksyqMSZpPEyc=,TnvyYlTWSAzKLnIkRjaEVOl05A8=
20,10,4PCV5LGpfRPTvKgksyqMSZpPEyc=,TnvyYlTWSAzKLnIkRjaEVOl05A8=
19,10,4PCV5LGpfRPTvKgksyqMSZpPEyc=,TnvyYlTWSAzKLnIkRjaEVOl05A8=
18,10,4PCV5LGpfRPTvKgksyqMSZpPEyc=,TnvyYlTWSAzKLnIkRjaEVOl05A8=
21,15,4PCV5LGpfRPTvKgksyqMSZpPEyc=,TnvyYlTWSAzKLnIkRjaEVOl05A8=
20,15,4PCV5LGpfRPTvKgksyqMSZpPEyc=,TnvyYlTWSAzKLnIkRjaEVOl05A8=
16,10,4PCV5LGpfRPTvKgksyqMSZpPEyc=,TnvyYlTWSAzKLnIkRjaEVOl05A8=
23,9,4PCV5LGpfRPTvKgksyqMSZpPEyc=,TnvyYlTWSAzKLnIkRjaEVOl05A8=
22,9,4PCV5LGpfRPTvKgksyqMSZpPEyc=,TnvyYlTWSAzKLnIkRjaEVOl05A8=
19,15,4PCV5LGpfRPTvKgksyqMSZpPEyc=,TnvyYlTWSAzKLnIkRjaEVOl05A8=
21,9,4PCV5LGpfRPTvKgksyqMSZpPEyc=,TnvyYlTWSAzKLnIkRjaEVOl05A8=
20,9,4PCV5LGpfRPTvKgksyqMSZpPEyc=,TnvyYlTWSAzKLnIkRjaEVOl05A8=
18,9,4PCV5LGpfRPTvKgksyqMSZpPEyc=,TnvyYlTWSAzKLnIkRjaEVOl05A8=
19,9,4PCV5LGpfRPTvKgksyqMSZpPEyc=,TnvyYlTWSAzKLnIkRjaEVOl05A8=
18,15,4PCV5LGpfRPTvKgksyqMSZpPEyc=,TnvyYlTWSAzKLnIkRjaEVOl05A8=
17,15,4PCV5LGpfRPTvKgksyqMSZpPEyc=,TnvyYlTWSAzKLnIkRjaEVOl05A8=
17,10,4PCV5LGpfRPTvKgksyqMSZpPEyc=,TnvyYlTWSAzKLnIkRjaEVOl05A8=
16,9,4PCV5LGpfRPTvKgksyqMSZpPEyc=,TnvyYlTWSAzKLnIkRjaEVOl05A8=
17,9,4PCV5LGpfRPTvKgksyqMSZpPEyc=,TnvyYlTWSAzKLnIkRjaEVOl05A8=
16,15,4PCV5LGpfRPTvKgksyqMSZpPEyc=,TnvyYlTWSAzKLnIkRjaEVOl05A8=
23,14,4PCV5LGpfRPTvKgksyqMSZpPEyc=,TnvyYlTWSAzKLnIkRjaEVOl05A8=
22,14,4PCV5LGpfRPTvKgksyqMSZpPEyc=,TnvyYlTWSAzKLnIkRjaEVOl05A8=
21,14,4PCV5LGpfRPTvKgksyqMSZpPEyc=,TnvyYlTWSAzKLnIkRjaEVOl05A8=
20,14,4PCV5LGpfRPTvKgksyqMSZpPEyc=,TnvyYlTWSAzKLnIkRjaEVOl05A8=
19,14,4PCV5LGpfRPTvKgksyqMSZpPEyc=,TnvyYlTWSAzKLnIkRjaEVOl05A8=
18,14,4PCV5LGpfRPTvKgksyqMSZpPEyc=,TnvyYlTWSAzKLnIkRjaEVOl05A8=
17,14,4PCV5LGpfRPTvKgksyqMSZpPEyc=,TnvyYlTWSAzKLnIkRjaEVOl05A8=
16,14,4PCV5LGpfRPTvKgksyqMSZpPEyc=,TnvyYlTWSAzKLnIkRjaEVOl05A8=
22,13,4PCV5LGpfRPTvKgksyqMSZpPEyc=,TnvyYlTWSAzKLnIkRjaEVOl05A8=
21,13,4PCV5LGpfRPTvKgksyqMSZpPEyc=,TnvyYlTWSAzKLnIkRjaEVOl05A8=
23,13,4PCV5LGpfRPTvKgksyqMSZpPEyc=,TnvyYlTWSAzKLnIkRjaEVOl05A8=
19,13,4PCV5LGpfRPTvKgksyqMSZpPEyc=,TnvyYlTWSAzKLnIkRjaEVOl05A8=
20,13,4PCV5LGpfRPTvKgksyqMSZpPEyc=,TnvyYlTWSAzKLnIkRjaEVOl05A8=
18,13,4PCV5LGpfRPTvKgksyqMSZpPEyc=,TnvyYlTWSAzKLnIkRjaEVOl05A8=
17,13,4PCV5LGpfRPTvKgksyqMSZpPEyc=,TnvyYlTWSAzKLnIkRjaEVOl05A8=
16,13,4PCV5LGpfRPTvKgksyqMSZpPEyc=,TnvyYlTWSAzKLnIkRjaEVOl05A8=
23,12,4PCV5LGpfRPTvKgksyqMSZpPEyc=,TnvyYlTWSAzKLnIkRjaEVOl05A8=
22,12,4PCV5LGpfRPTvKgksyqMSZpPEyc=,TnvyYlTWSAzKLnIkRjaEVOl05A8=
21,12,4PCV5LGpfRPTvKgksyqMSZpPEyc=,TnvyYlTWSAzKLnIkRjaEVOl05A8=
20,12,4PCV5LGpfRPTvKgksyqMSZpPEyc=,TnvyYlTWSAzKLnIkRjaEVOl05A8=
19,12,4PCV5LGpfRPTvKgksyqMSZpPEyc=,TnvyYlTWSAzKLnIkRjaEVOl05A8=
18,12,4PCV5LGpfRPTvKgksyqMSZpPEyc=,TnvyYlTWSAzKLnIkRjaEVOl05A8=
23,11,4PCV5LGpfRPTvKgksyqMSZpPEyc=,TnvyYlTWSAzKLnIkRjaEVOl05A8=
17,12,4PCV5LGpfRPTvKgksyqMSZpPEyc=,TnvyYlTWSAzKLnIkRjaEVOl05A8=
22,11,4PCV5LGpfRPTvKgksyqMSZpPEyc=,TnvyYlTWSAzKLnIkRjaEVOl05A8=
21,11,4PCV5LGpfRPTvKgksyqMSZpPEyc=,TnvyYlTWSAzKLnIkRjaEVOl05A8=
20,11,4PCV5LGpfRPTvKgksyqMSZpPEyc=,TnvyYlTWSAzKLnIkRjaEVOl05A8=
19,11,4PCV5LGpfRPTvKgksyqMSZpPEyc=,TnvyYlTWSAzKLnIkRjaEVOl05A8=
16,12,4PCV5LGpfRPTvKgksyqMSZpPEyc=,TnvyYlTWSAzKLnIkRjaEVOl05A8=
18,11,4PCV5LGpfRPTvKgksyqMSZpPEyc=,TnvyYlTWSAzKLnIkRjaEVOl05A8=
17,11,4PCV5LGpfRPTvKgksyqMSZpPEyc=,TnvyYlTWSAzKLnIkRjaEVOl05A8=
16,11,4PCV5LGpfRPTvKgksyqMSZpPEyc=,TnvyYlTWSAzKLnIkRjaEVOl05A8=
23,10,4PCV5LGpfRPTvKgksyqMSZpPEyc=,TnvyYlTWSAzKLnIkRjaEVOl05A8=
17,1,4PCV5LGpfRPTvKgksyqMSZpPEyc=,TnvyYlTWSAzKLnIkRjaEVOl05A8=
16,1,4PCV5LGpfRPTvKgksyqMSZpPEyc=,TnvyYlTWSAzKLnIkRjaEVOl05A8=
23,3,4PCV5LGpfRPTvKgksyqMSZpPEyc=,TnvyYlTWSAzKLnIkRjaEVOl05A8=
19,0,4PCV5LGpfRPTvKgksyqMSZpPEyc=,TnvyYlTWSAzKLnIkRjaEVOl05A8=
23,0,4PCV5LGpfRPTvKgksyqMSZpPEyc=,TnvyYlTWSAzKLnIkRjaEVOl05A8=
23,2,4PCV5LGpfRPTvKgksyqMSZpPEyc=,TnvyYlTWSAzKLnIkRjaEVOl05A8=
21,4,4PCV5LGpfRPTvKgksyqMSZpPEyc=,TnvyYlTWSAzKLnIkRjaEVOl05A8=
21,3,4PCV5LGpfRPTvKgksyqMSZpPEyc=,TnvyYlTWSAzKLnIkRjaEVOl05A8=
23,8,4PCV5LGpfRPTvKgksyqMSZpPEyc=,TnvyYlTWSAzKLnIkRjaEVOl05A8=
22,3,4PCV5LGpfRPTvKgksyqMSZpPEyc=,TnvyYlTWSAzKLnIkRjaEVOl05A8=
22,8,4PCV5LGpfRPTvKgksyqMSZpPEyc=,TnvyYlTWSAzKLnIkRjaEVOl05A8=
22,2,4PCV5LGpfRPTvKgksyqMSZpPEyc=,TnvyYlTWSAzKLnIkRjaEVOl05A8=
20,3,4PCV5LGpfRPTvKgksyqMSZpPEyc=,TnvyYlTWSAzKLnIkRjaEVOl05A8=
20,8,4PCV5LGpfRPTvKgksyqMSZpPEyc=,TnvyYlTWSAzKLnIkRjaEVOl05A8=
19,8,4PCV5LGpfRPTvKgksyqMSZpPEyc=,TnvyYlTWSAzKLnIkRjaEVOl05A8=
17,2,4PCV5LGpfRPTvKgksyqMSZpPEyc=,TnvyYlTWSAzKLnIkRjaEVOl05A8=
21,8,4PCV5LGpfRPTvKgksyqMSZpPEyc=,TnvyYlTWSAzKLnIkRjaEVOl05A8=
18,8,4PCV5LGpfRPTvKgksyqMSZpPEyc=,TnvyYlTWSAzKLnIkRjaEVOl05A8=
16,8,4PCV5LGpfRPTvKgksyqMSZpPEyc=,TnvyYlTWSAzKLnIkRjaEVOl05A8=
17,8,4PCV5LGpfRPTvKgksyqMSZpPEyc=,TnvyYlTWSAzKLnIkRjaEVOl05A8=
23,7,4PCV5LGpfRPTvKgksyqMSZpPEyc=,TnvyYlTWSAzKLnIkRjaEVOl05A8=
22,7,4PCV5LGpfRPTvKgksyqMSZpPEyc=,TnvyYlTWSAzKLnIkRjaEVOl05A8=
20,4,4PCV5LGpfRPTvKgksyqMSZpPEyc=,TnvyYlTWSAzKLnIkRjaEVOl05A8=
16,2,4PCV5LGpfRPTvKgksyqMSZpPEyc=,TnvyYlTWSAzKLnIkRjaEVOl05A8=
21,2,4PCV5LGpfRPTvKgksyqMSZpPEyc=,TnvyYlTWSAzKLnIkRjaEVOl05A8=
19,3,4PCV5LGpfRPTvKgksyqMSZpPEyc=,TnvyYlTWSAzKLnIkRjaEVOl05A8=
16,0,4PCV5LGpfRPTvKgksyqMSZpPEyc=,TnvyYlTWSAzKLnIkRjaEVOl05A8=
21,7,4PCV5LGpfRPTvKgksyqMSZpPEyc=,TnvyYlTWSAzKLnIkRjaEVOl05A8=
20,7,4PCV5LGpfRPTvKgksyqMSZpPEyc=,TnvyYlTWSAzKLnIkRjaEVOl05A8=
23,1,4PCV5LGpfRPTvKgksyqMSZpPEyc=,TnvyYlTWSAzKLnIkRjaEVOl05A8=
19,7,4PCV5LGpfRPTvKgksyqMSZpPEyc=,TnvyYlTWSAzKLnIkRjaEVOl05A8=
22,1,4PCV5LGpfRPTvKgksyqMSZpPEyc=,TnvyYlTWSAzKLnIkRjaEVOl05A8=
19,4,4PCV5LGpfRPTvKgksyqMSZpPEyc=,TnvyYlTWSAzKLnIkRjaEVOl05A8=
18,1,4PCV5LGpfRPTvKgksyqMSZpPEyc=,TnvyYlTWSAzKLnIkRjaEVOl05A8=
16,7,4PCV5LGpfRPTvKgksyqMSZpPEyc=,TnvyYlTWSAzKLnIkRjaEVOl05A8=
18,7,4PCV5LGpfRPTvKgksyqMSZpPEyc=,TnvyYlTWSAzKLnIkRjaEVOl05A8=
23,6,4PCV5LGpfRPTvKgksyqMSZpPEyc=,TnvyYlTWSAzKLnIkRjaEVOl05A8=
18,3,4PCV5LGpfRPTvKgksyqMSZpPEyc=,TnvyYlTWSAzKLnIkRjaEVOl05A8=
22,6,4PCV5LGpfRPTvKgksyqMSZpPEyc=,TnvyYlTWSAzKLnIkRjaEVOl05A8=
17,7,4PCV5LGpfRPTvKgksyqMSZpPEyc=,TnvyYlTWSAzKLnIkRjaEVOl05A8=
21,6,4PCV5LGpfRPTvKgksyqMSZpPEyc=,TnvyYlTWSAzKLnIkRjaEVOl05A8=
18,0,4PCV5LGpfRPTvKgksyqMSZpPEyc=,TnvyYlTWSAzKLnIkRjaEVOl05A8=
16,4,4PCV5LGpfRPTvKgksyqMSZpPEyc=,TnvyYlTWSAzKLnIkRjaEVOl05A8=
20,6,4PCV5LGpfRPTvKgksyqMSZpPEyc=,TnvyYlTWSAzKLnIkRjaEVOl05A8=
18,6,4PCV5LGpfRPTvKgksyqMSZpPEyc=,TnvyYlTWSAzKLnIkRjaEVOl05A8=
17,3,4PCV5LGpfRPTvKgksyqMSZpPEyc=,TnvyYlTWSAzKLnIkRjaEVOl05A8=
19,2,4PCV5LGpfRPTvKgksyqMSZpPEyc=,TnvyYlTWSAzKLnIkRjaEVOl05A8=
19,6,4PCV5LGpfRPTvKgksyqMSZpPEyc=,TnvyYlTWSAzKLnIkRjaEVOl05A8=
17,6,4PCV5LGpfRPTvKgksyqMSZpPEyc=,TnvyYlTWSAzKLnIkRjaEVOl05A8=
21,1,4PCV5LGpfRPTvKgksyqMSZpPEyc=,TnvyYlTWSAzKLnIkRjaEVOl05A8=
19,1,4PCV5LGpfRPTvKgksyqMSZpPEyc=,TnvyYlTWSAzKLnIkRjaEVOl05A8=
16,6,4PCV5LGpfRPTvKgksyqMSZpPEyc=,TnvyYlTWSAzKLnIkRjaEVOl05A8=
23,5,4PCV5LGpfRPTvKgksyqMSZpPEyc=,TnvyYlTWSAzKLnIkRjaEVOl05A8=
20,2,4PCV5LGpfRPTvKgksyqMSZpPEyc=,TnvyYlTWSAzKLnIkRjaEVOl05A8=
22,5,4PCV5LGpfRPTvKgksyqMSZpPEyc=,TnvyYlTWSAzKLnIkRjaEVOl05A8=
20,1,4PCV5LGpfRPTvKgksyqMSZpPEyc=,TnvyYlTWSAzKLnIkRjaEVOl05A8=
21,5,4PCV5LGpfRPTvKgksyqMSZpPEyc=,TnvyYlTWSAzKLnIkRjaEVOl05A8=
17,4,4PCV5LGpfRPTvKgksyqMSZpPEyc=,TnvyYlTWSAzKLnIkRjaEVOl05A8=
16,3,4PCV5LGpfRPTvKgksyqMSZpPEyc=,TnvyYlTWSAzKLnIkRjaEVOl05A8=
18,2,4PCV5LGpfRPTvKgksyqMSZpPEyc=,TnvyYlTWSAzKLnIkRjaEVOl05A8=
19,5,4PCV5LGpfRPTvKgksyqMSZpPEyc=,TnvyYlTWSAzKLnIkRjaEVOl05A8=
18,4,4PCV5LGpfRPTvKgksyqMSZpPEyc=,TnvyYlTWSAzKLnIkRjaEVOl05A8=
22,4,4PCV5LGpfRPTvKgksyqMSZpPEyc=,TnvyYlTWSAzKLnIkRjaEVOl05A8=
17,5,4PCV5LGpfRPTvKgksyqMSZpPEyc=,TnvyYlTWSAzKLnIkRjaEVOl05A8=
18,5,4PCV5LGpfRPTvKgksyqMSZpPEyc=,TnvyYlTWSAzKLnIkRjaEVOl05A8=
16,5,4PCV5LGpfRPTvKgksyqMSZpPEyc=,TnvyYlTWSAzKLnIkRjaEVOl05A8=
17,0,4PCV5LGpfRPTvKgksyqMSZpPEyc=,TnvyYlTWSAzKLnIkRjaEVOl05A8=
23,4,4PCV5LGpfRPTvKgksyqMSZpPEyc=,TnvyYlTWSAzKLnIkRjaEVOl05A8=
20,0,4PCV5LGpfRPTvKgksyqMSZpPEyc=,TnvyYlTWSAzKLnIkRjaEVOl05A8=
21,0,4PCV5LGpfRPTvKgksyqMSZpPEyc=,TnvyYlTWSAzKLnIkRjaEVOl05A8=
22,0,4PCV5LGpfRPTvKgksyqMSZpPEyc=,TnvyYlTWSAzKLnIkRjaEVOl05A8=
20,5,4PCV5LGpfRPTvKgksyqMSZpPEyc=,TnvyYlTWSAzKLnIkRjaEVOl05A8=
