51,-75,afcK8u2JsIUBHgSfoJM6d1NfSI8=,eP2EG6e/0Kk5+uqR8DpeohDKheY=
48,-78,afcK8u2JsIUBHgSfoJM6d1NfSI8=,eP2EG6e/0Kk5+uqR8DpeohDKheY=
52,-75,afcK8u2JsIUBHgSfoJM6d1NfSI8=,eP2EG6e/0Kk5+uqR8DpeohDKheY=
51,-79,afcK8u2JsIUBHgSfoJM6d1NfSI8=,eP2EG6e/0Kk5+uqR8DpeohDKheY=
51,-73,afcK8u2JsIUBHgSfoJM6d1NfSI8=,eP2EG6e/0Kk5+uqR8DpeohDKheY=
50,-79,afcK8u2JsIUBHgSfoJM6d1NfSI8=,eP2EG6e/0Kk5+uqR8DpeohDKheY=
50,-73,afcK8u2JsIUBHgSfoJM6d1NfSI8=,eP2EG6e/0Kk5+uqR8DpeohDKheY=
55,-77,afcK8u2JsIUBHgSfoJM6d1NfSI8=,eP2EG6e/0Kk5+uqR8DpeohDKheY=
48,-73,afcK8u2JsIUBHgSfoJM6d1NfSI8=,eP2EG6e/0Kk5+uqR8DpeohDKheY=
48,-80,afcK8u2JsIUBHgSfoJM6d1NfSI8=,eP2EG6e/0Kk5+uqR8DpeohDKheY=
52,-73,afcK8u2JsIUBHgSfoJM6d1NfSI8=,eP2EG6e/0Kk5+uqR8DpeohDKheY=
55,-74,afcK8u2JsIUBHgSfoJM6d1NfSI8=,eP2EG6e/0Kk5+uqR8DpeohDKheY=
54,-74,afcK8u2JsIUBHgSfoJM6d1NfSI8=,eP2EG6e/0Kk5+uqR8DpeohDKheY=
54,-76,afcK8u2JsIUBHgSfoJM6d1NfSI8=,eP2EG6e/0Kk5+uqR8DpeohDKheY=
49,-78,afcK8u2JsIUBHgSfoJM6d1NfSI8=,eP2EG6e/0Kk5+uqR8DpeohDKheY=
53,-74,afcK8u2JsIUBHgSfoJM6d1NfSI8=,eP2EG6e/0Kk5+uqR8DpeohDKheY=
52,-74,afcK8u2JsIUBHgSfoJM6d1NfSI8=,eP2EG6e/0Kk5+uqR8DpeohDKheY=
53,-73,afcK8u2JsIUBHgSfoJM6d1NfSI8=,eP2EG6e/0Kk5+uqR8DpeohDKheY=
51,-74,afcK8u2JsIUBHgSfoJM6d1NfSI8=,eP2EG6e/0Kk5+uqR8DpeohDKheY=
50,-78,afcK8u2JsIUBHgSfoJM6d1NfSI8=,eP2EG6e/0Kk5+uqR8DpeohDKheY=
49,-73,afcK8u2JsIUBHgSfoJM6d1NfSI8=,eP2EG6e/0Kk5+uqR8DpeohDKheY=
52,-80,afcK8u2JsIUBHgSfoJM6d1NfSI8=,eP2EG6e/0Kk5+uqR8DpeohDKheY=
54,-73,afcK8u2JsIUBHgSfoJM6d1NfSI8=,eP2EG6e/0Kk5+uqR8DpeohDKheY=
49,-79,afcK8u2JsIUBHgSfoJM6d1NfSI8=,eP2EG6e/0Kk5+uqR8DpeohDKheY=
55,-79,afcK8u2JsIUBHgSfoJM6d1NfSI8=,eP2EG6e/0Kk5+uqR8DpeohDKheY=
55,-73,afcK8u2JsIUBHgSfoJM6d1NfSI8=,eP2EG6e/0Kk5+uqR8DpeohDKheY=
53,-76,afcK8u2JsIUBHgSfoJM6d1NfSI8=,eP2EG6e/0Kk5+uqR8DpeohDKheY=
52,-76,afcK8u2JsIUBHgSfoJM6d1NfSI8=,eP2EG6e/0Kk5+uqR8DpeohDKheY=
51,-78,afcK8u2JsIUBHgSfoJM6d1NfSI8=,eP2EG6e/0Kk5+uqR8DpeohDKheY=
54,-79,afcK8u2JsIUBHgSfoJM6d1NfSI8=,eP2EG6e/0Kk5+uqR8DpeohDKheY=
50,-74,afcK8u2JsIUBHgSfoJM6d1NfSI8=,eP2EG6e/0Kk5+uqR8DpeohDKheY=
49,-74,afcK8u2JsIUBHgSfoJM6d1NfSI8=,eP2EG6e/0Kk5+uqR8DpeohDKheY=
50,-75,afcK8u2JsIUBHgSfoJM6d1NfSI8=,eP2EG6e/0Kk5+uqR8DpeohDKheY=
48,-79,afcK8u2JsIUBHgSfoJM6d1NfSI8=,eP2EG6e/0Kk5+uqR8DpeohDKheY=
55,-76,afcK8u2JsIUBHgSfoJM6d1NfSI8=,eP2EG6e/0Kk5+uqR8DpeohDKheY=
51,-76,afcK8u2JsIUBHgSfoJM6d1NfSI8=,eP2EG6e/0Kk5+uqR8DpeohDKheY=
49,-75,afcK8u2JsIUBHgSfoJM6d1NfSI8=,eP2EG6e/0Kk5+uqR8DpeohDKheY=
50,-76,afcK8u2JsIUBHgSfoJM6d1NfSI8=,eP2EG6e/0Kk5+uqR8DpeohDKheY=
53,-75,afcK8u2JsIUBHgSfoJM6d1NfSI8=,eP2EG6e/0Kk5+uqR8DpeohDKheY=
49,-76,afcK8u2JsIUBHgSfoJM6d1NfSI8=,eP2EG6e/0Kk5+uqR8DpeohDKheY=
51,-80,afcK8u2JsIUBHgSfoJM6d1NfSI8=,eP2EG6e/0Kk5+uqR8DpeohDKheY=
53,-80,afcK8u2JsIUBHgSfoJM6d1NfSI8=,eP2EG6e/0Kk5+uqR8DpeohDKheY=
53,-77,afcK8u2JsIUBHgSfoJM6d1NfSI8=,eP2EG6e/0Kk5+uqR8DpeohDKheY=
52,-77,afcK8u2JsIUBHgSfoJM6d1NfSI8=,eP2EG6e/0Kk5+uqR8DpeohDKheY=
51,-77,afcK8u2JsIUBHgSfoJM6d1NfSI8=,eP2EG6e/0Kk5+uqR8DpeohDKheY=
50,-77,afcK8u2JsIUBHgSfoJM6d1NfSI8=,eP2EG6e/0Kk5+uqR8DpeohDKheY=
48,-76,afcK8u2JsIUBHgSfoJM6d1NfSI8=,eP2EG6e/0Kk5+uqR8DpeohDKheY=
49,-77,afcK8u2JsIUBHgSfoJM6d1NfSI8=,eP2EG6e/0Kk5+uqR8DpeohDKheY=
48,-75,afcK8u2JsIUBHgSfoJM6d1NfSI8=,eP2EG6e/0Kk5+uqR8DpeohDKheY=
48,-74,afcK8u2JsIUBHgSfoJM6d1NfSI8=,eP2EG6e/0Kk5+uqR8DpeohDKheY=
54,-77,afcK8u2JsIUBHgSfoJM6d1NfSI8=,eP2EG6e/0Kk5+uqR8DpeohDKheY=
54,-75,afcK8u2JsIUBHgSfoJM6d1NfSI8=,eP2EG6e/0Kk5+uqR8DpeohDKheY=
48,-77,afcK8u2JsIUBHgSfoJM6d1NfSI8=,eP2EG6e/0Kk5+uqR8DpeohDKheY=
50,-80,afcK8u2JsIUBHgSfoJM6d1NfSI8=,eP2EG6e/0Kk5+uqR8DpeohDKheY=
54,-80,afcK8u2JsIUBHgSfoJM6d1NfSI8=,eP2EG6e/0Kk5+uqR8DpeohDKheY=
55,-80,afcK8u2JsIUBHgSfoJM6d1NfSI8=,eP2EG6e/0Kk5+uqR8DpeohDKheY=
49,-80,afcK8u2JsIUBHgSfoJM6d1NfSI8=,eP2EG6e/0Kk5+uqR8DpeohDKheY=
55,-78,afcK8u2JsIUBHgSfoJM6d1NfSI8=,eP2EG6e/0Kk5+uqR8DpeohDKheY=
55,-75,afcK8u2JsIUBHgSfoJM6d1NfSI8=,eP2EG6e/0Kk5+uqR8DpeohDKheY=
54,-78,afcK8u2JsIUBHgSfoJM6d1NfSI8=,eP2EG6e/0Kk5+uqR8DpeohDKheY=
53,-78,afcK8u2JsIUBHgSfoJM6d1NfSI8=,eP2EG6e/0Kk5+uqR8DpeohDKheY=
53,-79,afcK8u2JsIUBHgSfoJM6d1NfSI8=,eP2EG6e/0Kk5+uqR8DpeohDKheY=
52,-79,afcK8u2JsIUBHgSfoJM6d1NfSI8=,eP2EG6e/0Kk5+uqR8DpeohDKheY=
52,-78,afcK8u2JsIUBHgSfoJM6d1NfSI8=,eP2EG6e/0Kk5+uqR8DpeohDKheY=
53,-81,afcK8u2JsIUBHgSfoJM6d1NfSI8=,eP2EG6e/0Kk5+uqR8DpeohDKheY=
53,-86,afcK8u2JsIUBHgSfoJM6d1NfSI8=,eP2EG6e/0Kk5+uqR8DpeohDKheY=
52,-86,afcK8u2JsIUBHgSfoJM6d1NfSI8=,eP2EG6e/0Kk5+uqR8DpeohDKheY=
54,-81,afcK8u2JsIUBHgSfoJM6d1NfSI8=,eP2EG6e/0Kk5+uqR8DpeohDKheY=
51,-86,afcK8u2JsIUBHgSfoJM6d1NfSI8=,eP2EG6e/0Kk5+uqR8DpeohDKheY=
55,-81,afcK8u2JsIUBHgSfoJM6d1NfSI8=,eP2EG6e/0Kk5+uqR8DpeohDKheY=
51,-81,afcK8u2JsIUBHgSfoJM6d1NfSI8=,eP2EG6e/0Kk5+uqR8DpeohDKheY=
54,-86,afcK8u2JsIUBHgSfoJM6d1NfSI8=,eP2EG6e/0Kk5+uqR8DpeohDKheY=
51,-88,afcK8u2JsIUBHgSfoJM6d1NfSI8=,eP2EG6e/0Kk5+uqR8DpeohDKheY=
52,-81,afcK8u2JsIUBHgSfoJM6d1NfSI8=,eP2EG6e/0Kk5+uqR8DpeohDKheY=
55,-87,afcK8u2JsIUBHgSfoJM6d1NfSI8=,eP2EG6e/0Kk5+uqR8DpeohDKheY=
49,-81,afcK8u2JsIUBHgSfoJM6d1NfSI8=,eP2EG6e/0Kk5+uqR8DpeohDKheY=
50,-81,afcK8u2JsIUBHgSfoJM6d1NfSI8=,eP2EG6e/0Kk5+uqR8DpeohDKheY=
50,-87,afcK8u2JsIUBHgSfoJM6d1NfSI8=,eP2EG6e/0Kk5+uqR8DpeohDKheY=
54,-87,afcK8u2JsIUBHgSfoJM6d1NfSI8=,eP2EG6e/0Kk5+uqR8DpeohDKheY=
55,-82,afcK8u2JsIUBHgSfoJM6d1NfSI8=,eP2EG6e/0Kk5+uqR8DpeohDKheY=
49,-87,afcK8u2JsIUBHgSfoJM6d1NfSI8=,eP2EG6e/0Kk5+uqR8DpeohDKheY=
48,-81,afcK8u2JsIUBHgSfoJM6d1NfSI8=,eP2EG6e/0Kk5+uqR8DpeohDKheY=
53,-82,afcK8u2JsIUBHgSfoJM6d1NfSI8=,eP2EG6e/0Kk5+uqR8DpeohDKheY=
50,-82,afcK8u2JsIUBHgSfoJM6d1NfSI8=,eP2EG6e/0Kk5+uqR8DpeohDKheY=
54,-82,afcK8u2JsIUBHgSfoJM6d1NfSI8=,eP2EG6e/0Kk5+uqR8DpeohDKheY=
48,-88,afcK8u2JsIUBHgSfoJM6d1NfSI8=,eP2EG6e/0Kk5+uqR8DpeohDKheY=
51,-82,afcK8u2JsIUBHgSfoJM6d1NfSI8=,eP2EG6e/0Kk5+uqR8DpeohDKheY=
52,-82,afcK8u2JsIUBHgSfoJM6d1NfSI8=,eP2EG6e/0Kk5+uqR8DpeohDKheY=
48,-86,afcK8u2JsIUBHgSfoJM6d1NfSI8=,eP2EG6e/0Kk5+uqR8DpeohDKheY=
48,-82,afcK8u2JsIUBHgSfoJM6d1NfSI8=,eP2EG6e/0Kk5+uqR8DpeohDKheY=
49,-82,afcK8u2JsIUBHgSfoJM6d1NfSI8=,eP2EG6e/0Kk5+uqR8DpeohDKheY=
53,-83,afcK8u2JsIUBHgSfoJM6d1NfSI8=,eP2EG6e/0Kk5+uqR8DpeohDKheY=
54,-83,afcK8u2JsIUBHgSfoJM6d1NfSI8=,eP2EG6e/0Kk5+uqR8DpeohDKheY=
55,-83,afcK8u2JsIUBHgSfoJM6d1NfSI8=,eP2EG6e/0Kk5+uqR8DpeohDKheY=
51,-83,afcK8u2JsIUBHgSfoJM6d1NfSI8=,eP2EG6e/0Kk5+uqR8DpeohDKheY=
52,-83,afcK8u2JsIUBHgSfoJM6d1NfSI8=,eP2EG6e/0Kk5+uqR8DpeohDKheY=
55,-86,afcK8u2JsIUBHgSfoJM6d1NfSI8=,eP2EG6e/0Kk5+uqR8DpeohDKheY=
48,-87,afcK8u2JsIUBHgSfoJM6d1NfSI8=,eP2EG6e/0Kk5+uqR8DpeohDKheY=
50,-83,afcK8u2JsIUBHgSfoJM6d1NfSI8=,eP2EG6e/0Kk5+uqR8DpeohDKheY=
49,-86,afcK8u2JsIUBHgSfoJM6d1NfSI8=,eP2EG6e/0Kk5+uqR8DpeohDKheY=
49,-83,afcK8u2JsIUBHgSfoJM6d1NfSI8=,eP2EG6e/0Kk5+uqR8DpeohDKheY=
54,-84,afcK8u2JsIUBHgSfoJM6d1NfSI8=,eP2EG6e/0Kk5+uqR8DpeohDKheY=
48,-83,afcK8u2JsIUBHgSfoJM6d1NfSI8=,eP2EG6e/0Kk5+uqR8DpeohDKheY=
55,-84,afcK8u2JsIUBHgSfoJM6d1NfSI8=,eP2EG6e/0Kk5+uqR8DpeohDKheY=
48,-85,afcK8u2JsIUBHgSfoJM6d1NfSI8=,eP2EG6e/0Kk5+uqR8DpeohDKheY=
51,-84,afcK8u2JsIUBHgSfoJM6d1NfSI8=,eP2EG6e/0Kk5+uqR8DpeohDKheY=
52,-84,afcK8u2JsIUBHgSfoJM6d1NfSI8=,eP2EG6e/0Kk5+uqR8DpeohDKheY=
50,-88,afcK8u2JsIUBHgSfoJM6d1NfSI8=,eP2EG6e/0Kk5+uqR8DpeohDKheY=
53,-84,afcK8u2JsIUBHgSfoJM6d1NfSI8=,eP2EG6e/0Kk5+uqR8DpeohDKheY=
50,-84,afcK8u2JsIUBHgSfoJM6d1NfSI8=,eP2EG6e/0Kk5+uqR8DpeohDKheY=
50,-86,afcK8u2JsIUBHgSfoJM6d1NfSI8=,eP2EG6e/0Kk5+uqR8DpeohDKheY=
55,-88,afcK8u2JsIUBHgSfoJM6d1NfSI8=,eP2EG6e/0Kk5+uqR8DpeohDKheY=
54,-88,afcK8u2JsIUBHgSfoJM6d1NfSI8=,eP2EG6e/0Kk5+uqR8DpeohDKheY=
53,-88,afcK8u2JsIUBHgSfoJM6d1NfSI8=,eP2EG6e/0Kk5+uqR8DpeohDKheY=
49,-84,afcK8u2JsIUBHgSfoJM6d1NfSI8=,eP2EG6e/0Kk5+uqR8DpeohDKheY=
55,-85,afcK8u2JsIUBHgSfoJM6d1NfSI8=,eP2EG6e/0Kk5+uqR8DpeohDKheY=
48,-84,afcK8u2JsIUBHgSfoJM6d1NfSI8=,eP2EG6e/0Kk5+uqR8DpeohDKheY=
49,-88,afcK8u2JsIUBHgSfoJM6d1NfSI8=,eP2EG6e/0Kk5+uqR8DpeohDKheY=
53,-87,afcK8u2JsIUBHgSfoJM6d1NfSI8=,eP2EG6e/0Kk5+uqR8DpeohDKheY=
54,-85,afcK8u2JsIUBHgSfoJM6d1NfSI8=,eP2EG6e/0Kk5+uqR8DpeohDKheY=
52,-85,afcK8u2JsIUBHgSfoJM6d1NfSI8=,eP2EG6e/0Kk5+uqR8DpeohDKheY=
49,-85,afcK8u2JsIUBHgSfoJM6d1NfSI8=,eP2EG6e/0Kk5+uqR8DpeohDKheY=
52,-88,afcK8u2JsIUBHgSfoJM6d1NfSI8=,eP2EG6e/0Kk5+uqR8DpeohDKheY=
51,-85,afcK8u2JsIUBHgSfoJM6d1NfSI8=,eP2EG6e/0Kk5+uqR8DpeohDKheY=
51,-87,afcK8u2JsIUBHgSfoJM6d1NfSI8=,eP2EG6e/0Kk5+uqR8DpeohDKheY=
50,-85,afcK8u2JsIUBHgSfoJM6d1NfSI8=,eP2EG6e/0Kk5+uqR8DpeohDKheY=
52,-87,afcK8u2JsIUBHgSfoJM6d1NfSI8=,eP2EG6e/0Kk5+uqR8DpeohDKheY=
53,-85,afcK8u2JsIUBHgSfoJM6d1NfSI8=,eP2EG6e/0Kk5+uqR8DpeohDKheY=
47,-87,afcK8u2JsIUBHgSfoJM6d1NfSI8=,eP2EG6e/0Kk5+uqR8DpeohDKheY=
45,-85,afcK8u2JsIUBHgSfoJM6d1NfSI8=,eP2EG6e/0Kk5+uqR8DpeohDKheY=
46,-87,afcK8u2JsIUBHgSfoJM6d1NfSI8=,eP2EG6e/0Kk5+uqR8DpeohDKheY=
44,-83,afcK8u2JsIUBHgSfoJM6d1NfSI8=,eP2EG6e/0Kk5+uqR8DpeohDKheY=
45,-84,afcK8u2JsIUBHgSfoJM6d1NfSI8=,eP2EG6e/0Kk5+uqR8DpeohDKheY=
45,-87,afcK8u2JsIUBHgSfoJM6d1NfSI8=,eP2EG6e/0Kk5+uqR8DpeohDKheY=
43,-83,afcK8u2JsIUBHgSfoJM6d1NfSI8=,eP2EG6e/0Kk5+uqR8DpeohDKheY=
42,-83,afcK8u2JsIUBHgSfoJM6d1NfSI8=,eP2EG6e/0Kk5+uqR8DpeohDKheY=
47,-86,afcK8u2JsIUBHgSfoJM6d1NfSI8=,eP2EG6e/0Kk5+uqR8DpeohDKheY=
43,-88,afcK8u2JsIUBHgSfoJM6d1NfSI8=,eP2EG6e/0Kk5+uqR8DpeohDKheY=
44,-85,afcK8u2JsIUBHgSfoJM6d1NfSI8=,eP2EG6e/0Kk5+uqR8DpeohDKheY=
44,-84,afcK8u2JsIUBHgSfoJM6d1NfSI8=,eP2EG6e/0Kk5+uqR8DpeohDKheY=
43,-85,afcK8u2JsIUBHgSfoJM6d1NfSI8=,eP2EG6e/0Kk5+uqR8DpeohDKheY=
46,-86,afcK8u2JsIUBHgSfoJM6d1NfSI8=,eP2EG6e/0Kk5+uqR8DpeohDKheY=
41,-83,afcK8u2JsIUBHgSfoJM6d1NfSI8=,eP2EG6e/0Kk5+uqR8DpeohDKheY=
45,-86,afcK8u2JsIUBHgSfoJM6d1NfSI8=,eP2EG6e/0Kk5+uqR8DpeohDKheY=
42,-85,afcK8u2JsIUBHgSfoJM6d1NfSI8=,eP2EG6e/0Kk5+uqR8DpeohDKheY=
40,-83,afcK8u2JsIUBHgSfoJM6d1NfSI8=,eP2EG6e/0Kk5+uqR8DpeohDKheY=
42,-84,afcK8u2JsIUBHgSfoJM6d1NfSI8=,eP2EG6e/0Kk5+uqR8DpeohDKheY=
41,-85,afcK8u2JsIUBHgSfoJM6d1NfSI8=,eP2EG6e/0Kk5+uqR8DpeohDKheY=
46,-81,afcK8u2JsIUBHgSfoJM6d1NfSI8=,eP2EG6e/0Kk5+uqR8DpeohDKheY=
47,-81,afcK8u2JsIUBHgSfoJM6d1NfSI8=,eP2EG6e/0Kk5+uqR8DpeohDKheY=
43,-86,afcK8u2JsIUBHgSfoJM6d1NfSI8=,eP2EG6e/0Kk5+uqR8DpeohDKheY=
45,-81,afcK8u2JsIUBHgSfoJM6d1NfSI8=,eP2EG6e/0Kk5+uqR8DpeohDKheY=
41,-84,afcK8u2JsIUBHgSfoJM6d1NfSI8=,eP2EG6e/0Kk5+uqR8DpeohDKheY=
42,-86,afcK8u2JsIUBHgSfoJM6d1NfSI8=,eP2EG6e/0Kk5+uqR8DpeohDKheY=
43,-81,afcK8u2JsIUBHgSfoJM6d1NfSI8=,eP2EG6e/0Kk5+uqR8DpeohDKheY=
43,-84,afcK8u2JsIUBHgSfoJM6d1NfSI8=,eP2EG6e/0Kk5+uqR8DpeohDKheY=
42,-81,afcK8u2JsIUBHgSfoJM6d1NfSI8=,eP2EG6e/0Kk5+uqR8DpeohDKheY=
41,-81,afcK8u2JsIUBHgSfoJM6d1NfSI8=,eP2EG6e/0Kk5+uqR8DpeohDKheY=
44,-81,afcK8u2JsIUBHgSfoJM6d1NfSI8=,eP2EG6e/0Kk5+uqR8DpeohDKheY=
40,-81,afcK8u2JsIUBHgSfoJM6d1NfSI8=,eP2EG6e/0Kk5+uqR8DpeohDKheY=
44,-86,afcK8u2JsIUBHgSfoJM6d1NfSI8=,eP2EG6e/0Kk5+uqR8DpeohDKheY=
47,-82,afcK8u2JsIUBHgSfoJM6d1NfSI8=,eP2EG6e/0Kk5+uqR8DpeohDKheY=
47,-84,afcK8u2JsIUBHgSfoJM6d1NfSI8=,eP2EG6e/0Kk5+uqR8DpeohDKheY=
40,-85,afcK8u2JsIUBHgSfoJM6d1NfSI8=,eP2EG6e/0Kk5+uqR8DpeohDKheY=
44,-82,afcK8u2JsIUBHgSfoJM6d1NfSI8=,eP2EG6e/0Kk5+uqR8DpeohDKheY=
43,-82,afcK8u2JsIUBHgSfoJM6d1NfSI8=,eP2EG6e/0Kk5+uqR8DpeohDKheY=
42,-82,afcK8u2JsIUBHgSfoJM6d1NfSI8=,eP2EG6e/0Kk5+uqR8DpeohDKheY=
41,-82,afcK8u2JsIUBHgSfoJM6d1NfSI8=,eP2EG6e/0Kk5+uqR8DpeohDKheY=
40,-84,afcK8u2JsIUBHgSfoJM6d1NfSI8=,eP2EG6e/0Kk5+uqR8DpeohDKheY=
47,-85,afcK8u2JsIUBHgSfoJM6d1NfSI8=,eP2EG6e/0Kk5+uqR8DpeohDKheY=
41,-86,afcK8u2JsIUBHgSfoJM6d1NfSI8=,eP2EG6e/0Kk5+uqR8DpeohDKheY=
46,-84,afcK8u2JsIUBHgSfoJM6d1NfSI8=,eP2EG6e/0Kk5+uqR8DpeohDKheY=
40,-82,afcK8u2JsIUBHgSfoJM6d1NfSI8=,eP2EG6e/0Kk5+uqR8DpeohDKheY=
42,-88,afcK8u2JsIUBHgSfoJM6d1NfSI8=,eP2EG6e/0Kk5+uqR8DpeohDKheY=
41,-87,afcK8u2JsIUBHgSfoJM6d1NfSI8=,eP2EG6e/0Kk5+uqR8DpeohDKheY=
47,-88,afcK8u2JsIUBHgSfoJM6d1NfSI8=,eP2EG6e/0Kk5+uqR8DpeohDKheY=
47,-83,afcK8u2JsIUBHgSfoJM6d1NfSI8=,eP2EG6e/0Kk5+uqR8DpeohDKheY=
40,-87,afcK8u2JsIUBHgSfoJM6d1NfSI8=,eP2EG6e/0Kk5+uqR8DpeohDKheY=
46,-88,afcK8u2JsIUBHgSfoJM6d1NfSI8=,eP2EG6e/0Kk5+uqR8DpeohDKheY=
45,-88,afcK8u2JsIUBHgSfoJM6d1NfSI8=,eP2EG6e/0Kk5+uqR8DpeohDKheY=
44,-88,afcK8u2JsIUBHgSfoJM6d1NfSI8=,eP2EG6e/0Kk5+uqR8DpeohDKheY=
41,-88,afcK8u2JsIUBHgSfoJM6d1NfSI8=,eP2EG6e/0Kk5+uqR8DpeohDKheY=
44,-87,afcK8u2JsIUBHgSfoJM6d1NfSI8=,eP2EG6e/0Kk5+uqR8DpeohDKheY=
40,-88,afcK8u2JsIUBHgSfoJM6d1NfSI8=,eP2EG6e/0Kk5+uqR8DpeohDKheY=
46,-85,afcK8u2JsIUBHgSfoJM6d1NfSI8=,eP2EG6e/0Kk5+uqR8DpeohDKheY=
43,-87,afcK8u2JsIUBHgSfoJM6d1NfSI8=,eP2EG6e/0Kk5+uqR8DpeohDKheY=
42,-87,afcK8u2JsIUBHgSfoJM6d1NfSI8=,eP2EG6e/0Kk5+uqR8DpeohDKheY=
40,-86,afcK8u2JsIUBHgSfoJM6d1NfSI8=,eP2EG6e/0Kk5+uqR8DpeohDKheY=
46,-82,afcK8u2JsIUBHgSfoJM6d1NfSI8=,eP2EG6e/0Kk5+uqR8DpeohDKheY=
46,-83,afcK8u2JsIUBHgSfoJM6d1NfSI8=,eP2EG6e/0Kk5+uqR8DpeohDKheY=
45,-82,afcK8u2JsIUBHgSfoJM6d1NfSI8=,eP2EG6e/0Kk5+uqR8DpeohDKheY=
45,-83,afcK8u2JsIUBHgSfoJM6d1NfSI8=,eP2EG6e/0Kk5+uqR8DpeohDKheY=
47,-73,afcK8u2JsIUBHgSfoJM6d1NfSI8=,eP2EG6e/0Kk5+uqR8DpeohDKheY=
46,-73,afcK8u2JsIUBHgSfoJM6d1NfSI8=,eP2EG6e/0Kk5+uqR8DpeohDKheY=
44,-73,afcK8u2JsIUBHgSfoJM6d1NfSI8=,eP2EG6e/0Kk5+uqR8DpeohDKheY=
42,-73,afcK8u2JsIUBHgSfoJM6d1NfSI8=,eP2EG6e/0Kk5+uqR8DpeohDKheY=
43,-73,afcK8u2JsIUBHgSfoJM6d1NfSI8=,eP2EG6e/0Kk5+uqR8DpeohDKheY=
45,-73,afcK8u2JsIUBHgSfoJM6d1NfSI8=,eP2EG6e/0Kk5+uqR8DpeohDKheY=
43,-77,afcK8u2JsIUBHgSfoJM6d1NfSI8=,eP2EG6e/0Kk5+uqR8DpeohDKheY=
44,-77,afcK8u2JsIUBHgSfoJM6d1NfSI8=,eP2EG6e/0Kk5+uqR8DpeohDKheY=
41,-73,afcK8u2JsIUBHgSfoJM6d1NfSI8=,eP2EG6e/0Kk5+uqR8DpeohDKheY=
42,-77,afcK8u2JsIUBHgSfoJM6d1NfSI8=,eP2EG6e/0Kk5+uqR8DpeohDKheY=
40,-73,afcK8u2JsIUBHgSfoJM6d1NfSI8=,eP2EG6e/0Kk5+uqR8DpeohDKheY=
45,-77,afcK8u2JsIUBHgSfoJM6d1NfSI8=,eP2EG6e/0Kk5+uqR8DpeohDKheY=
47,-74,afcK8u2JsIUBHgSfoJM6d1NfSI8=,eP2EG6e/0Kk5+uqR8DpeohDKheY=
46,-74,afcK8u2JsIUBHgSfoJM6d1NfSI8=,eP2EG6e/0Kk5+uqR8DpeohDKheY=
44,-74,afcK8u2JsIUBHgSfoJM6d1NfSI8=,eP2EG6e/0Kk5+uqR8DpeohDKheY=
43,-74,afcK8u2JsIUBHgSfoJM6d1NfSI8=,eP2EG6e/0Kk5+uqR8DpeohDKheY=
45,-78,afcK8u2JsIUBHgSfoJM6d1NfSI8=,eP2EG6e/0Kk5+uqR8DpeohDKheY=
46,-77,afcK8u2JsIUBHgSfoJM6d1NfSI8=,eP2EG6e/0Kk5+uqR8DpeohDKheY=
42,-74,afcK8u2JsIUBHgSfoJM6d1NfSI8=,eP2EG6e/0Kk5+uqR8DpeohDKheY=
45,-74,afcK8u2JsIUBHgSfoJM6d1NfSI8=,eP2EG6e/0Kk5+uqR8DpeohDKheY=
40,-74,afcK8u2JsIUBHgSfoJM6d1NfSI8=,eP2EG6e/0Kk5+uqR8DpeohDKheY=
41,-74,afcK8u2JsIUBHgSfoJM6d1NfSI8=,eP2EG6e/0Kk5+uqR8DpeohDKheY=
42,-79,afcK8u2JsIUBHgSfoJM6d1NfSI8=,eP2EG6e/0Kk5+uqR8DpeohDKheY=
47,-75,afcK8u2JsIUBHgSfoJM6d1NfSI8=,eP2EG6e/0Kk5+uqR8DpeohDKheY=
43,-80,afcK8u2JsIUBHgSfoJM6d1NfSI8=,eP2EG6e/0Kk5+uqR8DpeohDKheY=
47,-80,afcK8u2JsIUBHgSfoJM6d1NfSI8=,eP2EG6e/0Kk5+uqR8DpeohDKheY=
40,-79,afcK8u2JsIUBHgSfoJM6d1NfSI8=,eP2EG6e/0Kk5+uqR8DpeohDKheY=
41,-79,afcK8u2JsIUBHgSfoJM6d1NfSI8=,eP2EG6e/0Kk5+uqR8DpeohDKheY=
45,-75,afcK8u2JsIUBHgSfoJM6d1NfSI8=,eP2EG6e/0Kk5+uqR8DpeohDKheY=
47,-77,afcK8u2JsIUBHgSfoJM6d1NfSI8=,eP2EG6e/0Kk5+uqR8DpeohDKheY=
46,-75,afcK8u2JsIUBHgSfoJM6d1NfSI8=,eP2EG6e/0Kk5+uqR8DpeohDKheY=
46,-80,afcK8u2JsIUBHgSfoJM6d1NfSI8=,eP2EG6e/0Kk5+uqR8DpeohDKheY=
47,-79,afcK8u2JsIUBHgSfoJM6d1NfSI8=,eP2EG6e/0Kk5+uqR8DpeohDKheY=
44,-75,afcK8u2JsIUBHgSfoJM6d1NfSI8=,eP2EG6e/0Kk5+uqR8DpeohDKheY=
45,-80,afcK8u2JsIUBHgSfoJM6d1NfSI8=,eP2EG6e/0Kk5+uqR8DpeohDKheY=
42,-80,afcK8u2JsIUBHgSfoJM6d1NfSI8=,eP2EG6e/0Kk5+uqR8DpeohDKheY=
40,-76,afcK8u2JsIUBHgSfoJM6d1NfSI8=,eP2EG6e/0Kk5+uqR8DpeohDKheY=
44,-80,afcK8u2JsIUBHgSfoJM6d1NfSI8=,eP2EG6e/0Kk5+uqR8DpeohDKheY=
46,-79,afcK8u2JsIUBHgSfoJM6d1NfSI8=,eP2EG6e/0Kk5+uqR8DpeohDKheY=
41,-77,afcK8u2JsIUBHgSfoJM6d1NfSI8=,eP2EG6e/0Kk5+uqR8DpeohDKheY=
40,-77,afcK8u2JsIUBHgSfoJM6d1NfSI8=,eP2EG6e/0Kk5+uqR8DpeohDKheY=
45,-79,afcK8u2JsIUBHgSfoJM6d1NfSI8=,eP2EG6e/0Kk5+uqR8DpeohDKheY=
41,-76,afcK8u2JsIUBHgSfoJM6d1NfSI8=,eP2EG6e/0Kk5+uqR8DpeohDKheY=
42,-75,afcK8u2JsIUBHgSfoJM6d1NfSI8=,eP2EG6e/0Kk5+uqR8DpeohDKheY=
41,-75,afcK8u2JsIUBHgSfoJM6d1NfSI8=,eP2EG6e/0Kk5+uqR8DpeohDKheY=
42,-76,afcK8u2JsIUBHgSfoJM6d1NfSI8=,eP2EG6e/0Kk5+uqR8DpeohDKheY=
43,-75,afcK8u2JsIUBHgSfoJM6d1NfSI8=,eP2EG6e/0Kk5+uqR8DpeohDKheY=
40,-75,afcK8u2JsIUBHgSfoJM6d1NfSI8=,eP2EG6e/0Kk5+uqR8DpeohDKheY=
47,-76,afcK8u2JsIUBHgSfoJM6d1NfSI8=,eP2EG6e/0Kk5+uqR8DpeohDKheY=
46,-76,afcK8u2JsIUBHgSfoJM6d1NfSI8=,eP2EG6e/0Kk5+uqR8DpeohDKheY=
45,-76,afcK8u2JsIUBHgSfoJM6d1NfSI8=,eP2EG6e/0Kk5+uqR8DpeohDKheY=
47,-78,afcK8u2JsIUBHgSfoJM6d1NfSI8=,eP2EG6e/0Kk5+uqR8DpeohDKheY=
40,-80,afcK8u2JsIUBHgSfoJM6d1NfSI8=,eP2EG6e/0Kk5+uqR8DpeohDKheY=
44,-79,afcK8u2JsIUBHgSfoJM6d1NfSI8=,eP2EG6e/0Kk5+uqR8DpeohDKheY=
46,-78,afcK8u2JsIUBHgSfoJM6d1NfSI8=,eP2EG6e/0Kk5+uqR8DpeohDKheY=
44,-78,afcK8u2JsIUBHgSfoJM6d1NfSI8=,eP2EG6e/0Kk5+uqR8DpeohDKheY=
43,-76,afcK8u2JsIUBHgSfoJM6d1NfSI8=,eP2EG6e/0Kk5+uqR8DpeohDKheY=
44,-76,afcK8u2JsIUBHgSfoJM6d1NfSI8=,eP2EG6e/0Kk5+uqR8DpeohDKheY=
40,-78,afcK8u2JsIUBHgSfoJM6d1NfSI8=,eP2EG6e/0Kk5+uqR8DpeohDKheY=
43,-79,afcK8u2JsIUBHgSfoJM6d1NfSI8=,eP2EG6e/0Kk5+uqR8DpeohDKheY=
43,-78,afcK8u2JsIUBHgSfoJM6d1NfSI8=,eP2EG6e/0Kk5+uqR8DpeohDKheY=
41,-80,afcK8u2JsIUBHgSfoJM6d1NfSI8=,eP2EG6e/0Kk5+uqR8DpeohDKheY=
41,-78,afcK8u2JsIUBHgSfoJM6d1NfSI8=,eP2EG6e/0Kk5+uqR8DpeohDKheY=
42,-78,afcK8u2JsIUBHgSfoJM6d1NfSI8=,eP2EG6e/0Kk5+uqR8DpeohDKheY=
