12,1,qN+tzy3qbfpjCRza8yiiCa8U6Ec=,eWmVwpX3VmIqrcMLANt5MEQfEGc=
4,11,qN+tzy3qbfpjCRza8yiiCa8U6Ec=,eWmVwpX3VmIqrcMLANt5MEQfEGc=
3,10,qN+tzy3qbfpjCRza8yiiCa8U6Ec=,eWmVwpX3VmIqrcMLANt5MEQfEGc=
12,3,qN+tzy3qbfpjCRza8yiiCa8U6Ec=,eWmVwpX3VmIqrcMLANt5MEQfEGc=
3,11,qN+tzy3qbfpjCRza8yiiCa8U6Ec=,eWmVwpX3VmIqrcMLANt5MEQfEGc=
12,5,qN+tzy3qbfpjCRza8yiiCa8U6Ec=,eWmVwpX3VmIqrcMLANt5MEQfEGc=
3,14,qN+tzy3qbfpjCRza8yiiCa8U6Ec=,eWmVwpX3VmIqrcMLANt5MEQfEGc=
13,1,qN+tzy3qbfpjCRza8yiiCa8U6Ec=,eWmVwpX3VmIqrcMLANt5MEQfEGc=
2,14,qN+tzy3qbfpjCRza8yiiCa8U6Ec=,eWmVwpX3VmIqrcMLANt5MEQfEGc=
13,5,qN+tzy3qbfpjCRza8yiiCa8U6Ec=,eWmVwpX3VmIqrcMLANt5MEQfEGc=
14,1,qN+tzy3qbfpjCRza8yiiCa8U6Ec=,eWmVwpX3VmIqrcMLANt5MEQfEGc=
13,3,qN+tzy3qbfpjCRza8yiiCa8U6Ec=,eWmVwpX3VmIqrcMLANt5MEQfEGc=
2,10,qN+tzy3qbfpjCRza8yiiCa8U6Ec=,eWmVwpX3VmIqrcMLANt5MEQfEGc=
1,10,qN+tzy3qbfpjCRza8yiiCa8U6Ec=,eWmVwpX3VmIqrcMLANt5MEQfEGc=
3,13,qN+tzy3qbfpjCRza8yiiCa8U6Ec=,eWmVwpX3VmIqrcMLANt5MEQfEGc=
6,9,qN+tzy3qbfpjCRza8yiiCa8U6Ec=,eWmVwpX3VmIqrcMLANt5MEQfEGc=
2,13,qN+tzy3qbfpjCRza8yiiCa8U6Ec=,eWmVwpX3VmIqrcMLANt5MEQfEGc=
14,5,qN+tzy3qbfpjCRza8yiiCa8U6Ec=,eWmVwpX3VmIqrcMLANt5MEQfEGc=
1,13,qN+tzy3qbfpjCRza8yiiCa8U6Ec=,eWmVwpX3VmIqrcMLANt5MEQfEGc=
11,5,qN+tzy3qbfpjCRza8yiiCa8U6Ec=,eWmVwpX3VmIqrcMLANt5MEQfEGc=
2,11,qN+tzy3qbfpjCRza8yiiCa8U6Ec=,eWmVwpX3VmIqrcMLANt5MEQfEGc=
1,14,qN+tzy3qbfpjCRza8yiiCa8U6Ec=,eWmVwpX3VmIqrcMLANt5MEQfEGc=
12,2,qN+tzy3qbfpjCRza8yiiCa8U6Ec=,eWmVwpX3VmIqrcMLANt5MEQfEGc=
4,3,qN+tzy3qbfpjCRza8yiiCa8U6Ec=,eWmVwpX3VmIqrcMLANt5MEQfEGc=
1,11,qN+tzy3qbfpjCRza8yiiCa8U6Ec=,eWmVwpX3VmIqrcMLANt5MEQfEGc=
6,12,qN+tzy3qbfpjCRza8yiiCa8U6Ec=,eWmVwpX3VmIqrcMLANt5MEQfEGc=
14,3,qN+tzy3qbfpjCRza8yiiCa8U6Ec=,eWmVwpX3VmIqrcMLANt5MEQfEGc=
4,8,qN+tzy3qbfpjCRza8yiiCa8U6Ec=,eWmVwpX3VmIqrcMLANt5MEQfEGc=
2,2,qN+tzy3qbfpjCRza8yiiCa8U6Ec=,eWmVwpX3VmIqrcMLANt5MEQfEGc=
6,13,qN+tzy3qbfpjCRza8yiiCa8U6Ec=,eWmVwpX3VmIqrcMLANt5MEQfEGc=
13,2,qN+tzy3qbfpjCRza8yiiCa8U6Ec=,eWmVwpX3VmIqrcMLANt5MEQfEGc=
4,5,qN+tzy3qbfpjCRza8yiiCa8U6Ec=,eWmVwpX3VmIqrcMLANt5MEQfEGc=
5,13,qN+tzy3qbfpjCRza8yiiCa8U6Ec=,eWmVwpX3VmIqrcMLANt5MEQfEGc=
4,2,qN+tzy3qbfpjCRza8yiiCa8U6Ec=,eWmVwpX3VmIqrcMLANt5MEQfEGc=
5,9,qN+tzy3qbfpjCRza8yiiCa8U6Ec=,eWmVwpX3VmIqrcMLANt5MEQfEGc=
4,9,qN+tzy3qbfpjCRza8yiiCa8U6Ec=,eWmVwpX3VmIqrcMLANt5MEQfEGc=
9,4,qN+tzy3qbfpjCRza8yiiCa8U6Ec=,eWmVwpX3VmIqrcMLANt5MEQfEGc=
5,12,qN+tzy3qbfpjCRza8yiiCa8U6Ec=,eWmVwpX3VmIqrcMLANt5MEQfEGc=
10,1,qN+tzy3qbfpjCRza8yiiCa8U6Ec=,eWmVwpX3VmIqrcMLANt5MEQfEGc=
4,12,qN+tzy3qbfpjCRza8yiiCa8U6Ec=,eWmVwpX3VmIqrcMLANt5MEQfEGc=
10,4,qN+tzy3qbfpjCRza8yiiCa8U6Ec=,eWmVwpX3VmIqrcMLANt5MEQfEGc=
11,1,qN+tzy3qbfpjCRza8yiiCa8U6Ec=,eWmVwpX3VmIqrcMLANt5MEQfEGc=
4,13,qN+tzy3qbfpjCRza8yiiCa8U6Ec=,eWmVwpX3VmIqrcMLANt5MEQfEGc=
3,9,qN+tzy3qbfpjCRza8yiiCa8U6Ec=,eWmVwpX3VmIqrcMLANt5MEQfEGc=
6,1,qN+tzy3qbfpjCRza8yiiCa8U6Ec=,eWmVwpX3VmIqrcMLANt5MEQfEGc=
2,9,qN+tzy3qbfpjCRza8yiiCa8U6Ec=,eWmVwpX3VmIqrcMLANt5MEQfEGc=
10,3,qN+tzy3qbfpjCRza8yiiCa8U6Ec=,eWmVwpX3VmIqrcMLANt5MEQfEGc=
5,4,qN+tzy3qbfpjCRza8yiiCa8U6Ec=,eWmVwpX3VmIqrcMLANt5MEQfEGc=
11,4,qN+tzy3qbfpjCRza8yiiCa8U6Ec=,eWmVwpX3VmIqrcMLANt5MEQfEGc=
4,4,qN+tzy3qbfpjCRza8yiiCa8U6Ec=,eWmVwpX3VmIqrcMLANt5MEQfEGc=
3,12,qN+tzy3qbfpjCRza8yiiCa8U6Ec=,eWmVwpX3VmIqrcMLANt5MEQfEGc=
6,14,qN+tzy3qbfpjCRza8yiiCa8U6Ec=,eWmVwpX3VmIqrcMLANt5MEQfEGc=
11,3,qN+tzy3qbfpjCRza8yiiCa8U6Ec=,eWmVwpX3VmIqrcMLANt5MEQfEGc=
3,5,qN+tzy3qbfpjCRza8yiiCa8U6Ec=,eWmVwpX3VmIqrcMLANt5MEQfEGc=
1,4,qN+tzy3qbfpjCRza8yiiCa8U6Ec=,eWmVwpX3VmIqrcMLANt5MEQfEGc=
12,4,qN+tzy3qbfpjCRza8yiiCa8U6Ec=,eWmVwpX3VmIqrcMLANt5MEQfEGc=
3,7,qN+tzy3qbfpjCRza8yiiCa8U6Ec=,eWmVwpX3VmIqrcMLANt5MEQfEGc=
5,8,qN+tzy3qbfpjCRza8yiiCa8U6Ec=,eWmVwpX3VmIqrcMLANt5MEQfEGc=
1,12,qN+tzy3qbfpjCRza8yiiCa8U6Ec=,eWmVwpX3VmIqrcMLANt5MEQfEGc=
2,12,qN+tzy3qbfpjCRza8yiiCa8U6Ec=,eWmVwpX3VmIqrcMLANt5MEQfEGc=
1,5,qN+tzy3qbfpjCRza8yiiCa8U6Ec=,eWmVwpX3VmIqrcMLANt5MEQfEGc=
5,14,qN+tzy3qbfpjCRza8yiiCa8U6Ec=,eWmVwpX3VmIqrcMLANt5MEQfEGc=
12,6,qN+tzy3qbfpjCRza8yiiCa8U6Ec=,eWmVwpX3VmIqrcMLANt5MEQfEGc=
9,1,qN+tzy3qbfpjCRza8yiiCa8U6Ec=,eWmVwpX3VmIqrcMLANt5MEQfEGc=
6,10,qN+tzy3qbfpjCRza8yiiCa8U6Ec=,eWmVwpX3VmIqrcMLANt5MEQfEGc=
10,5,qN+tzy3qbfpjCRza8yiiCa8U6Ec=,eWmVwpX3VmIqrcMLANt5MEQfEGc=
1,1,qN+tzy3qbfpjCRza8yiiCa8U6Ec=,eWmVwpX3VmIqrcMLANt5MEQfEGc=
5,10,qN+tzy3qbfpjCRza8yiiCa8U6Ec=,eWmVwpX3VmIqrcMLANt5MEQfEGc=
3,3,qN+tzy3qbfpjCRza8yiiCa8U6Ec=,eWmVwpX3VmIqrcMLANt5MEQfEGc=
3,8,qN+tzy3qbfpjCRza8yiiCa8U6Ec=,eWmVwpX3VmIqrcMLANt5MEQfEGc=
13,6,qN+tzy3qbfpjCRza8yiiCa8U6Ec=,eWmVwpX3VmIqrcMLANt5MEQfEGc=
2,8,qN+tzy3qbfpjCRza8yiiCa8U6Ec=,eWmVwpX3VmIqrcMLANt5MEQfEGc=
5,3,qN+tzy3qbfpjCRza8yiiCa8U6Ec=,eWmVwpX3VmIqrcMLANt5MEQfEGc=
4,10,qN+tzy3qbfpjCRza8yiiCa8U6Ec=,eWmVwpX3VmIqrcMLANt5MEQfEGc=
6,11,qN+tzy3qbfpjCRza8yiiCa8U6Ec=,eWmVwpX3VmIqrcMLANt5MEQfEGc=
4,14,qN+tzy3qbfpjCRza8yiiCa8U6Ec=,eWmVwpX3VmIqrcMLANt5MEQfEGc=
5,11,qN+tzy3qbfpjCRza8yiiCa8U6Ec=,eWmVwpX3VmIqrcMLANt5MEQfEGc=
2,5,qN+tzy3qbfpjCRza8yiiCa8U6Ec=,eWmVwpX3VmIqrcMLANt5MEQfEGc=
14,2,qN+tzy3qbfpjCRza8yiiCa8U6Ec=,eWmVwpX3VmIqrcMLANt5MEQfEGc=
10,6,qN+tzy3qbfpjCRza8yiiCa8U6Ec=,eWmVwpX3VmIqrcMLANt5MEQfEGc=
5,5,qN+tzy3qbfpjCRza8yiiCa8U6Ec=,eWmVwpX3VmIqrcMLANt5MEQfEGc=
9,5,qN+tzy3qbfpjCRza8yiiCa8U6Ec=,eWmVwpX3VmIqrcMLANt5MEQfEGc=
10,2,qN+tzy3qbfpjCRza8yiiCa8U6Ec=,eWmVwpX3VmIqrcMLANt5MEQfEGc=
9,3,qN+tzy3qbfpjCRza8yiiCa8U6Ec=,eWmVwpX3VmIqrcMLANt5MEQfEGc=
11,2,qN+tzy3qbfpjCRza8yiiCa8U6Ec=,eWmVwpX3VmIqrcMLANt5MEQfEGc=
9,6,qN+tzy3qbfpjCRza8yiiCa8U6Ec=,eWmVwpX3VmIqrcMLANt5MEQfEGc=
1,2,qN+tzy3qbfpjCRza8yiiCa8U6Ec=,eWmVwpX3VmIqrcMLANt5MEQfEGc=
6,8,qN+tzy3qbfpjCRza8yiiCa8U6Ec=,eWmVwpX3VmIqrcMLANt5MEQfEGc=
13,4,qN+tzy3qbfpjCRza8yiiCa8U6Ec=,eWmVwpX3VmIqrcMLANt5MEQfEGc=
14,6,qN+tzy3qbfpjCRza8yiiCa8U6Ec=,eWmVwpX3VmIqrcMLANt5MEQfEGc=
14,4,qN+tzy3qbfpjCRza8yiiCa8U6Ec=,eWmVwpX3VmIqrcMLANt5MEQfEGc=
2,7,qN+tzy3qbfpjCRza8yiiCa8U6Ec=,eWmVwpX3VmIqrcMLANt5MEQfEGc=
1,7,qN+tzy3qbfpjCRza8yiiCa8U6Ec=,eWmVwpX3VmIqrcMLANt5MEQfEGc=
8,3,qN+tzy3qbfpjCRza8yiiCa8U6Ec=,eWmVwpX3VmIqrcMLANt5MEQfEGc=
3,4,qN+tzy3qbfpjCRza8yiiCa8U6Ec=,eWmVwpX3VmIqrcMLANt5MEQfEGc=
4,1,qN+tzy3qbfpjCRza8yiiCa8U6Ec=,eWmVwpX3VmIqrcMLANt5MEQfEGc=
7,6,qN+tzy3qbfpjCRza8yiiCa8U6Ec=,eWmVwpX3VmIqrcMLANt5MEQfEGc=
8,5,qN+tzy3qbfpjCRza8yiiCa8U6Ec=,eWmVwpX3VmIqrcMLANt5MEQfEGc=
2,1,qN+tzy3qbfpjCRza8yiiCa8U6Ec=,eWmVwpX3VmIqrcMLANt5MEQfEGc=
6,6,qN+tzy3qbfpjCRza8yiiCa8U6Ec=,eWmVwpX3VmIqrcMLANt5MEQfEGc=
5,6,qN+tzy3qbfpjCRza8yiiCa8U6Ec=,eWmVwpX3VmIqrcMLANt5MEQfEGc=
9,2,qN+tzy3qbfpjCRza8yiiCa8U6Ec=,eWmVwpX3VmIqrcMLANt5MEQfEGc=
7,2,qN+tzy3qbfpjCRza8yiiCa8U6Ec=,eWmVwpX3VmIqrcMLANt5MEQfEGc=
6,5,qN+tzy3qbfpjCRza8yiiCa8U6Ec=,eWmVwpX3VmIqrcMLANt5MEQfEGc=
8,2,qN+tzy3qbfpjCRza8yiiCa8U6Ec=,eWmVwpX3VmIqrcMLANt5MEQfEGc=
1,8,qN+tzy3qbfpjCRza8yiiCa8U6Ec=,eWmVwpX3VmIqrcMLANt5MEQfEGc=
8,1,qN+tzy3qbfpjCRza8yiiCa8U6Ec=,eWmVwpX3VmIqrcMLANt5MEQfEGc=
2,4,qN+tzy3qbfpjCRza8yiiCa8U6Ec=,eWmVwpX3VmIqrcMLANt5MEQfEGc=
4,6,qN+tzy3qbfpjCRza8yiiCa8U6Ec=,eWmVwpX3VmIqrcMLANt5MEQfEGc=
3,6,qN+tzy3qbfpjCRza8yiiCa8U6Ec=,eWmVwpX3VmIqrcMLANt5MEQfEGc=
8,6,qN+tzy3qbfpjCRza8yiiCa8U6Ec=,eWmVwpX3VmIqrcMLANt5MEQfEGc=
1,3,qN+tzy3qbfpjCRza8yiiCa8U6Ec=,eWmVwpX3VmIqrcMLANt5MEQfEGc=
2,6,qN+tzy3qbfpjCRza8yiiCa8U6Ec=,eWmVwpX3VmIqrcMLANt5MEQfEGc=
8,4,qN+tzy3qbfpjCRza8yiiCa8U6Ec=,eWmVwpX3VmIqrcMLANt5MEQfEGc=
7,3,qN+tzy3qbfpjCRza8yiiCa8U6Ec=,eWmVwpX3VmIqrcMLANt5MEQfEGc=
7,4,qN+tzy3qbfpjCRza8yiiCa8U6Ec=,eWmVwpX3VmIqrcMLANt5MEQfEGc=
6,4,qN+tzy3qbfpjCRza8yiiCa8U6Ec=,eWmVwpX3VmIqrcMLANt5MEQfEGc=
6,3,qN+tzy3qbfpjCRza8yiiCa8U6Ec=,eWmVwpX3VmIqrcMLANt5MEQfEGc=
7,1,qN+tzy3qbfpjCRza8yiiCa8U6Ec=,eWmVwpX3VmIqrcMLANt5MEQfEGc=
2,3,qN+tzy3qbfpjCRza8yiiCa8U6Ec=,eWmVwpX3VmIqrcMLANt5MEQfEGc=
6,7,qN+tzy3qbfpjCRza8yiiCa8U6Ec=,eWmVwpX3VmIqrcMLANt5MEQfEGc=
5,1,qN+tzy3qbfpjCRza8yiiCa8U6Ec=,eWmVwpX3VmIqrcMLANt5MEQfEGc=
6,2,qN+tzy3qbfpjCRza8yiiCa8U6Ec=,eWmVwpX3VmIqrcMLANt5MEQfEGc=
1,6,qN+tzy3qbfpjCRza8yiiCa8U6Ec=,eWmVwpX3VmIqrcMLANt5MEQfEGc=
5,7,qN+tzy3qbfpjCRza8yiiCa8U6Ec=,eWmVwpX3VmIqrcMLANt5MEQfEGc=
3,2,qN+tzy3qbfpjCRza8yiiCa8U6Ec=,eWmVwpX3VmIqrcMLANt5MEQfEGc=
7,5,qN+tzy3qbfpjCRza8yiiCa8U6Ec=,eWmVwpX3VmIqrcMLANt5MEQfEGc=
4,7,qN+tzy3qbfpjCRza8yiiCa8U6Ec=,eWmVwpX3VmIqrcMLANt5MEQfEGc=
5,2,qN+tzy3qbfpjCRza8yiiCa8U6Ec=,eWmVwpX3VmIqrcMLANt5MEQfEGc=
3,1,qN+tzy3qbfpjCRza8yiiCa8U6Ec=,eWmVwpX3VmIqrcMLANt5MEQfEGc=
11,6,qN+tzy3qbfpjCRza8yiiCa8U6Ec=,eWmVwpX3VmIqrcMLANt5MEQfEGc=
15,13,qN+tzy3qbfpjCRza8yiiCa8U6Ec=,eWmVwpX3VmIqrcMLANt5MEQfEGc=
12,13,qN+tzy3qbfpjCRza8yiiCa8U6Ec=,eWmVwpX3VmIqrcMLANt5MEQfEGc=
12,15,qN+tzy3qbfpjCRza8yiiCa8U6Ec=,eWmVwpX3VmIqrcMLANt5MEQfEGc=
15,14,qN+tzy3qbfpjCRza8yiiCa8U6Ec=,eWmVwpX3VmIqrcMLANt5MEQfEGc=
15,12,qN+tzy3qbfpjCRza8yiiCa8U6Ec=,eWmVwpX3VmIqrcMLANt5MEQfEGc=
11,15,qN+tzy3qbfpjCRza8yiiCa8U6Ec=,eWmVwpX3VmIqrcMLANt5MEQfEGc=
11,10,qN+tzy3qbfpjCRza8yiiCa8U6Ec=,eWmVwpX3VmIqrcMLANt5MEQfEGc=
15,9,qN+tzy3qbfpjCRza8yiiCa8U6Ec=,eWmVwpX3VmIqrcMLANt5MEQfEGc=
10,15,qN+tzy3qbfpjCRza8yiiCa8U6Ec=,eWmVwpX3VmIqrcMLANt5MEQfEGc=
15,11,qN+tzy3qbfpjCRza8yiiCa8U6Ec=,eWmVwpX3VmIqrcMLANt5MEQfEGc=
13,15,qN+tzy3qbfpjCRza8yiiCa8U6Ec=,eWmVwpX3VmIqrcMLANt5MEQfEGc=
9,15,qN+tzy3qbfpjCRza8yiiCa8U6Ec=,eWmVwpX3VmIqrcMLANt5MEQfEGc=
1,9,qN+tzy3qbfpjCRza8yiiCa8U6Ec=,eWmVwpX3VmIqrcMLANt5MEQfEGc=
14,15,qN+tzy3qbfpjCRza8yiiCa8U6Ec=,eWmVwpX3VmIqrcMLANt5MEQfEGc=
11,7,qN+tzy3qbfpjCRza8yiiCa8U6Ec=,eWmVwpX3VmIqrcMLANt5MEQfEGc=
11,12,qN+tzy3qbfpjCRza8yiiCa8U6Ec=,eWmVwpX3VmIqrcMLANt5MEQfEGc=
10,12,qN+tzy3qbfpjCRza8yiiCa8U6Ec=,eWmVwpX3VmIqrcMLANt5MEQfEGc=
11,8,qN+tzy3qbfpjCRza8yiiCa8U6Ec=,eWmVwpX3VmIqrcMLANt5MEQfEGc=
14,7,qN+tzy3qbfpjCRza8yiiCa8U6Ec=,eWmVwpX3VmIqrcMLANt5MEQfEGc=
13,13,qN+tzy3qbfpjCRza8yiiCa8U6Ec=,eWmVwpX3VmIqrcMLANt5MEQfEGc=
10,7,qN+tzy3qbfpjCRza8yiiCa8U6Ec=,eWmVwpX3VmIqrcMLANt5MEQfEGc=
12,12,qN+tzy3qbfpjCRza8yiiCa8U6Ec=,eWmVwpX3VmIqrcMLANt5MEQfEGc=
10,8,qN+tzy3qbfpjCRza8yiiCa8U6Ec=,eWmVwpX3VmIqrcMLANt5MEQfEGc=
13,12,qN+tzy3qbfpjCRza8yiiCa8U6Ec=,eWmVwpX3VmIqrcMLANt5MEQfEGc=
9,8,qN+tzy3qbfpjCRza8yiiCa8U6Ec=,eWmVwpX3VmIqrcMLANt5MEQfEGc=
8,8,qN+tzy3qbfpjCRza8yiiCa8U6Ec=,eWmVwpX3VmIqrcMLANt5MEQfEGc=
14,14,qN+tzy3qbfpjCRza8yiiCa8U6Ec=,eWmVwpX3VmIqrcMLANt5MEQfEGc=
13,14,qN+tzy3qbfpjCRza8yiiCa8U6Ec=,eWmVwpX3VmIqrcMLANt5MEQfEGc=
9,7,qN+tzy3qbfpjCRza8yiiCa8U6Ec=,eWmVwpX3VmIqrcMLANt5MEQfEGc=
14,13,qN+tzy3qbfpjCRza8yiiCa8U6Ec=,eWmVwpX3VmIqrcMLANt5MEQfEGc=
9,12,qN+tzy3qbfpjCRza8yiiCa8U6Ec=,eWmVwpX3VmIqrcMLANt5MEQfEGc=
8,7,qN+tzy3qbfpjCRza8yiiCa8U6Ec=,eWmVwpX3VmIqrcMLANt5MEQfEGc=
10,10,qN+tzy3qbfpjCRza8yiiCa8U6Ec=,eWmVwpX3VmIqrcMLANt5MEQfEGc=
7,9,qN+tzy3qbfpjCRza8yiiCa8U6Ec=,eWmVwpX3VmIqrcMLANt5MEQfEGc=
9,10,qN+tzy3qbfpjCRza8yiiCa8U6Ec=,eWmVwpX3VmIqrcMLANt5MEQfEGc=
8,10,qN+tzy3qbfpjCRza8yiiCa8U6Ec=,eWmVwpX3VmIqrcMLANt5MEQfEGc=
12,14,qN+tzy3qbfpjCRza8yiiCa8U6Ec=,eWmVwpX3VmIqrcMLANt5MEQfEGc=
12,8,qN+tzy3qbfpjCRza8yiiCa8U6Ec=,eWmVwpX3VmIqrcMLANt5MEQfEGc=
8,12,qN+tzy3qbfpjCRza8yiiCa8U6Ec=,eWmVwpX3VmIqrcMLANt5MEQfEGc=
7,12,qN+tzy3qbfpjCRza8yiiCa8U6Ec=,eWmVwpX3VmIqrcMLANt5MEQfEGc=
14,9,qN+tzy3qbfpjCRza8yiiCa8U6Ec=,eWmVwpX3VmIqrcMLANt5MEQfEGc=
14,11,qN+tzy3qbfpjCRza8yiiCa8U6Ec=,eWmVwpX3VmIqrcMLANt5MEQfEGc=
13,9,qN+tzy3qbfpjCRza8yiiCa8U6Ec=,eWmVwpX3VmIqrcMLANt5MEQfEGc=
10,14,qN+tzy3qbfpjCRza8yiiCa8U6Ec=,eWmVwpX3VmIqrcMLANt5MEQfEGc=
12,9,qN+tzy3qbfpjCRza8yiiCa8U6Ec=,eWmVwpX3VmIqrcMLANt5MEQfEGc=
15,1,qN+tzy3qbfpjCRza8yiiCa8U6Ec=,eWmVwpX3VmIqrcMLANt5MEQfEGc=
11,13,qN+tzy3qbfpjCRza8yiiCa8U6Ec=,eWmVwpX3VmIqrcMLANt5MEQfEGc=
11,9,qN+tzy3qbfpjCRza8yiiCa8U6Ec=,eWmVwpX3VmIqrcMLANt5MEQfEGc=
10,9,qN+tzy3qbfpjCRza8yiiCa8U6Ec=,eWmVwpX3VmIqrcMLANt5MEQfEGc=
15,7,qN+tzy3qbfpjCRza8yiiCa8U6Ec=,eWmVwpX3VmIqrcMLANt5MEQfEGc=
9,9,qN+tzy3qbfpjCRza8yiiCa8U6Ec=,eWmVwpX3VmIqrcMLANt5MEQfEGc=
15,8,qN+tzy3qbfpjCRza8yiiCa8U6Ec=,eWmVwpX3VmIqrcMLANt5MEQfEGc=
8,9,qN+tzy3qbfpjCRza8yiiCa8U6Ec=,eWmVwpX3VmIqrcMLANt5MEQfEGc=
7,13,qN+tzy3qbfpjCRza8yiiCa8U6Ec=,eWmVwpX3VmIqrcMLANt5MEQfEGc=
11,14,qN+tzy3qbfpjCRza8yiiCa8U6Ec=,eWmVwpX3VmIqrcMLANt5MEQfEGc=
13,11,qN+tzy3qbfpjCRza8yiiCa8U6Ec=,eWmVwpX3VmIqrcMLANt5MEQfEGc=
7,7,qN+tzy3qbfpjCRza8yiiCa8U6Ec=,eWmVwpX3VmIqrcMLANt5MEQfEGc=
15,10,qN+tzy3qbfpjCRza8yiiCa8U6Ec=,eWmVwpX3VmIqrcMLANt5MEQfEGc=
15,6,qN+tzy3qbfpjCRza8yiiCa8U6Ec=,eWmVwpX3VmIqrcMLANt5MEQfEGc=
7,10,qN+tzy3qbfpjCRza8yiiCa8U6Ec=,eWmVwpX3VmIqrcMLANt5MEQfEGc=
15,3,qN+tzy3qbfpjCRza8yiiCa8U6Ec=,eWmVwpX3VmIqrcMLANt5MEQfEGc=
15,4,qN+tzy3qbfpjCRza8yiiCa8U6Ec=,eWmVwpX3VmIqrcMLANt5MEQfEGc=
13,7,qN+tzy3qbfpjCRza8yiiCa8U6Ec=,eWmVwpX3VmIqrcMLANt5MEQfEGc=
3,15,qN+tzy3qbfpjCRza8yiiCa8U6Ec=,eWmVwpX3VmIqrcMLANt5MEQfEGc=
11,11,qN+tzy3qbfpjCRza8yiiCa8U6Ec=,eWmVwpX3VmIqrcMLANt5MEQfEGc=
8,15,qN+tzy3qbfpjCRza8yiiCa8U6Ec=,eWmVwpX3VmIqrcMLANt5MEQfEGc=
10,11,qN+tzy3qbfpjCRza8yiiCa8U6Ec=,eWmVwpX3VmIqrcMLANt5MEQfEGc=
2,15,qN+tzy3qbfpjCRza8yiiCa8U6Ec=,eWmVwpX3VmIqrcMLANt5MEQfEGc=
15,5,qN+tzy3qbfpjCRza8yiiCa8U6Ec=,eWmVwpX3VmIqrcMLANt5MEQfEGc=
1,15,qN+tzy3qbfpjCRza8yiiCa8U6Ec=,eWmVwpX3VmIqrcMLANt5MEQfEGc=
7,14,qN+tzy3qbfpjCRza8yiiCa8U6Ec=,eWmVwpX3VmIqrcMLANt5MEQfEGc=
7,15,qN+tzy3qbfpjCRza8yiiCa8U6Ec=,eWmVwpX3VmIqrcMLANt5MEQfEGc=
15,2,qN+tzy3qbfpjCRza8yiiCa8U6Ec=,eWmVwpX3VmIqrcMLANt5MEQfEGc=
14,8,qN+tzy3qbfpjCRza8yiiCa8U6Ec=,eWmVwpX3VmIqrcMLANt5MEQfEGc=
12,7,qN+tzy3qbfpjCRza8yiiCa8U6Ec=,eWmVwpX3VmIqrcMLANt5MEQfEGc=
6,15,qN+tzy3qbfpjCRza8yiiCa8U6Ec=,eWmVwpX3VmIqrcMLANt5MEQfEGc=
4,15,qN+tzy3qbfpjCRza8yiiCa8U6Ec=,eWmVwpX3VmIqrcMLANt5MEQfEGc=
5,15,qN+tzy3qbfpjCRza8yiiCa8U6Ec=,eWmVwpX3VmIqrcMLANt5MEQfEGc=
9,11,qN+tzy3qbfpjCRza8yiiCa8U6Ec=,eWmVwpX3VmIqrcMLANt5MEQfEGc=
8,11,qN+tzy3qbfpjCRza8yiiCa8U6Ec=,eWmVwpX3VmIqrcMLANt5MEQfEGc=
12,11,qN+tzy3qbfpjCRza8yiiCa8U6Ec=,eWmVwpX3VmIqrcMLANt5MEQfEGc=
10,13,qN+tzy3qbfpjCRza8yiiCa8U6Ec=,eWmVwpX3VmIqrcMLANt5MEQfEGc=
8,13,qN+tzy3qbfpjCRza8yiiCa8U6Ec=,eWmVwpX3VmIqrcMLANt5MEQfEGc=
7,8,qN+tzy3qbfpjCRza8yiiCa8U6Ec=,eWmVwpX3VmIqrcMLANt5MEQfEGc=
14,10,qN+tzy3qbfpjCRza8yiiCa8U6Ec=,eWmVwpX3VmIqrcMLANt5MEQfEGc=
13,10,qN+tzy3qbfpjCRza8yiiCa8U6Ec=,eWmVwpX3VmIqrcMLANt5MEQfEGc=
7,11,qN+tzy3qbfpjCRza8yiiCa8U6Ec=,eWmVwpX3VmIqrcMLANt5MEQfEGc=
12,10,qN+tzy3qbfpjCRza8yiiCa8U6Ec=,eWmVwpX3VmIqrcMLANt5MEQfEGc=
1,0,qN+tzy3qbfpjCRza8yiiCa8U6Ec=,eWmVwpX3VmIqrcMLANt5MEQfEGc=
6,0,qN+tzy3qbfpjCRza8yiiCa8U6Ec=,eWmVwpX3VmIqrcMLANt5MEQfEGc=
5,0,qN+tzy3qbfpjCRza8yiiCa8U6Ec=,eWmVwpX3VmIqrcMLANt5MEQfEGc=
4,0,qN+tzy3qbfpjCRza8yiiCa8U6Ec=,eWmVwpX3VmIqrcMLANt5MEQfEGc=
2,0,qN+tzy3qbfpjCRza8yiiCa8U6Ec=,eWmVwpX3VmIqrcMLANt5MEQfEGc=
3,0,qN+tzy3qbfpjCRza8yiiCa8U6Ec=,eWmVwpX3VmIqrcMLANt5MEQfEGc=
8,14,qN+tzy3qbfpjCRza8yiiCa8U6Ec=,eWmVwpX3VmIqrcMLANt5MEQfEGc=
0,1,qN+tzy3qbfpjCRza8yiiCa8U6Ec=,eWmVwpX3VmIqrcMLANt5MEQfEGc=
13,8,qN+tzy3qbfpjCRza8yiiCa8U6Ec=,eWmVwpX3VmIqrcMLANt5MEQfEGc=
0,3,qN+tzy3qbfpjCRza8yiiCa8U6Ec=,eWmVwpX3VmIqrcMLANt5MEQfEGc=
14,12,qN+tzy3qbfpjCRza8yiiCa8U6Ec=,eWmVwpX3VmIqrcMLANt5MEQfEGc=
0,2,qN+tzy3qbfpjCRza8yiiCa8U6Ec=,eWmVwpX3VmIqrcMLANt5MEQfEGc=
0,4,qN+tzy3qbfpjCRza8yiiCa8U6Ec=,eWmVwpX3VmIqrcMLANt5MEQfEGc=
0,5,qN+tzy3qbfpjCRza8yiiCa8U6Ec=,eWmVwpX3VmIqrcMLANt5MEQfEGc=
0,6,qN+tzy3qbfpjCRza8yiiCa8U6Ec=,eWmVwpX3VmIqrcMLANt5MEQfEGc=
15,15,qN+tzy3qbfpjCRza8yiiCa8U6Ec=,eWmVwpX3VmIqrcMLANt5MEQfEGc=
9,14,qN+tzy3qbfpjCRza8yiiCa8U6Ec=,eWmVwpX3VmIqrcMLANt5MEQfEGc=
15,0,qN+tzy3qbfpjCRza8yiiCa8U6Ec=,eWmVwpX3VmIqrcMLANt5MEQfEGc=
7,0,qN+tzy3qbfpjCRza8yiiCa8U6Ec=,eWmVwpX3VmIqrcMLANt5MEQfEGc=
0,0,qN+tzy3qbfpjCRza8yiiCa8U6Ec=,eWmVwpX3VmIqrcMLANt5MEQfEGc=
9,13,qN+tzy3qbfpjCRza8yiiCa8U6Ec=,eWmVwpX3VmIqrcMLANt5MEQfEGc=
13,0,qN+tzy3qbfpjCRza8yiiCa8U6Ec=,eWmVwpX3VmIqrcMLANt5MEQfEGc=
14,0,qN+tzy3qbfpjCRza8yiiCa8U6Ec=,eWmVwpX3VmIqrcMLANt5MEQfEGc=
12,0,qN+tzy3qbfpjCRza8yiiCa8U6Ec=,eWmVwpX3VmIqrcMLANt5MEQfEGc=
11,0,qN+tzy3qbfpjCRza8yiiCa8U6Ec=,eWmVwpX3VmIqrcMLANt5MEQfEGc=
10,0,qN+tzy3qbfpjCRza8yiiCa8U6Ec=,eWmVwpX3VmIqrcMLANt5MEQfEGc=
0,7,qN+tzy3qbfpjCRza8yiiCa8U6Ec=,eWmVwpX3VmIqrcMLANt5MEQfEGc=
0,10,qN+tzy3qbfpjCRza8yiiCa8U6Ec=,eWmVwpX3VmIqrcMLANt5MEQfEGc=
0,12,qN+tzy3qbfpjCRza8yiiCa8U6Ec=,eWmVwpX3VmIqrcMLANt5MEQfEGc=
8,0,qN+tzy3qbfpjCRza8yiiCa8U6Ec=,eWmVwpX3VmIqrcMLANt5MEQfEGc=
0,14,qN+tzy3qbfpjCRza8yiiCa8U6Ec=,eWmVwpX3VmIqrcMLANt5MEQfEGc=
9,0,qN+tzy3qbfpjCRza8yiiCa8U6Ec=,eWmVwpX3VmIqrcMLANt5MEQfEGc=
0,9,qN+tzy3qbfpjCRza8yiiCa8U6Ec=,eWmVwpX3VmIqrcMLANt5MEQfEGc=
0,11,qN+tzy3qbfpjCRza8yiiCa8U6Ec=,eWmVwpX3VmIqrcMLANt5MEQfEGc=
0,15,qN+tzy3qbfpjCRza8yiiCa8U6Ec=,eWmVwpX3VmIqrcMLANt5MEQfEGc=
0,8,qN+tzy3qbfpjCRza8yiiCa8U6Ec=,eWmVwpX3VmIqrcMLANt5MEQfEGc=
0,13,qN+tzy3qbfpjCRza8yiiCa8U6Ec=,eWmVwpX3VmIqrcMLANt5MEQfEGc=
12,29,8Ooh4HCSSVFk3tcZSNCpx4BSEcM=,eWmVwpX3VmIqrcMLANt5MEQfEGc=
13,29,8Ooh4HCSSVFk3tcZSNCpx4BSEcM=,eWmVwpX3VmIqrcMLANt5MEQfEGc=
14,29,8Ooh4HCSSVFk3tcZSNCpx4BSEcM=,eWmVwpX3VmIqrcMLANt5MEQfEGc=
9,30,8Ooh4HCSSVFk3tcZSNCpx4BSEcM=,eWmVwpX3VmIqrcMLANt5MEQfEGc=
10,30,8Ooh4HCSSVFk3tcZSNCpx4BSEcM=,eWmVwpX3VmIqrcMLANt5MEQfEGc=
11,29,8Ooh4HCSSVFk3tcZSNCpx4BSEcM=,eWmVwpX3VmIqrcMLANt5MEQfEGc=
9,29,8Ooh4HCSSVFk3tcZSNCpx4BSEcM=,eWmVwpX3VmIqrcMLANt5MEQfEGc=
13,28,8Ooh4HCSSVFk3tcZSNCpx4BSEcM=,eWmVwpX3VmIqrcMLANt5MEQfEGc=
12,28,8Ooh4HCSSVFk3tcZSNCpx4BSEcM=,eWmVwpX3VmIqrcMLANt5MEQfEGc=
14,28,8Ooh4HCSSVFk3tcZSNCpx4BSEcM=,eWmVwpX3VmIqrcMLANt5MEQfEGc=
10,28,8Ooh4HCSSVFk3tcZSNCpx4BSEcM=,eWmVwpX3VmIqrcMLANt5MEQfEGc=
9,28,8Ooh4HCSSVFk3tcZSNCpx4BSEcM=,eWmVwpX3VmIqrcMLANt5MEQfEGc=
14,27,8Ooh4HCSSVFk3tcZSNCpx4BSEcM=,eWmVwpX3VmIqrcMLANt5MEQfEGc=
11,28,8Ooh4HCSSVFk3tcZSNCpx4BSEcM=,eWmVwpX3VmIqrcMLANt5MEQfEGc=
13,27,8Ooh4HCSSVFk3tcZSNCpx4BSEcM=,eWmVwpX3VmIqrcMLANt5MEQfEGc=
12,27,8Ooh4HCSSVFk3tcZSNCpx4BSEcM=,eWmVwpX3VmIqrcMLANt5MEQfEGc=
11,30,8Ooh4HCSSVFk3tcZSNCpx4BSEcM=,eWmVwpX3VmIqrcMLANt5MEQfEGc=
11,27,8Ooh4HCSSVFk3tcZSNCpx4BSEcM=,eWmVwpX3VmIqrcMLANt5MEQfEGc=
12,30,8Ooh4HCSSVFk3tcZSNCpx4BSEcM=,eWmVwpX3VmIqrcMLANt5MEQfEGc=
13,30,8Ooh4HCSSVFk3tcZSNCpx4BSEcM=,eWmVwpX3VmIqrcMLANt5MEQfEGc=
14,30,8Ooh4HCSSVFk3tcZSNCpx4BSEcM=,eWmVwpX3VmIqrcMLANt5MEQfEGc=
10,27,8Ooh4HCSSVFk3tcZSNCpx4BSEcM=,eWmVwpX3VmIqrcMLANt5MEQfEGc=
9,27,8Ooh4HCSSVFk3tcZSNCpx4BSEcM=,eWmVwpX3VmIqrcMLANt5MEQfEGc=
9,25,8Ooh4HCSSVFk3tcZSNCpx4BSEcM=,eWmVwpX3VmIqrcMLANt5MEQfEGc=
14,26,8Ooh4HCSSVFk3tcZSNCpx4BSEcM=,eWmVwpX3VmIqrcMLANt5MEQfEGc=
10,29,8Ooh4HCSSVFk3tcZSNCpx4BSEcM=,eWmVwpX3VmIqrcMLANt5MEQfEGc=
13,26,8Ooh4HCSSVFk3tcZSNCpx4BSEcM=,eWmVwpX3VmIqrcMLANt5MEQfEGc=
10,25,8Ooh4HCSSVFk3tcZSNCpx4BSEcM=,eWmVwpX3VmIqrcMLANt5MEQfEGc=
12,26,8Ooh4HCSSVFk3tcZSNCpx4BSEcM=,eWmVwpX3VmIqrcMLANt5MEQfEGc=
11,26,8Ooh4HCSSVFk3tcZSNCpx4BSEcM=,eWmVwpX3VmIqrcMLANt5MEQfEGc=
11,25,8Ooh4HCSSVFk3tcZSNCpx4BSEcM=,eWmVwpX3VmIqrcMLANt5MEQfEGc=
14,25,8Ooh4HCSSVFk3tcZSNCpx4BSEcM=,eWmVwpX3VmIqrcMLANt5MEQfEGc=
9,26,8Ooh4HCSSVFk3tcZSNCpx4BSEcM=,eWmVwpX3VmIqrcMLANt5MEQfEGc=
13,25,8Ooh4HCSSVFk3tcZSNCpx4BSEcM=,eWmVwpX3VmIqrcMLANt5MEQfEGc=
12,25,8Ooh4HCSSVFk3tcZSNCpx4BSEcM=,eWmVwpX3VmIqrcMLANt5MEQfEGc=
8,30,8Ooh4HCSSVFk3tcZSNCpx4BSEcM=,eWmVwpX3VmIqrcMLANt5MEQfEGc=
8,25,8Ooh4HCSSVFk3tcZSNCpx4BSEcM=,eWmVwpX3VmIqrcMLANt5MEQfEGc=
10,26,8Ooh4HCSSVFk3tcZSNCpx4BSEcM=,eWmVwpX3VmIqrcMLANt5MEQfEGc=
6,30,8Ooh4HCSSVFk3tcZSNCpx4BSEcM=,eWmVwpX3VmIqrcMLANt5MEQfEGc=
1,25,8Ooh4HCSSVFk3tcZSNCpx4BSEcM=,eWmVwpX3VmIqrcMLANt5MEQfEGc=
5,30,8Ooh4HCSSVFk3tcZSNCpx4BSEcM=,eWmVwpX3VmIqrcMLANt5MEQfEGc=
4,30,8Ooh4HCSSVFk3tcZSNCpx4BSEcM=,eWmVwpX3VmIqrcMLANt5MEQfEGc=
8,29,8Ooh4HCSSVFk3tcZSNCpx4BSEcM=,eWmVwpX3VmIqrcMLANt5MEQfEGc=
5,29,8Ooh4HCSSVFk3tcZSNCpx4BSEcM=,eWmVwpX3VmIqrcMLANt5MEQfEGc=
3,31,8Ooh4HCSSVFk3tcZSNCpx4BSEcM=,eWmVwpX3VmIqrcMLANt5MEQfEGc=
4,31,8Ooh4HCSSVFk3tcZSNCpx4BSEcM=,eWmVwpX3VmIqrcMLANt5MEQfEGc=
2,30,8Ooh4HCSSVFk3tcZSNCpx4BSEcM=,eWmVwpX3VmIqrcMLANt5MEQfEGc=
4,29,8Ooh4HCSSVFk3tcZSNCpx4BSEcM=,eWmVwpX3VmIqrcMLANt5MEQfEGc=
5,31,8Ooh4HCSSVFk3tcZSNCpx4BSEcM=,eWmVwpX3VmIqrcMLANt5MEQfEGc=
2,31,8Ooh4HCSSVFk3tcZSNCpx4BSEcM=,eWmVwpX3VmIqrcMLANt5MEQfEGc=
3,29,8Ooh4HCSSVFk3tcZSNCpx4BSEcM=,eWmVwpX3VmIqrcMLANt5MEQfEGc=
2,29,8Ooh4HCSSVFk3tcZSNCpx4BSEcM=,eWmVwpX3VmIqrcMLANt5MEQfEGc=
1,29,8Ooh4HCSSVFk3tcZSNCpx4BSEcM=,eWmVwpX3VmIqrcMLANt5MEQfEGc=
6,31,8Ooh4HCSSVFk3tcZSNCpx4BSEcM=,eWmVwpX3VmIqrcMLANt5MEQfEGc=
7,28,8Ooh4HCSSVFk3tcZSNCpx4BSEcM=,eWmVwpX3VmIqrcMLANt5MEQfEGc=
6,29,8Ooh4HCSSVFk3tcZSNCpx4BSEcM=,eWmVwpX3VmIqrcMLANt5MEQfEGc=
6,28,8Ooh4HCSSVFk3tcZSNCpx4BSEcM=,eWmVwpX3VmIqrcMLANt5MEQfEGc=
1,31,8Ooh4HCSSVFk3tcZSNCpx4BSEcM=,eWmVwpX3VmIqrcMLANt5MEQfEGc=
5,28,8Ooh4HCSSVFk3tcZSNCpx4BSEcM=,eWmVwpX3VmIqrcMLANt5MEQfEGc=
7,29,8Ooh4HCSSVFk3tcZSNCpx4BSEcM=,eWmVwpX3VmIqrcMLANt5MEQfEGc=
8,28,8Ooh4HCSSVFk3tcZSNCpx4BSEcM=,eWmVwpX3VmIqrcMLANt5MEQfEGc=
3,28,8Ooh4HCSSVFk3tcZSNCpx4BSEcM=,eWmVwpX3VmIqrcMLANt5MEQfEGc=
2,28,8Ooh4HCSSVFk3tcZSNCpx4BSEcM=,eWmVwpX3VmIqrcMLANt5MEQfEGc=
1,28,8Ooh4HCSSVFk3tcZSNCpx4BSEcM=,eWmVwpX3VmIqrcMLANt5MEQfEGc=
7,27,8Ooh4HCSSVFk3tcZSNCpx4BSEcM=,eWmVwpX3VmIqrcMLANt5MEQfEGc=
6,27,8Ooh4HCSSVFk3tcZSNCpx4BSEcM=,eWmVwpX3VmIqrcMLANt5MEQfEGc=
5,27,8Ooh4HCSSVFk3tcZSNCpx4BSEcM=,eWmVwpX3VmIqrcMLANt5MEQfEGc=
4,28,8Ooh4HCSSVFk3tcZSNCpx4BSEcM=,eWmVwpX3VmIqrcMLANt5MEQfEGc=
4,27,8Ooh4HCSSVFk3tcZSNCpx4BSEcM=,eWmVwpX3VmIqrcMLANt5MEQfEGc=
3,27,8Ooh4HCSSVFk3tcZSNCpx4BSEcM=,eWmVwpX3VmIqrcMLANt5MEQfEGc=
2,27,8Ooh4HCSSVFk3tcZSNCpx4BSEcM=,eWmVwpX3VmIqrcMLANt5MEQfEGc=
8,27,8Ooh4HCSSVFk3tcZSNCpx4BSEcM=,eWmVwpX3VmIqrcMLANt5MEQfEGc=
8,26,8Ooh4HCSSVFk3tcZSNCpx4BSEcM=,eWmVwpX3VmIqrcMLANt5MEQfEGc=
4,23,8Ooh4HCSSVFk3tcZSNCpx4BSEcM=,eWmVwpX3VmIqrcMLANt5MEQfEGc=
7,26,8Ooh4HCSSVFk3tcZSNCpx4BSEcM=,eWmVwpX3VmIqrcMLANt5MEQfEGc=
4,16,8Ooh4HCSSVFk3tcZSNCpx4BSEcM=,eWmVwpX3VmIqrcMLANt5MEQfEGc=
6,26,8Ooh4HCSSVFk3tcZSNCpx4BSEcM=,eWmVwpX3VmIqrcMLANt5MEQfEGc=
5,26,8Ooh4HCSSVFk3tcZSNCpx4BSEcM=,eWmVwpX3VmIqrcMLANt5MEQfEGc=
5,22,8Ooh4HCSSVFk3tcZSNCpx4BSEcM=,eWmVwpX3VmIqrcMLANt5MEQfEGc=
5,21,8Ooh4HCSSVFk3tcZSNCpx4BSEcM=,eWmVwpX3VmIqrcMLANt5MEQfEGc=
5,16,8Ooh4HCSSVFk3tcZSNCpx4BSEcM=,eWmVwpX3VmIqrcMLANt5MEQfEGc=
4,21,8Ooh4HCSSVFk3tcZSNCpx4BSEcM=,eWmVwpX3VmIqrcMLANt5MEQfEGc=
4,17,8Ooh4HCSSVFk3tcZSNCpx4BSEcM=,eWmVwpX3VmIqrcMLANt5MEQfEGc=
3,21,8Ooh4HCSSVFk3tcZSNCpx4BSEcM=,eWmVwpX3VmIqrcMLANt5MEQfEGc=
6,16,8Ooh4HCSSVFk3tcZSNCpx4BSEcM=,eWmVwpX3VmIqrcMLANt5MEQfEGc=
3,16,8Ooh4HCSSVFk3tcZSNCpx4BSEcM=,eWmVwpX3VmIqrcMLANt5MEQfEGc=
3,23,8Ooh4HCSSVFk3tcZSNCpx4BSEcM=,eWmVwpX3VmIqrcMLANt5MEQfEGc=
2,23,8Ooh4HCSSVFk3tcZSNCpx4BSEcM=,eWmVwpX3VmIqrcMLANt5MEQfEGc=
4,22,8Ooh4HCSSVFk3tcZSNCpx4BSEcM=,eWmVwpX3VmIqrcMLANt5MEQfEGc=
6,20,8Ooh4HCSSVFk3tcZSNCpx4BSEcM=,eWmVwpX3VmIqrcMLANt5MEQfEGc=
1,16,8Ooh4HCSSVFk3tcZSNCpx4BSEcM=,eWmVwpX3VmIqrcMLANt5MEQfEGc=
1,23,8Ooh4HCSSVFk3tcZSNCpx4BSEcM=,eWmVwpX3VmIqrcMLANt5MEQfEGc=
3,30,8Ooh4HCSSVFk3tcZSNCpx4BSEcM=,eWmVwpX3VmIqrcMLANt5MEQfEGc=
2,16,8Ooh4HCSSVFk3tcZSNCpx4BSEcM=,eWmVwpX3VmIqrcMLANt5MEQfEGc=
5,20,8Ooh4HCSSVFk3tcZSNCpx4BSEcM=,eWmVwpX3VmIqrcMLANt5MEQfEGc=
3,17,8Ooh4HCSSVFk3tcZSNCpx4BSEcM=,eWmVwpX3VmIqrcMLANt5MEQfEGc=
2,17,8Ooh4HCSSVFk3tcZSNCpx4BSEcM=,eWmVwpX3VmIqrcMLANt5MEQfEGc=
5,23,8Ooh4HCSSVFk3tcZSNCpx4BSEcM=,eWmVwpX3VmIqrcMLANt5MEQfEGc=
2,18,8Ooh4HCSSVFk3tcZSNCpx4BSEcM=,eWmVwpX3VmIqrcMLANt5MEQfEGc=
3,18,8Ooh4HCSSVFk3tcZSNCpx4BSEcM=,eWmVwpX3VmIqrcMLANt5MEQfEGc=
6,19,8Ooh4HCSSVFk3tcZSNCpx4BSEcM=,eWmVwpX3VmIqrcMLANt5MEQfEGc=
1,17,8Ooh4HCSSVFk3tcZSNCpx4BSEcM=,eWmVwpX3VmIqrcMLANt5MEQfEGc=
5,19,8Ooh4HCSSVFk3tcZSNCpx4BSEcM=,eWmVwpX3VmIqrcMLANt5MEQfEGc=
4,19,8Ooh4HCSSVFk3tcZSNCpx4BSEcM=,eWmVwpX3VmIqrcMLANt5MEQfEGc=
4,20,8Ooh4HCSSVFk3tcZSNCpx4BSEcM=,eWmVwpX3VmIqrcMLANt5MEQfEGc=
3,22,8Ooh4HCSSVFk3tcZSNCpx4BSEcM=,eWmVwpX3VmIqrcMLANt5MEQfEGc=
2,22,8Ooh4HCSSVFk3tcZSNCpx4BSEcM=,eWmVwpX3VmIqrcMLANt5MEQfEGc=
3,19,8Ooh4HCSSVFk3tcZSNCpx4BSEcM=,eWmVwpX3VmIqrcMLANt5MEQfEGc=
2,19,8Ooh4HCSSVFk3tcZSNCpx4BSEcM=,eWmVwpX3VmIqrcMLANt5MEQfEGc=
4,26,8Ooh4HCSSVFk3tcZSNCpx4BSEcM=,eWmVwpX3VmIqrcMLANt5MEQfEGc=
1,20,8Ooh4HCSSVFk3tcZSNCpx4BSEcM=,eWmVwpX3VmIqrcMLANt5MEQfEGc=
6,21,8Ooh4HCSSVFk3tcZSNCpx4BSEcM=,eWmVwpX3VmIqrcMLANt5MEQfEGc=
6,22,8Ooh4HCSSVFk3tcZSNCpx4BSEcM=,eWmVwpX3VmIqrcMLANt5MEQfEGc=
3,26,8Ooh4HCSSVFk3tcZSNCpx4BSEcM=,eWmVwpX3VmIqrcMLANt5MEQfEGc=
1,27,8Ooh4HCSSVFk3tcZSNCpx4BSEcM=,eWmVwpX3VmIqrcMLANt5MEQfEGc=
1,22,8Ooh4HCSSVFk3tcZSNCpx4BSEcM=,eWmVwpX3VmIqrcMLANt5MEQfEGc=
6,23,8Ooh4HCSSVFk3tcZSNCpx4BSEcM=,eWmVwpX3VmIqrcMLANt5MEQfEGc=
3,20,8Ooh4HCSSVFk3tcZSNCpx4BSEcM=,eWmVwpX3VmIqrcMLANt5MEQfEGc=
5,17,8Ooh4HCSSVFk3tcZSNCpx4BSEcM=,eWmVwpX3VmIqrcMLANt5MEQfEGc=
1,26,8Ooh4HCSSVFk3tcZSNCpx4BSEcM=,eWmVwpX3VmIqrcMLANt5MEQfEGc=
1,21,8Ooh4HCSSVFk3tcZSNCpx4BSEcM=,eWmVwpX3VmIqrcMLANt5MEQfEGc=
7,25,8Ooh4HCSSVFk3tcZSNCpx4BSEcM=,eWmVwpX3VmIqrcMLANt5MEQfEGc=
6,25,8Ooh4HCSSVFk3tcZSNCpx4BSEcM=,eWmVwpX3VmIqrcMLANt5MEQfEGc=
5,25,8Ooh4HCSSVFk3tcZSNCpx4BSEcM=,eWmVwpX3VmIqrcMLANt5MEQfEGc=
6,18,8Ooh4HCSSVFk3tcZSNCpx4BSEcM=,eWmVwpX3VmIqrcMLANt5MEQfEGc=
1,18,8Ooh4HCSSVFk3tcZSNCpx4BSEcM=,eWmVwpX3VmIqrcMLANt5MEQfEGc=
6,17,8Ooh4HCSSVFk3tcZSNCpx4BSEcM=,eWmVwpX3VmIqrcMLANt5MEQfEGc=
15,29,8Ooh4HCSSVFk3tcZSNCpx4BSEcM=,eWmVwpX3VmIqrcMLANt5MEQfEGc=
15,30,8Ooh4HCSSVFk3tcZSNCpx4BSEcM=,eWmVwpX3VmIqrcMLANt5MEQfEGc=
7,30,8Ooh4HCSSVFk3tcZSNCpx4BSEcM=,eWmVwpX3VmIqrcMLANt5MEQfEGc=
5,18,8Ooh4HCSSVFk3tcZSNCpx4BSEcM=,eWmVwpX3VmIqrcMLANt5MEQfEGc=
2,20,8Ooh4HCSSVFk3tcZSNCpx4BSEcM=,eWmVwpX3VmIqrcMLANt5MEQfEGc=
15,28,8Ooh4HCSSVFk3tcZSNCpx4BSEcM=,eWmVwpX3VmIqrcMLANt5MEQfEGc=
3,25,8Ooh4HCSSVFk3tcZSNCpx4BSEcM=,eWmVwpX3VmIqrcMLANt5MEQfEGc=
1,24,8Ooh4HCSSVFk3tcZSNCpx4BSEcM=,eWmVwpX3VmIqrcMLANt5MEQfEGc=
15,27,8Ooh4HCSSVFk3tcZSNCpx4BSEcM=,eWmVwpX3VmIqrcMLANt5MEQfEGc=
15,25,8Ooh4HCSSVFk3tcZSNCpx4BSEcM=,eWmVwpX3VmIqrcMLANt5MEQfEGc=
6,24,8Ooh4HCSSVFk3tcZSNCpx4BSEcM=,eWmVwpX3VmIqrcMLANt5MEQfEGc=
15,26,8Ooh4HCSSVFk3tcZSNCpx4BSEcM=,eWmVwpX3VmIqrcMLANt5MEQfEGc=
2,21,8Ooh4HCSSVFk3tcZSNCpx4BSEcM=,eWmVwpX3VmIqrcMLANt5MEQfEGc=
5,24,8Ooh4HCSSVFk3tcZSNCpx4BSEcM=,eWmVwpX3VmIqrcMLANt5MEQfEGc=
4,24,8Ooh4HCSSVFk3tcZSNCpx4BSEcM=,eWmVwpX3VmIqrcMLANt5MEQfEGc=
2,26,8Ooh4HCSSVFk3tcZSNCpx4BSEcM=,eWmVwpX3VmIqrcMLANt5MEQfEGc=
4,18,8Ooh4HCSSVFk3tcZSNCpx4BSEcM=,eWmVwpX3VmIqrcMLANt5MEQfEGc=
1,30,8Ooh4HCSSVFk3tcZSNCpx4BSEcM=,eWmVwpX3VmIqrcMLANt5MEQfEGc=
3,24,8Ooh4HCSSVFk3tcZSNCpx4BSEcM=,eWmVwpX3VmIqrcMLANt5MEQfEGc=
2,24,8Ooh4HCSSVFk3tcZSNCpx4BSEcM=,eWmVwpX3VmIqrcMLANt5MEQfEGc=
12,19,8Ooh4HCSSVFk3tcZSNCpx4BSEcM=,eWmVwpX3VmIqrcMLANt5MEQfEGc=
15,23,8Ooh4HCSSVFk3tcZSNCpx4BSEcM=,eWmVwpX3VmIqrcMLANt5MEQfEGc=
13,23,8Ooh4HCSSVFk3tcZSNCpx4BSEcM=,eWmVwpX3VmIqrcMLANt5MEQfEGc=
8,24,8Ooh4HCSSVFk3tcZSNCpx4BSEcM=,eWmVwpX3VmIqrcMLANt5MEQfEGc=
11,19,8Ooh4HCSSVFk3tcZSNCpx4BSEcM=,eWmVwpX3VmIqrcMLANt5MEQfEGc=
9,24,8Ooh4HCSSVFk3tcZSNCpx4BSEcM=,eWmVwpX3VmIqrcMLANt5MEQfEGc=
13,19,8Ooh4HCSSVFk3tcZSNCpx4BSEcM=,eWmVwpX3VmIqrcMLANt5MEQfEGc=
15,31,8Ooh4HCSSVFk3tcZSNCpx4BSEcM=,eWmVwpX3VmIqrcMLANt5MEQfEGc=
10,19,8Ooh4HCSSVFk3tcZSNCpx4BSEcM=,eWmVwpX3VmIqrcMLANt5MEQfEGc=
9,19,8Ooh4HCSSVFk3tcZSNCpx4BSEcM=,eWmVwpX3VmIqrcMLANt5MEQfEGc=
14,31,8Ooh4HCSSVFk3tcZSNCpx4BSEcM=,eWmVwpX3VmIqrcMLANt5MEQfEGc=
7,31,8Ooh4HCSSVFk3tcZSNCpx4BSEcM=,eWmVwpX3VmIqrcMLANt5MEQfEGc=
10,24,8Ooh4HCSSVFk3tcZSNCpx4BSEcM=,eWmVwpX3VmIqrcMLANt5MEQfEGc=
13,31,8Ooh4HCSSVFk3tcZSNCpx4BSEcM=,eWmVwpX3VmIqrcMLANt5MEQfEGc=
8,19,8Ooh4HCSSVFk3tcZSNCpx4BSEcM=,eWmVwpX3VmIqrcMLANt5MEQfEGc=
15,18,8Ooh4HCSSVFk3tcZSNCpx4BSEcM=,eWmVwpX3VmIqrcMLANt5MEQfEGc=
0,30,8Ooh4HCSSVFk3tcZSNCpx4BSEcM=,eWmVwpX3VmIqrcMLANt5MEQfEGc=
8,31,8Ooh4HCSSVFk3tcZSNCpx4BSEcM=,eWmVwpX3VmIqrcMLANt5MEQfEGc=
13,18,8Ooh4HCSSVFk3tcZSNCpx4BSEcM=,eWmVwpX3VmIqrcMLANt5MEQfEGc=
14,19,8Ooh4HCSSVFk3tcZSNCpx4BSEcM=,eWmVwpX3VmIqrcMLANt5MEQfEGc=
12,31,8Ooh4HCSSVFk3tcZSNCpx4BSEcM=,eWmVwpX3VmIqrcMLANt5MEQfEGc=
0,21,8Ooh4HCSSVFk3tcZSNCpx4BSEcM=,eWmVwpX3VmIqrcMLANt5MEQfEGc=
11,31,8Ooh4HCSSVFk3tcZSNCpx4BSEcM=,eWmVwpX3VmIqrcMLANt5MEQfEGc=
12,18,8Ooh4HCSSVFk3tcZSNCpx4BSEcM=,eWmVwpX3VmIqrcMLANt5MEQfEGc=
10,31,8Ooh4HCSSVFk3tcZSNCpx4BSEcM=,eWmVwpX3VmIqrcMLANt5MEQfEGc=
9,31,8Ooh4HCSSVFk3tcZSNCpx4BSEcM=,eWmVwpX3VmIqrcMLANt5MEQfEGc=
11,24,8Ooh4HCSSVFk3tcZSNCpx4BSEcM=,eWmVwpX3VmIqrcMLANt5MEQfEGc=
12,23,8Ooh4HCSSVFk3tcZSNCpx4BSEcM=,eWmVwpX3VmIqrcMLANt5MEQfEGc=
0,24,8Ooh4HCSSVFk3tcZSNCpx4BSEcM=,eWmVwpX3VmIqrcMLANt5MEQfEGc=
0,31,8Ooh4HCSSVFk3tcZSNCpx4BSEcM=,eWmVwpX3VmIqrcMLANt5MEQfEGc=
11,18,8Ooh4HCSSVFk3tcZSNCpx4BSEcM=,eWmVwpX3VmIqrcMLANt5MEQfEGc=
0,23,8Ooh4HCSSVFk3tcZSNCpx4BSEcM=,eWmVwpX3VmIqrcMLANt5MEQfEGc=
0,25,8Ooh4HCSSVFk3tcZSNCpx4BSEcM=,eWmVwpX3VmIqrcMLANt5MEQfEGc=
0,20,8Ooh4HCSSVFk3tcZSNCpx4BSEcM=,eWmVwpX3VmIqrcMLANt5MEQfEGc=
12,24,8Ooh4HCSSVFk3tcZSNCpx4BSEcM=,eWmVwpX3VmIqrcMLANt5MEQfEGc=
11,23,8Ooh4HCSSVFk3tcZSNCpx4BSEcM=,eWmVwpX3VmIqrcMLANt5MEQfEGc=
0,18,8Ooh4HCSSVFk3tcZSNCpx4BSEcM=,eWmVwpX3VmIqrcMLANt5MEQfEGc=
0,16,8Ooh4HCSSVFk3tcZSNCpx4BSEcM=,eWmVwpX3VmIqrcMLANt5MEQfEGc=
0,17,8Ooh4HCSSVFk3tcZSNCpx4BSEcM=,eWmVwpX3VmIqrcMLANt5MEQfEGc=
14,18,8Ooh4HCSSVFk3tcZSNCpx4BSEcM=,eWmVwpX3VmIqrcMLANt5MEQfEGc=
0,19,8Ooh4HCSSVFk3tcZSNCpx4BSEcM=,eWmVwpX3VmIqrcMLANt5MEQfEGc=
0,22,8Ooh4HCSSVFk3tcZSNCpx4BSEcM=,eWmVwpX3VmIqrcMLANt5MEQfEGc=
0,29,8Ooh4HCSSVFk3tcZSNCpx4BSEcM=,eWmVwpX3VmIqrcMLANt5MEQfEGc=
13,24,8Ooh4HCSSVFk3tcZSNCpx4BSEcM=,eWmVwpX3VmIqrcMLANt5MEQfEGc=
0,28,8Ooh4HCSSVFk3tcZSNCpx4BSEcM=,eWmVwpX3VmIqrcMLANt5MEQfEGc=
0,27,8Ooh4HCSSVFk3tcZSNCpx4BSEcM=,eWmVwpX3VmIqrcMLANt5MEQfEGc=
10,23,8Ooh4HCSSVFk3tcZSNCpx4BSEcM=,eWmVwpX3VmIqrcMLANt5MEQfEGc=
9,23,8Ooh4HCSSVFk3tcZSNCpx4BSEcM=,eWmVwpX3VmIqrcMLANt5MEQfEGc=
7,20,8Ooh4HCSSVFk3tcZSNCpx4BSEcM=,eWmVwpX3VmIqrcMLANt5MEQfEGc=
15,22,8Ooh4HCSSVFk3tcZSNCpx4BSEcM=,eWmVwpX3VmIqrcMLANt5MEQfEGc=
14,22,8Ooh4HCSSVFk3tcZSNCpx4BSEcM=,eWmVwpX3VmIqrcMLANt5MEQfEGc=
14,24,8Ooh4HCSSVFk3tcZSNCpx4BSEcM=,eWmVwpX3VmIqrcMLANt5MEQfEGc=
13,22,8Ooh4HCSSVFk3tcZSNCpx4BSEcM=,eWmVwpX3VmIqrcMLANt5MEQfEGc=
12,22,8Ooh4HCSSVFk3tcZSNCpx4BSEcM=,eWmVwpX3VmIqrcMLANt5MEQfEGc=
9,18,8Ooh4HCSSVFk3tcZSNCpx4BSEcM=,eWmVwpX3VmIqrcMLANt5MEQfEGc=
8,18,8Ooh4HCSSVFk3tcZSNCpx4BSEcM=,eWmVwpX3VmIqrcMLANt5MEQfEGc=
8,23,8Ooh4HCSSVFk3tcZSNCpx4BSEcM=,eWmVwpX3VmIqrcMLANt5MEQfEGc=
11,22,8Ooh4HCSSVFk3tcZSNCpx4BSEcM=,eWmVwpX3VmIqrcMLANt5MEQfEGc=
10,22,8Ooh4HCSSVFk3tcZSNCpx4BSEcM=,eWmVwpX3VmIqrcMLANt5MEQfEGc=
0,26,8Ooh4HCSSVFk3tcZSNCpx4BSEcM=,eWmVwpX3VmIqrcMLANt5MEQfEGc=
7,23,8Ooh4HCSSVFk3tcZSNCpx4BSEcM=,eWmVwpX3VmIqrcMLANt5MEQfEGc=
15,17,8Ooh4HCSSVFk3tcZSNCpx4BSEcM=,eWmVwpX3VmIqrcMLANt5MEQfEGc=
9,22,8Ooh4HCSSVFk3tcZSNCpx4BSEcM=,eWmVwpX3VmIqrcMLANt5MEQfEGc=
8,22,8Ooh4HCSSVFk3tcZSNCpx4BSEcM=,eWmVwpX3VmIqrcMLANt5MEQfEGc=
14,17,8Ooh4HCSSVFk3tcZSNCpx4BSEcM=,eWmVwpX3VmIqrcMLANt5MEQfEGc=
15,21,8Ooh4HCSSVFk3tcZSNCpx4BSEcM=,eWmVwpX3VmIqrcMLANt5MEQfEGc=
13,17,8Ooh4HCSSVFk3tcZSNCpx4BSEcM=,eWmVwpX3VmIqrcMLANt5MEQfEGc=
15,24,8Ooh4HCSSVFk3tcZSNCpx4BSEcM=,eWmVwpX3VmIqrcMLANt5MEQfEGc=
12,21,8Ooh4HCSSVFk3tcZSNCpx4BSEcM=,eWmVwpX3VmIqrcMLANt5MEQfEGc=
14,21,8Ooh4HCSSVFk3tcZSNCpx4BSEcM=,eWmVwpX3VmIqrcMLANt5MEQfEGc=
12,17,8Ooh4HCSSVFk3tcZSNCpx4BSEcM=,eWmVwpX3VmIqrcMLANt5MEQfEGc=
11,17,8Ooh4HCSSVFk3tcZSNCpx4BSEcM=,eWmVwpX3VmIqrcMLANt5MEQfEGc=
11,21,8Ooh4HCSSVFk3tcZSNCpx4BSEcM=,eWmVwpX3VmIqrcMLANt5MEQfEGc=
10,21,8Ooh4HCSSVFk3tcZSNCpx4BSEcM=,eWmVwpX3VmIqrcMLANt5MEQfEGc=
9,21,8Ooh4HCSSVFk3tcZSNCpx4BSEcM=,eWmVwpX3VmIqrcMLANt5MEQfEGc=
8,21,8Ooh4HCSSVFk3tcZSNCpx4BSEcM=,eWmVwpX3VmIqrcMLANt5MEQfEGc=
15,19,8Ooh4HCSSVFk3tcZSNCpx4BSEcM=,eWmVwpX3VmIqrcMLANt5MEQfEGc=
10,17,8Ooh4HCSSVFk3tcZSNCpx4BSEcM=,eWmVwpX3VmIqrcMLANt5MEQfEGc=
15,20,8Ooh4HCSSVFk3tcZSNCpx4BSEcM=,eWmVwpX3VmIqrcMLANt5MEQfEGc=
14,23,8Ooh4HCSSVFk3tcZSNCpx4BSEcM=,eWmVwpX3VmIqrcMLANt5MEQfEGc=
14,20,8Ooh4HCSSVFk3tcZSNCpx4BSEcM=,eWmVwpX3VmIqrcMLANt5MEQfEGc=
13,20,8Ooh4HCSSVFk3tcZSNCpx4BSEcM=,eWmVwpX3VmIqrcMLANt5MEQfEGc=
9,17,8Ooh4HCSSVFk3tcZSNCpx4BSEcM=,eWmVwpX3VmIqrcMLANt5MEQfEGc=
7,19,8Ooh4HCSSVFk3tcZSNCpx4BSEcM=,eWmVwpX3VmIqrcMLANt5MEQfEGc=
8,17,8Ooh4HCSSVFk3tcZSNCpx4BSEcM=,eWmVwpX3VmIqrcMLANt5MEQfEGc=
7,17,8Ooh4HCSSVFk3tcZSNCpx4BSEcM=,eWmVwpX3VmIqrcMLANt5MEQfEGc=
7,22,8Ooh4HCSSVFk3tcZSNCpx4BSEcM=,eWmVwpX3VmIqrcMLANt5MEQfEGc=
15,16,8Ooh4HCSSVFk3tcZSNCpx4BSEcM=,eWmVwpX3VmIqrcMLANt5MEQfEGc=
13,16,8Ooh4HCSSVFk3tcZSNCpx4BSEcM=,eWmVwpX3VmIqrcMLANt5MEQfEGc=
7,16,8Ooh4HCSSVFk3tcZSNCpx4BSEcM=,eWmVwpX3VmIqrcMLANt5MEQfEGc=
12,16,8Ooh4HCSSVFk3tcZSNCpx4BSEcM=,eWmVwpX3VmIqrcMLANt5MEQfEGc=
13,21,8Ooh4HCSSVFk3tcZSNCpx4BSEcM=,eWmVwpX3VmIqrcMLANt5MEQfEGc=
11,16,8Ooh4HCSSVFk3tcZSNCpx4BSEcM=,eWmVwpX3VmIqrcMLANt5MEQfEGc=
12,20,8Ooh4HCSSVFk3tcZSNCpx4BSEcM=,eWmVwpX3VmIqrcMLANt5MEQfEGc=
8,20,8Ooh4HCSSVFk3tcZSNCpx4BSEcM=,eWmVwpX3VmIqrcMLANt5MEQfEGc=
10,16,8Ooh4HCSSVFk3tcZSNCpx4BSEcM=,eWmVwpX3VmIqrcMLANt5MEQfEGc=
9,16,8Ooh4HCSSVFk3tcZSNCpx4BSEcM=,eWmVwpX3VmIqrcMLANt5MEQfEGc=
8,16,8Ooh4HCSSVFk3tcZSNCpx4BSEcM=,eWmVwpX3VmIqrcMLANt5MEQfEGc=
11,20,8Ooh4HCSSVFk3tcZSNCpx4BSEcM=,eWmVwpX3VmIqrcMLANt5MEQfEGc=
10,20,8Ooh4HCSSVFk3tcZSNCpx4BSEcM=,eWmVwpX3VmIqrcMLANt5MEQfEGc=
1,19,8Ooh4HCSSVFk3tcZSNCpx4BSEcM=,eWmVwpX3VmIqrcMLANt5MEQfEGc=
4,25,8Ooh4HCSSVFk3tcZSNCpx4BSEcM=,eWmVwpX3VmIqrcMLANt5MEQfEGc=
7,21,8Ooh4HCSSVFk3tcZSNCpx4BSEcM=,eWmVwpX3VmIqrcMLANt5MEQfEGc=
2,25,8Ooh4HCSSVFk3tcZSNCpx4BSEcM=,eWmVwpX3VmIqrcMLANt5MEQfEGc=
7,24,8Ooh4HCSSVFk3tcZSNCpx4BSEcM=,eWmVwpX3VmIqrcMLANt5MEQfEGc=
9,20,8Ooh4HCSSVFk3tcZSNCpx4BSEcM=,eWmVwpX3VmIqrcMLANt5MEQfEGc=
10,18,8Ooh4HCSSVFk3tcZSNCpx4BSEcM=,eWmVwpX3VmIqrcMLANt5MEQfEGc=
14,16,8Ooh4HCSSVFk3tcZSNCpx4BSEcM=,eWmVwpX3VmIqrcMLANt5MEQfEGc=
7,18,8Ooh4HCSSVFk3tcZSNCpx4BSEcM=,eWmVwpX3VmIqrcMLANt5MEQfEGc=
20,27,RM4aeb4FWayjt+EaaM9Wr6CJ888=,idU+Jcir4EBrERGPRDgHncKuXAE=
21,27,RM4aeb4FWayjt+EaaM9Wr6CJ888=,idU+Jcir4EBrERGPRDgHncKuXAE=
22,27,RM4aeb4FWayjt+EaaM9Wr6CJ888=,idU+Jcir4EBrERGPRDgHncKuXAE=
17,28,RM4aeb4FWayjt+EaaM9Wr6CJ888=,idU+Jcir4EBrERGPRDgHncKuXAE=
18,28,RM4aeb4FWayjt+EaaM9Wr6CJ888=,idU+Jcir4EBrERGPRDgHncKuXAE=
19,28,RM4aeb4FWayjt+EaaM9Wr6CJ888=,idU+Jcir4EBrERGPRDgHncKuXAE=
19,27,RM4aeb4FWayjt+EaaM9Wr6CJ888=,idU+Jcir4EBrERGPRDgHncKuXAE=
18,27,RM4aeb4FWayjt+EaaM9Wr6CJ888=,idU+Jcir4EBrERGPRDgHncKuXAE=
17,27,RM4aeb4FWayjt+EaaM9Wr6CJ888=,idU+Jcir4EBrERGPRDgHncKuXAE=
22,26,RM4aeb4FWayjt+EaaM9Wr6CJ888=,idU+Jcir4EBrERGPRDgHncKuXAE=
20,26,RM4aeb4FWayjt+EaaM9Wr6CJ888=,idU+Jcir4EBrERGPRDgHncKuXAE=
19,26,RM4aeb4FWayjt+EaaM9Wr6CJ888=,idU+Jcir4EBrERGPRDgHncKuXAE=
18,26,RM4aeb4FWayjt+EaaM9Wr6CJ888=,idU+Jcir4EBrERGPRDgHncKuXAE=
17,26,RM4aeb4FWayjt+EaaM9Wr6CJ888=,idU+Jcir4EBrERGPRDgHncKuXAE=
21,26,RM4aeb4FWayjt+EaaM9Wr6CJ888=,idU+Jcir4EBrERGPRDgHncKuXAE=
22,30,RM4aeb4FWayjt+EaaM9Wr6CJ888=,idU+Jcir4EBrERGPRDgHncKuXAE=
22,25,RM4aeb4FWayjt+EaaM9Wr6CJ888=,idU+Jcir4EBrERGPRDgHncKuXAE=
21,30,RM4aeb4FWayjt+EaaM9Wr6CJ888=,idU+Jcir4EBrERGPRDgHncKuXAE=
20,30,RM4aeb4FWayjt+EaaM9Wr6CJ888=,idU+Jcir4EBrERGPRDgHncKuXAE=
21,25,RM4aeb4FWayjt+EaaM9Wr6CJ888=,idU+Jcir4EBrERGPRDgHncKuXAE=
19,30,RM4aeb4FWayjt+EaaM9Wr6CJ888=,idU+Jcir4EBrERGPRDgHncKuXAE=
18,30,RM4aeb4FWayjt+EaaM9Wr6CJ888=,idU+Jcir4EBrERGPRDgHncKuXAE=
20,25,RM4aeb4FWayjt+EaaM9Wr6CJ888=,idU+Jcir4EBrERGPRDgHncKuXAE=
17,25,RM4aeb4FWayjt+EaaM9Wr6CJ888=,idU+Jcir4EBrERGPRDgHncKuXAE=
17,30,RM4aeb4FWayjt+EaaM9Wr6CJ888=,idU+Jcir4EBrERGPRDgHncKuXAE=
19,25,RM4aeb4FWayjt+EaaM9Wr6CJ888=,idU+Jcir4EBrERGPRDgHncKuXAE=
20,29,RM4aeb4FWayjt+EaaM9Wr6CJ888=,idU+Jcir4EBrERGPRDgHncKuXAE=
19,29,RM4aeb4FWayjt+EaaM9Wr6CJ888=,idU+Jcir4EBrERGPRDgHncKuXAE=
21,29,RM4aeb4FWayjt+EaaM9Wr6CJ888=,idU+Jcir4EBrERGPRDgHncKuXAE=
18,29,RM4aeb4FWayjt+EaaM9Wr6CJ888=,idU+Jcir4EBrERGPRDgHncKuXAE=
17,29,RM4aeb4FWayjt+EaaM9Wr6CJ888=,idU+Jcir4EBrERGPRDgHncKuXAE=
21,28,RM4aeb4FWayjt+EaaM9Wr6CJ888=,idU+Jcir4EBrERGPRDgHncKuXAE=
20,28,RM4aeb4FWayjt+EaaM9Wr6CJ888=,idU+Jcir4EBrERGPRDgHncKuXAE=
18,25,RM4aeb4FWayjt+EaaM9Wr6CJ888=,idU+Jcir4EBrERGPRDgHncKuXAE=
22,28,RM4aeb4FWayjt+EaaM9Wr6CJ888=,idU+Jcir4EBrERGPRDgHncKuXAE=
22,29,RM4aeb4FWayjt+EaaM9Wr6CJ888=,idU+Jcir4EBrERGPRDgHncKuXAE=
28,19,RM4aeb4FWayjt+EaaM9Wr6CJ888=,idU+Jcir4EBrERGPRDgHncKuXAE=
29,19,RM4aeb4FWayjt+EaaM9Wr6CJ888=,idU+Jcir4EBrERGPRDgHncKuXAE=
30,19,RM4aeb4FWayjt+EaaM9Wr6CJ888=,idU+Jcir4EBrERGPRDgHncKuXAE=
27,19,RM4aeb4FWayjt+EaaM9Wr6CJ888=,idU+Jcir4EBrERGPRDgHncKuXAE=
26,19,RM4aeb4FWayjt+EaaM9Wr6CJ888=,idU+Jcir4EBrERGPRDgHncKuXAE=
31,22,RM4aeb4FWayjt+EaaM9Wr6CJ888=,idU+Jcir4EBrERGPRDgHncKuXAE=
30,22,RM4aeb4FWayjt+EaaM9Wr6CJ888=,idU+Jcir4EBrERGPRDgHncKuXAE=
31,18,RM4aeb4FWayjt+EaaM9Wr6CJ888=,idU+Jcir4EBrERGPRDgHncKuXAE=
30,18,RM4aeb4FWayjt+EaaM9Wr6CJ888=,idU+Jcir4EBrERGPRDgHncKuXAE=
29,18,RM4aeb4FWayjt+EaaM9Wr6CJ888=,idU+Jcir4EBrERGPRDgHncKuXAE=
28,18,RM4aeb4FWayjt+EaaM9Wr6CJ888=,idU+Jcir4EBrERGPRDgHncKuXAE=
25,19,RM4aeb4FWayjt+EaaM9Wr6CJ888=,idU+Jcir4EBrERGPRDgHncKuXAE=
31,17,RM4aeb4FWayjt+EaaM9Wr6CJ888=,idU+Jcir4EBrERGPRDgHncKuXAE=
30,17,RM4aeb4FWayjt+EaaM9Wr6CJ888=,idU+Jcir4EBrERGPRDgHncKuXAE=
29,17,RM4aeb4FWayjt+EaaM9Wr6CJ888=,idU+Jcir4EBrERGPRDgHncKuXAE=
27,18,RM4aeb4FWayjt+EaaM9Wr6CJ888=,idU+Jcir4EBrERGPRDgHncKuXAE=
28,17,RM4aeb4FWayjt+EaaM9Wr6CJ888=,idU+Jcir4EBrERGPRDgHncKuXAE=
27,17,RM4aeb4FWayjt+EaaM9Wr6CJ888=,idU+Jcir4EBrERGPRDgHncKuXAE=
25,18,RM4aeb4FWayjt+EaaM9Wr6CJ888=,idU+Jcir4EBrERGPRDgHncKuXAE=
29,22,RM4aeb4FWayjt+EaaM9Wr6CJ888=,idU+Jcir4EBrERGPRDgHncKuXAE=
30,16,RM4aeb4FWayjt+EaaM9Wr6CJ888=,idU+Jcir4EBrERGPRDgHncKuXAE=
29,16,RM4aeb4FWayjt+EaaM9Wr6CJ888=,idU+Jcir4EBrERGPRDgHncKuXAE=
28,16,RM4aeb4FWayjt+EaaM9Wr6CJ888=,idU+Jcir4EBrERGPRDgHncKuXAE=
26,17,RM4aeb4FWayjt+EaaM9Wr6CJ888=,idU+Jcir4EBrERGPRDgHncKuXAE=
27,16,RM4aeb4FWayjt+EaaM9Wr6CJ888=,idU+Jcir4EBrERGPRDgHncKuXAE=
25,17,RM4aeb4FWayjt+EaaM9Wr6CJ888=,idU+Jcir4EBrERGPRDgHncKuXAE=
28,22,RM4aeb4FWayjt+EaaM9Wr6CJ888=,idU+Jcir4EBrERGPRDgHncKuXAE=
26,16,RM4aeb4FWayjt+EaaM9Wr6CJ888=,idU+Jcir4EBrERGPRDgHncKuXAE=
26,18,RM4aeb4FWayjt+EaaM9Wr6CJ888=,idU+Jcir4EBrERGPRDgHncKuXAE=
25,16,RM4aeb4FWayjt+EaaM9Wr6CJ888=,idU+Jcir4EBrERGPRDgHncKuXAE=
31,21,RM4aeb4FWayjt+EaaM9Wr6CJ888=,idU+Jcir4EBrERGPRDgHncKuXAE=
30,21,RM4aeb4FWayjt+EaaM9Wr6CJ888=,idU+Jcir4EBrERGPRDgHncKuXAE=
27,22,RM4aeb4FWayjt+EaaM9Wr6CJ888=,idU+Jcir4EBrERGPRDgHncKuXAE=
29,21,RM4aeb4FWayjt+EaaM9Wr6CJ888=,idU+Jcir4EBrERGPRDgHncKuXAE=
27,21,RM4aeb4FWayjt+EaaM9Wr6CJ888=,idU+Jcir4EBrERGPRDgHncKuXAE=
25,22,RM4aeb4FWayjt+EaaM9Wr6CJ888=,idU+Jcir4EBrERGPRDgHncKuXAE=
31,20,RM4aeb4FWayjt+EaaM9Wr6CJ888=,idU+Jcir4EBrERGPRDgHncKuXAE=
25,21,RM4aeb4FWayjt+EaaM9Wr6CJ888=,idU+Jcir4EBrERGPRDgHncKuXAE=
30,20,RM4aeb4FWayjt+EaaM9Wr6CJ888=,idU+Jcir4EBrERGPRDgHncKuXAE=
29,20,RM4aeb4FWayjt+EaaM9Wr6CJ888=,idU+Jcir4EBrERGPRDgHncKuXAE=
28,20,RM4aeb4FWayjt+EaaM9Wr6CJ888=,idU+Jcir4EBrERGPRDgHncKuXAE=
27,20,RM4aeb4FWayjt+EaaM9Wr6CJ888=,idU+Jcir4EBrERGPRDgHncKuXAE=
26,20,RM4aeb4FWayjt+EaaM9Wr6CJ888=,idU+Jcir4EBrERGPRDgHncKuXAE=
31,19,RM4aeb4FWayjt+EaaM9Wr6CJ888=,idU+Jcir4EBrERGPRDgHncKuXAE=
25,20,RM4aeb4FWayjt+EaaM9Wr6CJ888=,idU+Jcir4EBrERGPRDgHncKuXAE=
26,22,RM4aeb4FWayjt+EaaM9Wr6CJ888=,idU+Jcir4EBrERGPRDgHncKuXAE=
28,21,RM4aeb4FWayjt+EaaM9Wr6CJ888=,idU+Jcir4EBrERGPRDgHncKuXAE=
26,21,RM4aeb4FWayjt+EaaM9Wr6CJ888=,idU+Jcir4EBrERGPRDgHncKuXAE=
17,31,RM4aeb4FWayjt+EaaM9Wr6CJ888=,idU+Jcir4EBrERGPRDgHncKuXAE=
18,31,RM4aeb4FWayjt+EaaM9Wr6CJ888=,idU+Jcir4EBrERGPRDgHncKuXAE=
19,31,RM4aeb4FWayjt+EaaM9Wr6CJ888=,idU+Jcir4EBrERGPRDgHncKuXAE=
20,31,RM4aeb4FWayjt+EaaM9Wr6CJ888=,idU+Jcir4EBrERGPRDgHncKuXAE=
21,31,RM4aeb4FWayjt+EaaM9Wr6CJ888=,idU+Jcir4EBrERGPRDgHncKuXAE=
22,31,RM4aeb4FWayjt+EaaM9Wr6CJ888=,idU+Jcir4EBrERGPRDgHncKuXAE=
16,28,RM4aeb4FWayjt+EaaM9Wr6CJ888=,idU+Jcir4EBrERGPRDgHncKuXAE=
16,29,RM4aeb4FWayjt+EaaM9Wr6CJ888=,idU+Jcir4EBrERGPRDgHncKuXAE=
16,30,RM4aeb4FWayjt+EaaM9Wr6CJ888=,idU+Jcir4EBrERGPRDgHncKuXAE=
16,25,RM4aeb4FWayjt+EaaM9Wr6CJ888=,idU+Jcir4EBrERGPRDgHncKuXAE=
16,26,RM4aeb4FWayjt+EaaM9Wr6CJ888=,idU+Jcir4EBrERGPRDgHncKuXAE=
16,31,RM4aeb4FWayjt+EaaM9Wr6CJ888=,idU+Jcir4EBrERGPRDgHncKuXAE=
16,27,RM4aeb4FWayjt+EaaM9Wr6CJ888=,idU+Jcir4EBrERGPRDgHncKuXAE=
31,16,RM4aeb4FWayjt+EaaM9Wr6CJ888=,idU+Jcir4EBrERGPRDgHncKuXAE=
23,17,RM4aeb4FWayjt+EaaM9Wr6CJ888=,idU+Jcir4EBrERGPRDgHncKuXAE=
22,17,RM4aeb4FWayjt+EaaM9Wr6CJ888=,idU+Jcir4EBrERGPRDgHncKuXAE=
20,20,RM4aeb4FWayjt+EaaM9Wr6CJ888=,idU+Jcir4EBrERGPRDgHncKuXAE=
21,20,RM4aeb4FWayjt+EaaM9Wr6CJ888=,idU+Jcir4EBrERGPRDgHncKuXAE=
23,18,RM4aeb4FWayjt+EaaM9Wr6CJ888=,idU+Jcir4EBrERGPRDgHncKuXAE=
20,19,RM4aeb4FWayjt+EaaM9Wr6CJ888=,idU+Jcir4EBrERGPRDgHncKuXAE=
21,19,RM4aeb4FWayjt+EaaM9Wr6CJ888=,idU+Jcir4EBrERGPRDgHncKuXAE=
24,19,RM4aeb4FWayjt+EaaM9Wr6CJ888=,idU+Jcir4EBrERGPRDgHncKuXAE=
19,21,RM4aeb4FWayjt+EaaM9Wr6CJ888=,idU+Jcir4EBrERGPRDgHncKuXAE=
24,18,RM4aeb4FWayjt+EaaM9Wr6CJ888=,idU+Jcir4EBrERGPRDgHncKuXAE=
20,21,RM4aeb4FWayjt+EaaM9Wr6CJ888=,idU+Jcir4EBrERGPRDgHncKuXAE=
18,21,RM4aeb4FWayjt+EaaM9Wr6CJ888=,idU+Jcir4EBrERGPRDgHncKuXAE=
24,17,RM4aeb4FWayjt+EaaM9Wr6CJ888=,idU+Jcir4EBrERGPRDgHncKuXAE=
21,18,RM4aeb4FWayjt+EaaM9Wr6CJ888=,idU+Jcir4EBrERGPRDgHncKuXAE=
22,24,RM4aeb4FWayjt+EaaM9Wr6CJ888=,idU+Jcir4EBrERGPRDgHncKuXAE=
17,21,RM4aeb4FWayjt+EaaM9Wr6CJ888=,idU+Jcir4EBrERGPRDgHncKuXAE=
21,21,RM4aeb4FWayjt+EaaM9Wr6CJ888=,idU+Jcir4EBrERGPRDgHncKuXAE=
20,18,RM4aeb4FWayjt+EaaM9Wr6CJ888=,idU+Jcir4EBrERGPRDgHncKuXAE=
18,20,RM4aeb4FWayjt+EaaM9Wr6CJ888=,idU+Jcir4EBrERGPRDgHncKuXAE=
19,19,RM4aeb4FWayjt+EaaM9Wr6CJ888=,idU+Jcir4EBrERGPRDgHncKuXAE=
21,24,RM4aeb4FWayjt+EaaM9Wr6CJ888=,idU+Jcir4EBrERGPRDgHncKuXAE=
20,24,RM4aeb4FWayjt+EaaM9Wr6CJ888=,idU+Jcir4EBrERGPRDgHncKuXAE=
19,24,RM4aeb4FWayjt+EaaM9Wr6CJ888=,idU+Jcir4EBrERGPRDgHncKuXAE=
19,20,RM4aeb4FWayjt+EaaM9Wr6CJ888=,idU+Jcir4EBrERGPRDgHncKuXAE=
17,24,RM4aeb4FWayjt+EaaM9Wr6CJ888=,idU+Jcir4EBrERGPRDgHncKuXAE=
16,24,RM4aeb4FWayjt+EaaM9Wr6CJ888=,idU+Jcir4EBrERGPRDgHncKuXAE=
18,17,RM4aeb4FWayjt+EaaM9Wr6CJ888=,idU+Jcir4EBrERGPRDgHncKuXAE=
24,16,RM4aeb4FWayjt+EaaM9Wr6CJ888=,idU+Jcir4EBrERGPRDgHncKuXAE=
24,22,RM4aeb4FWayjt+EaaM9Wr6CJ888=,idU+Jcir4EBrERGPRDgHncKuXAE=
16,21,RM4aeb4FWayjt+EaaM9Wr6CJ888=,idU+Jcir4EBrERGPRDgHncKuXAE=
18,24,RM4aeb4FWayjt+EaaM9Wr6CJ888=,idU+Jcir4EBrERGPRDgHncKuXAE=
19,18,RM4aeb4FWayjt+EaaM9Wr6CJ888=,idU+Jcir4EBrERGPRDgHncKuXAE=
17,20,RM4aeb4FWayjt+EaaM9Wr6CJ888=,idU+Jcir4EBrERGPRDgHncKuXAE=
19,17,RM4aeb4FWayjt+EaaM9Wr6CJ888=,idU+Jcir4EBrERGPRDgHncKuXAE=
22,23,RM4aeb4FWayjt+EaaM9Wr6CJ888=,idU+Jcir4EBrERGPRDgHncKuXAE=
24,21,RM4aeb4FWayjt+EaaM9Wr6CJ888=,idU+Jcir4EBrERGPRDgHncKuXAE=
17,23,RM4aeb4FWayjt+EaaM9Wr6CJ888=,idU+Jcir4EBrERGPRDgHncKuXAE=
21,23,RM4aeb4FWayjt+EaaM9Wr6CJ888=,idU+Jcir4EBrERGPRDgHncKuXAE=
18,23,RM4aeb4FWayjt+EaaM9Wr6CJ888=,idU+Jcir4EBrERGPRDgHncKuXAE=
18,18,RM4aeb4FWayjt+EaaM9Wr6CJ888=,idU+Jcir4EBrERGPRDgHncKuXAE=
20,23,RM4aeb4FWayjt+EaaM9Wr6CJ888=,idU+Jcir4EBrERGPRDgHncKuXAE=
23,20,RM4aeb4FWayjt+EaaM9Wr6CJ888=,idU+Jcir4EBrERGPRDgHncKuXAE=
20,17,RM4aeb4FWayjt+EaaM9Wr6CJ888=,idU+Jcir4EBrERGPRDgHncKuXAE=
16,23,RM4aeb4FWayjt+EaaM9Wr6CJ888=,idU+Jcir4EBrERGPRDgHncKuXAE=
17,18,RM4aeb4FWayjt+EaaM9Wr6CJ888=,idU+Jcir4EBrERGPRDgHncKuXAE=
16,20,RM4aeb4FWayjt+EaaM9Wr6CJ888=,idU+Jcir4EBrERGPRDgHncKuXAE=
23,22,RM4aeb4FWayjt+EaaM9Wr6CJ888=,idU+Jcir4EBrERGPRDgHncKuXAE=
22,22,RM4aeb4FWayjt+EaaM9Wr6CJ888=,idU+Jcir4EBrERGPRDgHncKuXAE=
21,22,RM4aeb4FWayjt+EaaM9Wr6CJ888=,idU+Jcir4EBrERGPRDgHncKuXAE=
19,23,RM4aeb4FWayjt+EaaM9Wr6CJ888=,idU+Jcir4EBrERGPRDgHncKuXAE=
20,22,RM4aeb4FWayjt+EaaM9Wr6CJ888=,idU+Jcir4EBrERGPRDgHncKuXAE=
21,17,RM4aeb4FWayjt+EaaM9Wr6CJ888=,idU+Jcir4EBrERGPRDgHncKuXAE=
18,19,RM4aeb4FWayjt+EaaM9Wr6CJ888=,idU+Jcir4EBrERGPRDgHncKuXAE=
17,17,RM4aeb4FWayjt+EaaM9Wr6CJ888=,idU+Jcir4EBrERGPRDgHncKuXAE=
31,23,RM4aeb4FWayjt+EaaM9Wr6CJ888=,idU+Jcir4EBrERGPRDgHncKuXAE=
17,22,RM4aeb4FWayjt+EaaM9Wr6CJ888=,idU+Jcir4EBrERGPRDgHncKuXAE=
19,22,RM4aeb4FWayjt+EaaM9Wr6CJ888=,idU+Jcir4EBrERGPRDgHncKuXAE=
23,19,RM4aeb4FWayjt+EaaM9Wr6CJ888=,idU+Jcir4EBrERGPRDgHncKuXAE=
16,18,RM4aeb4FWayjt+EaaM9Wr6CJ888=,idU+Jcir4EBrERGPRDgHncKuXAE=
28,29,RM4aeb4FWayjt+EaaM9Wr6CJ888=,idU+Jcir4EBrERGPRDgHncKuXAE=
24,20,RM4aeb4FWayjt+EaaM9Wr6CJ888=,idU+Jcir4EBrERGPRDgHncKuXAE=
23,31,RM4aeb4FWayjt+EaaM9Wr6CJ888=,idU+Jcir4EBrERGPRDgHncKuXAE=
27,29,RM4aeb4FWayjt+EaaM9Wr6CJ888=,idU+Jcir4EBrERGPRDgHncKuXAE=
26,29,RM4aeb4FWayjt+EaaM9Wr6CJ888=,idU+Jcir4EBrERGPRDgHncKuXAE=
30,23,RM4aeb4FWayjt+EaaM9Wr6CJ888=,idU+Jcir4EBrERGPRDgHncKuXAE=
25,29,RM4aeb4FWayjt+EaaM9Wr6CJ888=,idU+Jcir4EBrERGPRDgHncKuXAE=
29,29,RM4aeb4FWayjt+EaaM9Wr6CJ888=,idU+Jcir4EBrERGPRDgHncKuXAE=
29,23,RM4aeb4FWayjt+EaaM9Wr6CJ888=,idU+Jcir4EBrERGPRDgHncKuXAE=
28,23,RM4aeb4FWayjt+EaaM9Wr6CJ888=,idU+Jcir4EBrERGPRDgHncKuXAE=
26,23,RM4aeb4FWayjt+EaaM9Wr6CJ888=,idU+Jcir4EBrERGPRDgHncKuXAE=
27,23,RM4aeb4FWayjt+EaaM9Wr6CJ888=,idU+Jcir4EBrERGPRDgHncKuXAE=
17,19,RM4aeb4FWayjt+EaaM9Wr6CJ888=,idU+Jcir4EBrERGPRDgHncKuXAE=
23,16,RM4aeb4FWayjt+EaaM9Wr6CJ888=,idU+Jcir4EBrERGPRDgHncKuXAE=
30,29,RM4aeb4FWayjt+EaaM9Wr6CJ888=,idU+Jcir4EBrERGPRDgHncKuXAE=
23,26,RM4aeb4FWayjt+EaaM9Wr6CJ888=,idU+Jcir4EBrERGPRDgHncKuXAE=
16,22,RM4aeb4FWayjt+EaaM9Wr6CJ888=,idU+Jcir4EBrERGPRDgHncKuXAE=
25,23,RM4aeb4FWayjt+EaaM9Wr6CJ888=,idU+Jcir4EBrERGPRDgHncKuXAE=
23,21,RM4aeb4FWayjt+EaaM9Wr6CJ888=,idU+Jcir4EBrERGPRDgHncKuXAE=
24,23,RM4aeb4FWayjt+EaaM9Wr6CJ888=,idU+Jcir4EBrERGPRDgHncKuXAE=
23,30,RM4aeb4FWayjt+EaaM9Wr6CJ888=,idU+Jcir4EBrERGPRDgHncKuXAE=
31,29,RM4aeb4FWayjt+EaaM9Wr6CJ888=,idU+Jcir4EBrERGPRDgHncKuXAE=
20,16,RM4aeb4FWayjt+EaaM9Wr6CJ888=,idU+Jcir4EBrERGPRDgHncKuXAE=
21,16,RM4aeb4FWayjt+EaaM9Wr6CJ888=,idU+Jcir4EBrERGPRDgHncKuXAE=
23,25,RM4aeb4FWayjt+EaaM9Wr6CJ888=,idU+Jcir4EBrERGPRDgHncKuXAE=
24,29,RM4aeb4FWayjt+EaaM9Wr6CJ888=,idU+Jcir4EBrERGPRDgHncKuXAE=
31,28,RM4aeb4FWayjt+EaaM9Wr6CJ888=,idU+Jcir4EBrERGPRDgHncKuXAE=
30,28,RM4aeb4FWayjt+EaaM9Wr6CJ888=,idU+Jcir4EBrERGPRDgHncKuXAE=
24,30,RM4aeb4FWayjt+EaaM9Wr6CJ888=,idU+Jcir4EBrERGPRDgHncKuXAE=
29,28,RM4aeb4FWayjt+EaaM9Wr6CJ888=,idU+Jcir4EBrERGPRDgHncKuXAE=
28,28,RM4aeb4FWayjt+EaaM9Wr6CJ888=,idU+Jcir4EBrERGPRDgHncKuXAE=
27,28,RM4aeb4FWayjt+EaaM9Wr6CJ888=,idU+Jcir4EBrERGPRDgHncKuXAE=
23,24,RM4aeb4FWayjt+EaaM9Wr6CJ888=,idU+Jcir4EBrERGPRDgHncKuXAE=
26,28,RM4aeb4FWayjt+EaaM9Wr6CJ888=,idU+Jcir4EBrERGPRDgHncKuXAE=
25,28,RM4aeb4FWayjt+EaaM9Wr6CJ888=,idU+Jcir4EBrERGPRDgHncKuXAE=
23,27,RM4aeb4FWayjt+EaaM9Wr6CJ888=,idU+Jcir4EBrERGPRDgHncKuXAE=
24,28,RM4aeb4FWayjt+EaaM9Wr6CJ888=,idU+Jcir4EBrERGPRDgHncKuXAE=
31,27,RM4aeb4FWayjt+EaaM9Wr6CJ888=,idU+Jcir4EBrERGPRDgHncKuXAE=
29,27,RM4aeb4FWayjt+EaaM9Wr6CJ888=,idU+Jcir4EBrERGPRDgHncKuXAE=
30,27,RM4aeb4FWayjt+EaaM9Wr6CJ888=,idU+Jcir4EBrERGPRDgHncKuXAE=
28,27,RM4aeb4FWayjt+EaaM9Wr6CJ888=,idU+Jcir4EBrERGPRDgHncKuXAE=
27,27,RM4aeb4FWayjt+EaaM9Wr6CJ888=,idU+Jcir4EBrERGPRDgHncKuXAE=
25,30,RM4aeb4FWayjt+EaaM9Wr6CJ888=,idU+Jcir4EBrERGPRDgHncKuXAE=
26,27,RM4aeb4FWayjt+EaaM9Wr6CJ888=,idU+Jcir4EBrERGPRDgHncKuXAE=
25,27,RM4aeb4FWayjt+EaaM9Wr6CJ888=,idU+Jcir4EBrERGPRDgHncKuXAE=
22,19,RM4aeb4FWayjt+EaaM9Wr6CJ888=,idU+Jcir4EBrERGPRDgHncKuXAE=
24,27,RM4aeb4FWayjt+EaaM9Wr6CJ888=,idU+Jcir4EBrERGPRDgHncKuXAE=
31,26,RM4aeb4FWayjt+EaaM9Wr6CJ888=,idU+Jcir4EBrERGPRDgHncKuXAE=
22,21,RM4aeb4FWayjt+EaaM9Wr6CJ888=,idU+Jcir4EBrERGPRDgHncKuXAE=
26,30,RM4aeb4FWayjt+EaaM9Wr6CJ888=,idU+Jcir4EBrERGPRDgHncKuXAE=
18,16,RM4aeb4FWayjt+EaaM9Wr6CJ888=,idU+Jcir4EBrERGPRDgHncKuXAE=
16,19,RM4aeb4FWayjt+EaaM9Wr6CJ888=,idU+Jcir4EBrERGPRDgHncKuXAE=
17,16,RM4aeb4FWayjt+EaaM9Wr6CJ888=,idU+Jcir4EBrERGPRDgHncKuXAE=
30,26,RM4aeb4FWayjt+EaaM9Wr6CJ888=,idU+Jcir4EBrERGPRDgHncKuXAE=
29,26,RM4aeb4FWayjt+EaaM9Wr6CJ888=,idU+Jcir4EBrERGPRDgHncKuXAE=
28,26,RM4aeb4FWayjt+EaaM9Wr6CJ888=,idU+Jcir4EBrERGPRDgHncKuXAE=
24,24,RM4aeb4FWayjt+EaaM9Wr6CJ888=,idU+Jcir4EBrERGPRDgHncKuXAE=
27,26,RM4aeb4FWayjt+EaaM9Wr6CJ888=,idU+Jcir4EBrERGPRDgHncKuXAE=
26,26,RM4aeb4FWayjt+EaaM9Wr6CJ888=,idU+Jcir4EBrERGPRDgHncKuXAE=
25,26,RM4aeb4FWayjt+EaaM9Wr6CJ888=,idU+Jcir4EBrERGPRDgHncKuXAE=
23,29,RM4aeb4FWayjt+EaaM9Wr6CJ888=,idU+Jcir4EBrERGPRDgHncKuXAE=
31,31,RM4aeb4FWayjt+EaaM9Wr6CJ888=,idU+Jcir4EBrERGPRDgHncKuXAE=
24,26,RM4aeb4FWayjt+EaaM9Wr6CJ888=,idU+Jcir4EBrERGPRDgHncKuXAE=
31,25,RM4aeb4FWayjt+EaaM9Wr6CJ888=,idU+Jcir4EBrERGPRDgHncKuXAE=
25,24,RM4aeb4FWayjt+EaaM9Wr6CJ888=,idU+Jcir4EBrERGPRDgHncKuXAE=
30,25,RM4aeb4FWayjt+EaaM9Wr6CJ888=,idU+Jcir4EBrERGPRDgHncKuXAE=
29,25,RM4aeb4FWayjt+EaaM9Wr6CJ888=,idU+Jcir4EBrERGPRDgHncKuXAE=
30,31,RM4aeb4FWayjt+EaaM9Wr6CJ888=,idU+Jcir4EBrERGPRDgHncKuXAE=
28,25,RM4aeb4FWayjt+EaaM9Wr6CJ888=,idU+Jcir4EBrERGPRDgHncKuXAE=
27,25,RM4aeb4FWayjt+EaaM9Wr6CJ888=,idU+Jcir4EBrERGPRDgHncKuXAE=
27,30,RM4aeb4FWayjt+EaaM9Wr6CJ888=,idU+Jcir4EBrERGPRDgHncKuXAE=
23,23,RM4aeb4FWayjt+EaaM9Wr6CJ888=,idU+Jcir4EBrERGPRDgHncKuXAE=
31,24,RM4aeb4FWayjt+EaaM9Wr6CJ888=,idU+Jcir4EBrERGPRDgHncKuXAE=
26,25,RM4aeb4FWayjt+EaaM9Wr6CJ888=,idU+Jcir4EBrERGPRDgHncKuXAE=
22,16,RM4aeb4FWayjt+EaaM9Wr6CJ888=,idU+Jcir4EBrERGPRDgHncKuXAE=
29,31,RM4aeb4FWayjt+EaaM9Wr6CJ888=,idU+Jcir4EBrERGPRDgHncKuXAE=
28,31,RM4aeb4FWayjt+EaaM9Wr6CJ888=,idU+Jcir4EBrERGPRDgHncKuXAE=
24,25,RM4aeb4FWayjt+EaaM9Wr6CJ888=,idU+Jcir4EBrERGPRDgHncKuXAE=
25,25,RM4aeb4FWayjt+EaaM9Wr6CJ888=,idU+Jcir4EBrERGPRDgHncKuXAE=
28,30,RM4aeb4FWayjt+EaaM9Wr6CJ888=,idU+Jcir4EBrERGPRDgHncKuXAE=
27,31,RM4aeb4FWayjt+EaaM9Wr6CJ888=,idU+Jcir4EBrERGPRDgHncKuXAE=
30,24,RM4aeb4FWayjt+EaaM9Wr6CJ888=,idU+Jcir4EBrERGPRDgHncKuXAE=
29,24,RM4aeb4FWayjt+EaaM9Wr6CJ888=,idU+Jcir4EBrERGPRDgHncKuXAE=
23,28,RM4aeb4FWayjt+EaaM9Wr6CJ888=,idU+Jcir4EBrERGPRDgHncKuXAE=
28,24,RM4aeb4FWayjt+EaaM9Wr6CJ888=,idU+Jcir4EBrERGPRDgHncKuXAE=
25,31,RM4aeb4FWayjt+EaaM9Wr6CJ888=,idU+Jcir4EBrERGPRDgHncKuXAE=
26,31,RM4aeb4FWayjt+EaaM9Wr6CJ888=,idU+Jcir4EBrERGPRDgHncKuXAE=
29,30,RM4aeb4FWayjt+EaaM9Wr6CJ888=,idU+Jcir4EBrERGPRDgHncKuXAE=
16,16,RM4aeb4FWayjt+EaaM9Wr6CJ888=,idU+Jcir4EBrERGPRDgHncKuXAE=
24,31,RM4aeb4FWayjt+EaaM9Wr6CJ888=,idU+Jcir4EBrERGPRDgHncKuXAE=
27,24,RM4aeb4FWayjt+EaaM9Wr6CJ888=,idU+Jcir4EBrERGPRDgHncKuXAE=
31,30,RM4aeb4FWayjt+EaaM9Wr6CJ888=,idU+Jcir4EBrERGPRDgHncKuXAE=
16,17,RM4aeb4FWayjt+EaaM9Wr6CJ888=,idU+Jcir4EBrERGPRDgHncKuXAE=
30,30,RM4aeb4FWayjt+EaaM9Wr6CJ888=,idU+Jcir4EBrERGPRDgHncKuXAE=
22,20,RM4aeb4FWayjt+EaaM9Wr6CJ888=,idU+Jcir4EBrERGPRDgHncKuXAE=
26,24,RM4aeb4FWayjt+EaaM9Wr6CJ888=,idU+Jcir4EBrERGPRDgHncKuXAE=
19,16,RM4aeb4FWayjt+EaaM9Wr6CJ888=,idU+Jcir4EBrERGPRDgHncKuXAE=
22,18,RM4aeb4FWayjt+EaaM9Wr6CJ888=,idU+Jcir4EBrERGPRDgHncKuXAE=
18,22,RM4aeb4FWayjt+EaaM9Wr6CJ888=,idU+Jcir4EBrERGPRDgHncKuXAE=
28,13,RM4aeb4FWayjt+EaaM9Wr6CJ888=,idU+Jcir4EBrERGPRDgHncKuXAE=
29,13,RM4aeb4FWayjt+EaaM9Wr6CJ888=,idU+Jcir4EBrERGPRDgHncKuXAE=
30,13,RM4aeb4FWayjt+EaaM9Wr6CJ888=,idU+Jcir4EBrERGPRDgHncKuXAE=
25,14,RM4aeb4FWayjt+EaaM9Wr6CJ888=,idU+Jcir4EBrERGPRDgHncKuXAE=
26,14,RM4aeb4FWayjt+EaaM9Wr6CJ888=,idU+Jcir4EBrERGPRDgHncKuXAE=
27,14,RM4aeb4FWayjt+EaaM9Wr6CJ888=,idU+Jcir4EBrERGPRDgHncKuXAE=
28,14,RM4aeb4FWayjt+EaaM9Wr6CJ888=,idU+Jcir4EBrERGPRDgHncKuXAE=
29,14,RM4aeb4FWayjt+EaaM9Wr6CJ888=,idU+Jcir4EBrERGPRDgHncKuXAE=
27,13,RM4aeb4FWayjt+EaaM9Wr6CJ888=,idU+Jcir4EBrERGPRDgHncKuXAE=
26,13,RM4aeb4FWayjt+EaaM9Wr6CJ888=,idU+Jcir4EBrERGPRDgHncKuXAE=
30,12,RM4aeb4FWayjt+EaaM9Wr6CJ888=,idU+Jcir4EBrERGPRDgHncKuXAE=
29,12,RM4aeb4FWayjt+EaaM9Wr6CJ888=,idU+Jcir4EBrERGPRDgHncKuXAE=
28,12,RM4aeb4FWayjt+EaaM9Wr6CJ888=,idU+Jcir4EBrERGPRDgHncKuXAE=
27,12,RM4aeb4FWayjt+EaaM9Wr6CJ888=,idU+Jcir4EBrERGPRDgHncKuXAE=
26,12,RM4aeb4FWayjt+EaaM9Wr6CJ888=,idU+Jcir4EBrERGPRDgHncKuXAE=
25,13,RM4aeb4FWayjt+EaaM9Wr6CJ888=,idU+Jcir4EBrERGPRDgHncKuXAE=
30,11,RM4aeb4FWayjt+EaaM9Wr6CJ888=,idU+Jcir4EBrERGPRDgHncKuXAE=
29,11,RM4aeb4FWayjt+EaaM9Wr6CJ888=,idU+Jcir4EBrERGPRDgHncKuXAE=
28,11,RM4aeb4FWayjt+EaaM9Wr6CJ888=,idU+Jcir4EBrERGPRDgHncKuXAE=
27,11,RM4aeb4FWayjt+EaaM9Wr6CJ888=,idU+Jcir4EBrERGPRDgHncKuXAE=
26,11,RM4aeb4FWayjt+EaaM9Wr6CJ888=,idU+Jcir4EBrERGPRDgHncKuXAE=
25,11,RM4aeb4FWayjt+EaaM9Wr6CJ888=,idU+Jcir4EBrERGPRDgHncKuXAE=
30,10,RM4aeb4FWayjt+EaaM9Wr6CJ888=,idU+Jcir4EBrERGPRDgHncKuXAE=
29,10,RM4aeb4FWayjt+EaaM9Wr6CJ888=,idU+Jcir4EBrERGPRDgHncKuXAE=
28,10,RM4aeb4FWayjt+EaaM9Wr6CJ888=,idU+Jcir4EBrERGPRDgHncKuXAE=
27,10,RM4aeb4FWayjt+EaaM9Wr6CJ888=,idU+Jcir4EBrERGPRDgHncKuXAE=
26,10,RM4aeb4FWayjt+EaaM9Wr6CJ888=,idU+Jcir4EBrERGPRDgHncKuXAE=
25,12,RM4aeb4FWayjt+EaaM9Wr6CJ888=,idU+Jcir4EBrERGPRDgHncKuXAE=
30,9,RM4aeb4FWayjt+EaaM9Wr6CJ888=,idU+Jcir4EBrERGPRDgHncKuXAE=
29,9,RM4aeb4FWayjt+EaaM9Wr6CJ888=,idU+Jcir4EBrERGPRDgHncKuXAE=
28,9,RM4aeb4FWayjt+EaaM9Wr6CJ888=,idU+Jcir4EBrERGPRDgHncKuXAE=
27,9,RM4aeb4FWayjt+EaaM9Wr6CJ888=,idU+Jcir4EBrERGPRDgHncKuXAE=
26,9,RM4aeb4FWayjt+EaaM9Wr6CJ888=,idU+Jcir4EBrERGPRDgHncKuXAE=
25,9,RM4aeb4FWayjt+EaaM9Wr6CJ888=,idU+Jcir4EBrERGPRDgHncKuXAE=
30,14,RM4aeb4FWayjt+EaaM9Wr6CJ888=,idU+Jcir4EBrERGPRDgHncKuXAE=
25,10,RM4aeb4FWayjt+EaaM9Wr6CJ888=,idU+Jcir4EBrERGPRDgHncKuXAE=
31,13,1KdEiXEcBtbLupVp2NnWWyYEsPU=,idU+Jcir4EBrERGPRDgHncKuXAE=
31,14,1KdEiXEcBtbLupVp2NnWWyYEsPU=,idU+Jcir4EBrERGPRDgHncKuXAE=
31,12,1KdEiXEcBtbLupVp2NnWWyYEsPU=,idU+Jcir4EBrERGPRDgHncKuXAE=
31,11,1KdEiXEcBtbLupVp2NnWWyYEsPU=,idU+Jcir4EBrERGPRDgHncKuXAE=
31,10,1KdEiXEcBtbLupVp2NnWWyYEsPU=,idU+Jcir4EBrERGPRDgHncKuXAE=
31,9,1KdEiXEcBtbLupVp2NnWWyYEsPU=,idU+Jcir4EBrERGPRDgHncKuXAE=
25,15,1KdEiXEcBtbLupVp2NnWWyYEsPU=,idU+Jcir4EBrERGPRDgHncKuXAE=
30,15,1KdEiXEcBtbLupVp2NnWWyYEsPU=,idU+Jcir4EBrERGPRDgHncKuXAE=
29,15,1KdEiXEcBtbLupVp2NnWWyYEsPU=,idU+Jcir4EBrERGPRDgHncKuXAE=
28,15,1KdEiXEcBtbLupVp2NnWWyYEsPU=,idU+Jcir4EBrERGPRDgHncKuXAE=
27,15,1KdEiXEcBtbLupVp2NnWWyYEsPU=,idU+Jcir4EBrERGPRDgHncKuXAE=
26,15,1KdEiXEcBtbLupVp2NnWWyYEsPU=,idU+Jcir4EBrERGPRDgHncKuXAE=
31,15,1KdEiXEcBtbLupVp2NnWWyYEsPU=,idU+Jcir4EBrERGPRDgHncKuXAE=
20,15,1KdEiXEcBtbLupVp2NnWWyYEsPU=,idU+Jcir4EBrERGPRDgHncKuXAE=
24,13,1KdEiXEcBtbLupVp2NnWWyYEsPU=,idU+Jcir4EBrERGPRDgHncKuXAE=
17,15,1KdEiXEcBtbLupVp2NnWWyYEsPU=,idU+Jcir4EBrERGPRDgHncKuXAE=
16,15,1KdEiXEcBtbLupVp2NnWWyYEsPU=,idU+Jcir4EBrERGPRDgHncKuXAE=
21,15,1KdEiXEcBtbLupVp2NnWWyYEsPU=,idU+Jcir4EBrERGPRDgHncKuXAE=
22,14,1KdEiXEcBtbLupVp2NnWWyYEsPU=,idU+Jcir4EBrERGPRDgHncKuXAE=
21,14,1KdEiXEcBtbLupVp2NnWWyYEsPU=,idU+Jcir4EBrERGPRDgHncKuXAE=
22,15,1KdEiXEcBtbLupVp2NnWWyYEsPU=,idU+Jcir4EBrERGPRDgHncKuXAE=
20,14,1KdEiXEcBtbLupVp2NnWWyYEsPU=,idU+Jcir4EBrERGPRDgHncKuXAE=
19,14,1KdEiXEcBtbLupVp2NnWWyYEsPU=,idU+Jcir4EBrERGPRDgHncKuXAE=
23,14,1KdEiXEcBtbLupVp2NnWWyYEsPU=,idU+Jcir4EBrERGPRDgHncKuXAE=
23,15,1KdEiXEcBtbLupVp2NnWWyYEsPU=,idU+Jcir4EBrERGPRDgHncKuXAE=
18,14,1KdEiXEcBtbLupVp2NnWWyYEsPU=,idU+Jcir4EBrERGPRDgHncKuXAE=
24,14,1KdEiXEcBtbLupVp2NnWWyYEsPU=,idU+Jcir4EBrERGPRDgHncKuXAE=
16,14,1KdEiXEcBtbLupVp2NnWWyYEsPU=,idU+Jcir4EBrERGPRDgHncKuXAE=
24,9,1KdEiXEcBtbLupVp2NnWWyYEsPU=,idU+Jcir4EBrERGPRDgHncKuXAE=
23,13,1KdEiXEcBtbLupVp2NnWWyYEsPU=,idU+Jcir4EBrERGPRDgHncKuXAE=
16,9,1KdEiXEcBtbLupVp2NnWWyYEsPU=,idU+Jcir4EBrERGPRDgHncKuXAE=
22,13,1KdEiXEcBtbLupVp2NnWWyYEsPU=,idU+Jcir4EBrERGPRDgHncKuXAE=
17,9,1KdEiXEcBtbLupVp2NnWWyYEsPU=,idU+Jcir4EBrERGPRDgHncKuXAE=
17,14,1KdEiXEcBtbLupVp2NnWWyYEsPU=,idU+Jcir4EBrERGPRDgHncKuXAE=
21,13,1KdEiXEcBtbLupVp2NnWWyYEsPU=,idU+Jcir4EBrERGPRDgHncKuXAE=
18,9,1KdEiXEcBtbLupVp2NnWWyYEsPU=,idU+Jcir4EBrERGPRDgHncKuXAE=
19,13,1KdEiXEcBtbLupVp2NnWWyYEsPU=,idU+Jcir4EBrERGPRDgHncKuXAE=
24,15,1KdEiXEcBtbLupVp2NnWWyYEsPU=,idU+Jcir4EBrERGPRDgHncKuXAE=
18,13,1KdEiXEcBtbLupVp2NnWWyYEsPU=,idU+Jcir4EBrERGPRDgHncKuXAE=
19,9,1KdEiXEcBtbLupVp2NnWWyYEsPU=,idU+Jcir4EBrERGPRDgHncKuXAE=
17,13,1KdEiXEcBtbLupVp2NnWWyYEsPU=,idU+Jcir4EBrERGPRDgHncKuXAE=
16,13,1KdEiXEcBtbLupVp2NnWWyYEsPU=,idU+Jcir4EBrERGPRDgHncKuXAE=
20,13,1KdEiXEcBtbLupVp2NnWWyYEsPU=,idU+Jcir4EBrERGPRDgHncKuXAE=
20,9,1KdEiXEcBtbLupVp2NnWWyYEsPU=,idU+Jcir4EBrERGPRDgHncKuXAE=
23,12,1KdEiXEcBtbLupVp2NnWWyYEsPU=,idU+Jcir4EBrERGPRDgHncKuXAE=
22,12,1KdEiXEcBtbLupVp2NnWWyYEsPU=,idU+Jcir4EBrERGPRDgHncKuXAE=
21,12,1KdEiXEcBtbLupVp2NnWWyYEsPU=,idU+Jcir4EBrERGPRDgHncKuXAE=
21,9,1KdEiXEcBtbLupVp2NnWWyYEsPU=,idU+Jcir4EBrERGPRDgHncKuXAE=
24,12,1KdEiXEcBtbLupVp2NnWWyYEsPU=,idU+Jcir4EBrERGPRDgHncKuXAE=
19,15,1KdEiXEcBtbLupVp2NnWWyYEsPU=,idU+Jcir4EBrERGPRDgHncKuXAE=
22,9,1KdEiXEcBtbLupVp2NnWWyYEsPU=,idU+Jcir4EBrERGPRDgHncKuXAE=
18,12,1KdEiXEcBtbLupVp2NnWWyYEsPU=,idU+Jcir4EBrERGPRDgHncKuXAE=
17,12,1KdEiXEcBtbLupVp2NnWWyYEsPU=,idU+Jcir4EBrERGPRDgHncKuXAE=
18,15,1KdEiXEcBtbLupVp2NnWWyYEsPU=,idU+Jcir4EBrERGPRDgHncKuXAE=
16,12,1KdEiXEcBtbLupVp2NnWWyYEsPU=,idU+Jcir4EBrERGPRDgHncKuXAE=
24,11,1KdEiXEcBtbLupVp2NnWWyYEsPU=,idU+Jcir4EBrERGPRDgHncKuXAE=
19,12,1KdEiXEcBtbLupVp2NnWWyYEsPU=,idU+Jcir4EBrERGPRDgHncKuXAE=
23,11,1KdEiXEcBtbLupVp2NnWWyYEsPU=,idU+Jcir4EBrERGPRDgHncKuXAE=
22,11,1KdEiXEcBtbLupVp2NnWWyYEsPU=,idU+Jcir4EBrERGPRDgHncKuXAE=
21,11,1KdEiXEcBtbLupVp2NnWWyYEsPU=,idU+Jcir4EBrERGPRDgHncKuXAE=
18,11,1KdEiXEcBtbLupVp2NnWWyYEsPU=,idU+Jcir4EBrERGPRDgHncKuXAE=
17,11,1KdEiXEcBtbLupVp2NnWWyYEsPU=,idU+Jcir4EBrERGPRDgHncKuXAE=
16,11,1KdEiXEcBtbLupVp2NnWWyYEsPU=,idU+Jcir4EBrERGPRDgHncKuXAE=
23,10,1KdEiXEcBtbLupVp2NnWWyYEsPU=,idU+Jcir4EBrERGPRDgHncKuXAE=
22,10,1KdEiXEcBtbLupVp2NnWWyYEsPU=,idU+Jcir4EBrERGPRDgHncKuXAE=
21,10,1KdEiXEcBtbLupVp2NnWWyYEsPU=,idU+Jcir4EBrERGPRDgHncKuXAE=
20,11,1KdEiXEcBtbLupVp2NnWWyYEsPU=,idU+Jcir4EBrERGPRDgHncKuXAE=
24,10,1KdEiXEcBtbLupVp2NnWWyYEsPU=,idU+Jcir4EBrERGPRDgHncKuXAE=
20,10,1KdEiXEcBtbLupVp2NnWWyYEsPU=,idU+Jcir4EBrERGPRDgHncKuXAE=
19,10,1KdEiXEcBtbLupVp2NnWWyYEsPU=,idU+Jcir4EBrERGPRDgHncKuXAE=
18,10,1KdEiXEcBtbLupVp2NnWWyYEsPU=,idU+Jcir4EBrERGPRDgHncKuXAE=
17,10,1KdEiXEcBtbLupVp2NnWWyYEsPU=,idU+Jcir4EBrERGPRDgHncKuXAE=
16,10,1KdEiXEcBtbLupVp2NnWWyYEsPU=,idU+Jcir4EBrERGPRDgHncKuXAE=
20,12,1KdEiXEcBtbLupVp2NnWWyYEsPU=,idU+Jcir4EBrERGPRDgHncKuXAE=
23,9,1KdEiXEcBtbLupVp2NnWWyYEsPU=,idU+Jcir4EBrERGPRDgHncKuXAE=
19,2,1KdEiXEcBtbLupVp2NnWWyYEsPU=,idU+Jcir4EBrERGPRDgHncKuXAE=
20,7,1KdEiXEcBtbLupVp2NnWWyYEsPU=,idU+Jcir4EBrERGPRDgHncKuXAE=
21,6,1KdEiXEcBtbLupVp2NnWWyYEsPU=,idU+Jcir4EBrERGPRDgHncKuXAE=
18,2,1KdEiXEcBtbLupVp2NnWWyYEsPU=,idU+Jcir4EBrERGPRDgHncKuXAE=
16,2,1KdEiXEcBtbLupVp2NnWWyYEsPU=,idU+Jcir4EBrERGPRDgHncKuXAE=
19,11,1KdEiXEcBtbLupVp2NnWWyYEsPU=,idU+Jcir4EBrERGPRDgHncKuXAE=
22,1,1KdEiXEcBtbLupVp2NnWWyYEsPU=,idU+Jcir4EBrERGPRDgHncKuXAE=
17,2,1KdEiXEcBtbLupVp2NnWWyYEsPU=,idU+Jcir4EBrERGPRDgHncKuXAE=
27,3,1KdEiXEcBtbLupVp2NnWWyYEsPU=,idU+Jcir4EBrERGPRDgHncKuXAE=
31,7,1KdEiXEcBtbLupVp2NnWWyYEsPU=,idU+Jcir4EBrERGPRDgHncKuXAE=
21,7,1KdEiXEcBtbLupVp2NnWWyYEsPU=,idU+Jcir4EBrERGPRDgHncKuXAE=
26,3,1KdEiXEcBtbLupVp2NnWWyYEsPU=,idU+Jcir4EBrERGPRDgHncKuXAE=
23,1,1KdEiXEcBtbLupVp2NnWWyYEsPU=,idU+Jcir4EBrERGPRDgHncKuXAE=
21,1,1KdEiXEcBtbLupVp2NnWWyYEsPU=,idU+Jcir4EBrERGPRDgHncKuXAE=
29,7,1KdEiXEcBtbLupVp2NnWWyYEsPU=,idU+Jcir4EBrERGPRDgHncKuXAE=
25,3,1KdEiXEcBtbLupVp2NnWWyYEsPU=,idU+Jcir4EBrERGPRDgHncKuXAE=
19,0,1KdEiXEcBtbLupVp2NnWWyYEsPU=,idU+Jcir4EBrERGPRDgHncKuXAE=
24,3,1KdEiXEcBtbLupVp2NnWWyYEsPU=,idU+Jcir4EBrERGPRDgHncKuXAE=
17,0,1KdEiXEcBtbLupVp2NnWWyYEsPU=,idU+Jcir4EBrERGPRDgHncKuXAE=
28,3,1KdEiXEcBtbLupVp2NnWWyYEsPU=,idU+Jcir4EBrERGPRDgHncKuXAE=
28,7,1KdEiXEcBtbLupVp2NnWWyYEsPU=,idU+Jcir4EBrERGPRDgHncKuXAE=
27,7,1KdEiXEcBtbLupVp2NnWWyYEsPU=,idU+Jcir4EBrERGPRDgHncKuXAE=
31,2,1KdEiXEcBtbLupVp2NnWWyYEsPU=,idU+Jcir4EBrERGPRDgHncKuXAE=
26,7,1KdEiXEcBtbLupVp2NnWWyYEsPU=,idU+Jcir4EBrERGPRDgHncKuXAE=
29,2,1KdEiXEcBtbLupVp2NnWWyYEsPU=,idU+Jcir4EBrERGPRDgHncKuXAE=
30,2,1KdEiXEcBtbLupVp2NnWWyYEsPU=,idU+Jcir4EBrERGPRDgHncKuXAE=
18,3,1KdEiXEcBtbLupVp2NnWWyYEsPU=,idU+Jcir4EBrERGPRDgHncKuXAE=
29,3,1KdEiXEcBtbLupVp2NnWWyYEsPU=,idU+Jcir4EBrERGPRDgHncKuXAE=
28,2,1KdEiXEcBtbLupVp2NnWWyYEsPU=,idU+Jcir4EBrERGPRDgHncKuXAE=
19,7,1KdEiXEcBtbLupVp2NnWWyYEsPU=,idU+Jcir4EBrERGPRDgHncKuXAE=
18,7,1KdEiXEcBtbLupVp2NnWWyYEsPU=,idU+Jcir4EBrERGPRDgHncKuXAE=
27,2,1KdEiXEcBtbLupVp2NnWWyYEsPU=,idU+Jcir4EBrERGPRDgHncKuXAE=
26,2,1KdEiXEcBtbLupVp2NnWWyYEsPU=,idU+Jcir4EBrERGPRDgHncKuXAE=
17,7,1KdEiXEcBtbLupVp2NnWWyYEsPU=,idU+Jcir4EBrERGPRDgHncKuXAE=
30,3,1KdEiXEcBtbLupVp2NnWWyYEsPU=,idU+Jcir4EBrERGPRDgHncKuXAE=
20,2,1KdEiXEcBtbLupVp2NnWWyYEsPU=,idU+Jcir4EBrERGPRDgHncKuXAE=
25,2,1KdEiXEcBtbLupVp2NnWWyYEsPU=,idU+Jcir4EBrERGPRDgHncKuXAE=
25,7,1KdEiXEcBtbLupVp2NnWWyYEsPU=,idU+Jcir4EBrERGPRDgHncKuXAE=
19,1,1KdEiXEcBtbLupVp2NnWWyYEsPU=,idU+Jcir4EBrERGPRDgHncKuXAE=
18,1,1KdEiXEcBtbLupVp2NnWWyYEsPU=,idU+Jcir4EBrERGPRDgHncKuXAE=
24,2,1KdEiXEcBtbLupVp2NnWWyYEsPU=,idU+Jcir4EBrERGPRDgHncKuXAE=
24,7,1KdEiXEcBtbLupVp2NnWWyYEsPU=,idU+Jcir4EBrERGPRDgHncKuXAE=
31,3,1KdEiXEcBtbLupVp2NnWWyYEsPU=,idU+Jcir4EBrERGPRDgHncKuXAE=
31,1,1KdEiXEcBtbLupVp2NnWWyYEsPU=,idU+Jcir4EBrERGPRDgHncKuXAE=
19,3,1KdEiXEcBtbLupVp2NnWWyYEsPU=,idU+Jcir4EBrERGPRDgHncKuXAE=
30,7,1KdEiXEcBtbLupVp2NnWWyYEsPU=,idU+Jcir4EBrERGPRDgHncKuXAE=
30,1,1KdEiXEcBtbLupVp2NnWWyYEsPU=,idU+Jcir4EBrERGPRDgHncKuXAE=
29,1,1KdEiXEcBtbLupVp2NnWWyYEsPU=,idU+Jcir4EBrERGPRDgHncKuXAE=
16,0,1KdEiXEcBtbLupVp2NnWWyYEsPU=,idU+Jcir4EBrERGPRDgHncKuXAE=
27,1,1KdEiXEcBtbLupVp2NnWWyYEsPU=,idU+Jcir4EBrERGPRDgHncKuXAE=
24,4,1KdEiXEcBtbLupVp2NnWWyYEsPU=,idU+Jcir4EBrERGPRDgHncKuXAE=
22,4,1KdEiXEcBtbLupVp2NnWWyYEsPU=,idU+Jcir4EBrERGPRDgHncKuXAE=
26,1,1KdEiXEcBtbLupVp2NnWWyYEsPU=,idU+Jcir4EBrERGPRDgHncKuXAE=
20,3,1KdEiXEcBtbLupVp2NnWWyYEsPU=,idU+Jcir4EBrERGPRDgHncKuXAE=
24,1,1KdEiXEcBtbLupVp2NnWWyYEsPU=,idU+Jcir4EBrERGPRDgHncKuXAE=
31,0,1KdEiXEcBtbLupVp2NnWWyYEsPU=,idU+Jcir4EBrERGPRDgHncKuXAE=
23,4,1KdEiXEcBtbLupVp2NnWWyYEsPU=,idU+Jcir4EBrERGPRDgHncKuXAE=
30,0,1KdEiXEcBtbLupVp2NnWWyYEsPU=,idU+Jcir4EBrERGPRDgHncKuXAE=
25,4,1KdEiXEcBtbLupVp2NnWWyYEsPU=,idU+Jcir4EBrERGPRDgHncKuXAE=
31,6,1KdEiXEcBtbLupVp2NnWWyYEsPU=,idU+Jcir4EBrERGPRDgHncKuXAE=
21,3,1KdEiXEcBtbLupVp2NnWWyYEsPU=,idU+Jcir4EBrERGPRDgHncKuXAE=
21,4,1KdEiXEcBtbLupVp2NnWWyYEsPU=,idU+Jcir4EBrERGPRDgHncKuXAE=
30,6,1KdEiXEcBtbLupVp2NnWWyYEsPU=,idU+Jcir4EBrERGPRDgHncKuXAE=
29,0,1KdEiXEcBtbLupVp2NnWWyYEsPU=,idU+Jcir4EBrERGPRDgHncKuXAE=
20,6,1KdEiXEcBtbLupVp2NnWWyYEsPU=,idU+Jcir4EBrERGPRDgHncKuXAE=
29,6,1KdEiXEcBtbLupVp2NnWWyYEsPU=,idU+Jcir4EBrERGPRDgHncKuXAE=
26,4,1KdEiXEcBtbLupVp2NnWWyYEsPU=,idU+Jcir4EBrERGPRDgHncKuXAE=
28,6,1KdEiXEcBtbLupVp2NnWWyYEsPU=,idU+Jcir4EBrERGPRDgHncKuXAE=
21,2,1KdEiXEcBtbLupVp2NnWWyYEsPU=,idU+Jcir4EBrERGPRDgHncKuXAE=
28,0,1KdEiXEcBtbLupVp2NnWWyYEsPU=,idU+Jcir4EBrERGPRDgHncKuXAE=
20,4,1KdEiXEcBtbLupVp2NnWWyYEsPU=,idU+Jcir4EBrERGPRDgHncKuXAE=
28,1,1KdEiXEcBtbLupVp2NnWWyYEsPU=,idU+Jcir4EBrERGPRDgHncKuXAE=
27,6,1KdEiXEcBtbLupVp2NnWWyYEsPU=,idU+Jcir4EBrERGPRDgHncKuXAE=
26,6,1KdEiXEcBtbLupVp2NnWWyYEsPU=,idU+Jcir4EBrERGPRDgHncKuXAE=
25,6,1KdEiXEcBtbLupVp2NnWWyYEsPU=,idU+Jcir4EBrERGPRDgHncKuXAE=
23,7,1KdEiXEcBtbLupVp2NnWWyYEsPU=,idU+Jcir4EBrERGPRDgHncKuXAE=
19,4,1KdEiXEcBtbLupVp2NnWWyYEsPU=,idU+Jcir4EBrERGPRDgHncKuXAE=
22,7,1KdEiXEcBtbLupVp2NnWWyYEsPU=,idU+Jcir4EBrERGPRDgHncKuXAE=
27,0,1KdEiXEcBtbLupVp2NnWWyYEsPU=,idU+Jcir4EBrERGPRDgHncKuXAE=
26,0,1KdEiXEcBtbLupVp2NnWWyYEsPU=,idU+Jcir4EBrERGPRDgHncKuXAE=
23,0,1KdEiXEcBtbLupVp2NnWWyYEsPU=,idU+Jcir4EBrERGPRDgHncKuXAE=
25,1,1KdEiXEcBtbLupVp2NnWWyYEsPU=,idU+Jcir4EBrERGPRDgHncKuXAE=
24,6,1KdEiXEcBtbLupVp2NnWWyYEsPU=,idU+Jcir4EBrERGPRDgHncKuXAE=
17,1,1KdEiXEcBtbLupVp2NnWWyYEsPU=,idU+Jcir4EBrERGPRDgHncKuXAE=
24,8,1KdEiXEcBtbLupVp2NnWWyYEsPU=,idU+Jcir4EBrERGPRDgHncKuXAE=
22,5,1KdEiXEcBtbLupVp2NnWWyYEsPU=,idU+Jcir4EBrERGPRDgHncKuXAE=
24,0,1KdEiXEcBtbLupVp2NnWWyYEsPU=,idU+Jcir4EBrERGPRDgHncKuXAE=
31,5,1KdEiXEcBtbLupVp2NnWWyYEsPU=,idU+Jcir4EBrERGPRDgHncKuXAE=
30,5,1KdEiXEcBtbLupVp2NnWWyYEsPU=,idU+Jcir4EBrERGPRDgHncKuXAE=
23,6,1KdEiXEcBtbLupVp2NnWWyYEsPU=,idU+Jcir4EBrERGPRDgHncKuXAE=
18,4,1KdEiXEcBtbLupVp2NnWWyYEsPU=,idU+Jcir4EBrERGPRDgHncKuXAE=
28,5,1KdEiXEcBtbLupVp2NnWWyYEsPU=,idU+Jcir4EBrERGPRDgHncKuXAE=
23,3,1KdEiXEcBtbLupVp2NnWWyYEsPU=,idU+Jcir4EBrERGPRDgHncKuXAE=
16,8,1KdEiXEcBtbLupVp2NnWWyYEsPU=,idU+Jcir4EBrERGPRDgHncKuXAE=
16,1,1KdEiXEcBtbLupVp2NnWWyYEsPU=,idU+Jcir4EBrERGPRDgHncKuXAE=
19,6,1KdEiXEcBtbLupVp2NnWWyYEsPU=,idU+Jcir4EBrERGPRDgHncKuXAE=
27,5,1KdEiXEcBtbLupVp2NnWWyYEsPU=,idU+Jcir4EBrERGPRDgHncKuXAE=
18,6,1KdEiXEcBtbLupVp2NnWWyYEsPU=,idU+Jcir4EBrERGPRDgHncKuXAE=
25,0,1KdEiXEcBtbLupVp2NnWWyYEsPU=,idU+Jcir4EBrERGPRDgHncKuXAE=
26,5,1KdEiXEcBtbLupVp2NnWWyYEsPU=,idU+Jcir4EBrERGPRDgHncKuXAE=
23,8,1KdEiXEcBtbLupVp2NnWWyYEsPU=,idU+Jcir4EBrERGPRDgHncKuXAE=
27,4,1KdEiXEcBtbLupVp2NnWWyYEsPU=,idU+Jcir4EBrERGPRDgHncKuXAE=
25,5,1KdEiXEcBtbLupVp2NnWWyYEsPU=,idU+Jcir4EBrERGPRDgHncKuXAE=
24,5,1KdEiXEcBtbLupVp2NnWWyYEsPU=,idU+Jcir4EBrERGPRDgHncKuXAE=
20,0,1KdEiXEcBtbLupVp2NnWWyYEsPU=,idU+Jcir4EBrERGPRDgHncKuXAE=
31,4,1KdEiXEcBtbLupVp2NnWWyYEsPU=,idU+Jcir4EBrERGPRDgHncKuXAE=
31,8,1KdEiXEcBtbLupVp2NnWWyYEsPU=,idU+Jcir4EBrERGPRDgHncKuXAE=
29,8,1KdEiXEcBtbLupVp2NnWWyYEsPU=,idU+Jcir4EBrERGPRDgHncKuXAE=
28,8,1KdEiXEcBtbLupVp2NnWWyYEsPU=,idU+Jcir4EBrERGPRDgHncKuXAE=
30,8,1KdEiXEcBtbLupVp2NnWWyYEsPU=,idU+Jcir4EBrERGPRDgHncKuXAE=
27,8,1KdEiXEcBtbLupVp2NnWWyYEsPU=,idU+Jcir4EBrERGPRDgHncKuXAE=
23,2,1KdEiXEcBtbLupVp2NnWWyYEsPU=,idU+Jcir4EBrERGPRDgHncKuXAE=
29,4,1KdEiXEcBtbLupVp2NnWWyYEsPU=,idU+Jcir4EBrERGPRDgHncKuXAE=
23,5,1KdEiXEcBtbLupVp2NnWWyYEsPU=,idU+Jcir4EBrERGPRDgHncKuXAE=
26,8,1KdEiXEcBtbLupVp2NnWWyYEsPU=,idU+Jcir4EBrERGPRDgHncKuXAE=
17,8,1KdEiXEcBtbLupVp2NnWWyYEsPU=,idU+Jcir4EBrERGPRDgHncKuXAE=
16,7,1KdEiXEcBtbLupVp2NnWWyYEsPU=,idU+Jcir4EBrERGPRDgHncKuXAE=
17,4,1KdEiXEcBtbLupVp2NnWWyYEsPU=,idU+Jcir4EBrERGPRDgHncKuXAE=
28,4,1KdEiXEcBtbLupVp2NnWWyYEsPU=,idU+Jcir4EBrERGPRDgHncKuXAE=
18,0,1KdEiXEcBtbLupVp2NnWWyYEsPU=,idU+Jcir4EBrERGPRDgHncKuXAE=
17,3,1KdEiXEcBtbLupVp2NnWWyYEsPU=,idU+Jcir4EBrERGPRDgHncKuXAE=
17,6,1KdEiXEcBtbLupVp2NnWWyYEsPU=,idU+Jcir4EBrERGPRDgHncKuXAE=
22,6,1KdEiXEcBtbLupVp2NnWWyYEsPU=,idU+Jcir4EBrERGPRDgHncKuXAE=
21,5,1KdEiXEcBtbLupVp2NnWWyYEsPU=,idU+Jcir4EBrERGPRDgHncKuXAE=
20,5,1KdEiXEcBtbLupVp2NnWWyYEsPU=,idU+Jcir4EBrERGPRDgHncKuXAE=
19,5,1KdEiXEcBtbLupVp2NnWWyYEsPU=,idU+Jcir4EBrERGPRDgHncKuXAE=
16,6,1KdEiXEcBtbLupVp2NnWWyYEsPU=,idU+Jcir4EBrERGPRDgHncKuXAE=
18,5,1KdEiXEcBtbLupVp2NnWWyYEsPU=,idU+Jcir4EBrERGPRDgHncKuXAE=
30,4,1KdEiXEcBtbLupVp2NnWWyYEsPU=,idU+Jcir4EBrERGPRDgHncKuXAE=
22,3,1KdEiXEcBtbLupVp2NnWWyYEsPU=,idU+Jcir4EBrERGPRDgHncKuXAE=
21,0,1KdEiXEcBtbLupVp2NnWWyYEsPU=,idU+Jcir4EBrERGPRDgHncKuXAE=
17,5,1KdEiXEcBtbLupVp2NnWWyYEsPU=,idU+Jcir4EBrERGPRDgHncKuXAE=
16,4,1KdEiXEcBtbLupVp2NnWWyYEsPU=,idU+Jcir4EBrERGPRDgHncKuXAE=
16,5,1KdEiXEcBtbLupVp2NnWWyYEsPU=,idU+Jcir4EBrERGPRDgHncKuXAE=
29,5,1KdEiXEcBtbLupVp2NnWWyYEsPU=,idU+Jcir4EBrERGPRDgHncKuXAE=
20,1,1KdEiXEcBtbLupVp2NnWWyYEsPU=,idU+Jcir4EBrERGPRDgHncKuXAE=
20,8,1KdEiXEcBtbLupVp2NnWWyYEsPU=,idU+Jcir4EBrERGPRDgHncKuXAE=
22,0,1KdEiXEcBtbLupVp2NnWWyYEsPU=,idU+Jcir4EBrERGPRDgHncKuXAE=
16,3,1KdEiXEcBtbLupVp2NnWWyYEsPU=,idU+Jcir4EBrERGPRDgHncKuXAE=
25,8,1KdEiXEcBtbLupVp2NnWWyYEsPU=,idU+Jcir4EBrERGPRDgHncKuXAE=
18,8,1KdEiXEcBtbLupVp2NnWWyYEsPU=,idU+Jcir4EBrERGPRDgHncKuXAE=
21,8,1KdEiXEcBtbLupVp2NnWWyYEsPU=,idU+Jcir4EBrERGPRDgHncKuXAE=
22,8,1KdEiXEcBtbLupVp2NnWWyYEsPU=,idU+Jcir4EBrERGPRDgHncKuXAE=
22,2,1KdEiXEcBtbLupVp2NnWWyYEsPU=,idU+Jcir4EBrERGPRDgHncKuXAE=
19,8,1KdEiXEcBtbLupVp2NnWWyYEsPU=,idU+Jcir4EBrERGPRDgHncKuXAE=
