14,6,2kKEyLjCimu9kYV89+OFyFAh4dg=,sZneD5rHHLEMhIxRiT4foabu/c4=
13,6,2kKEyLjCimu9kYV89+OFyFAh4dg=,sZneD5rHHLEMhIxRiT4foabu/c4=
12,6,2kKEyLjCimu9kYV89+OFyFAh4dg=,sZneD5rHHLEMhIxRiT4foabu/c4=
9,1,2kKEyLjCimu9kYV89+OFyFAh4dg=,sZneD5rHHLEMhIxRiT4foabu/c4=
11,6,2kKEyLjCimu9kYV89+OFyFAh4dg=,sZneD5rHHLEMhIxRiT4foabu/c4=
10,6,2kKEyLjCimu9kYV89+OFyFAh4dg=,sZneD5rHHLEMhIxRiT4foabu/c4=
9,6,2kKEyLjCimu9kYV89+OFyFAh4dg=,sZneD5rHHLEMhIxRiT4foabu/c4=
14,5,2kKEyLjCimu9kYV89+OFyFAh4dg=,sZneD5rHHLEMhIxRiT4foabu/c4=
13,5,2kKEyLjCimu9kYV89+OFyFAh4dg=,sZneD5rHHLEMhIxRiT4foabu/c4=
12,5,2kKEyLjCimu9kYV89+OFyFAh4dg=,sZneD5rHHLEMhIxRiT4foabu/c4=
11,1,2kKEyLjCimu9kYV89+OFyFAh4dg=,sZneD5rHHLEMhIxRiT4foabu/c4=
12,1,2kKEyLjCimu9kYV89+OFyFAh4dg=,sZneD5rHHLEMhIxRiT4foabu/c4=
13,1,2kKEyLjCimu9kYV89+OFyFAh4dg=,sZneD5rHHLEMhIxRiT4foabu/c4=
14,1,2kKEyLjCimu9kYV89+OFyFAh4dg=,sZneD5rHHLEMhIxRiT4foabu/c4=
10,1,2kKEyLjCimu9kYV89+OFyFAh4dg=,sZneD5rHHLEMhIxRiT4foabu/c4=
11,5,2kKEyLjCimu9kYV89+OFyFAh4dg=,sZneD5rHHLEMhIxRiT4foabu/c4=
9,2,2kKEyLjCimu9kYV89+OFyFAh4dg=,sZneD5rHHLEMhIxRiT4foabu/c4=
10,5,2kKEyLjCimu9kYV89+OFyFAh4dg=,sZneD5rHHLEMhIxRiT4foabu/c4=
9,5,2kKEyLjCimu9kYV89+OFyFAh4dg=,sZneD5rHHLEMhIxRiT4foabu/c4=
14,4,2kKEyLjCimu9kYV89+OFyFAh4dg=,sZneD5rHHLEMhIxRiT4foabu/c4=
13,4,2kKEyLjCimu9kYV89+OFyFAh4dg=,sZneD5rHHLEMhIxRiT4foabu/c4=
12,4,2kKEyLjCimu9kYV89+OFyFAh4dg=,sZneD5rHHLEMhIxRiT4foabu/c4=
11,4,2kKEyLjCimu9kYV89+OFyFAh4dg=,sZneD5rHHLEMhIxRiT4foabu/c4=
10,2,2kKEyLjCimu9kYV89+OFyFAh4dg=,sZneD5rHHLEMhIxRiT4foabu/c4=
14,7,2kKEyLjCimu9kYV89+OFyFAh4dg=,sZneD5rHHLEMhIxRiT4foabu/c4=
13,7,2kKEyLjCimu9kYV89+OFyFAh4dg=,sZneD5rHHLEMhIxRiT4foabu/c4=
12,7,2kKEyLjCimu9kYV89+OFyFAh4dg=,sZneD5rHHLEMhIxRiT4foabu/c4=
10,4,2kKEyLjCimu9kYV89+OFyFAh4dg=,sZneD5rHHLEMhIxRiT4foabu/c4=
11,7,2kKEyLjCimu9kYV89+OFyFAh4dg=,sZneD5rHHLEMhIxRiT4foabu/c4=
9,4,2kKEyLjCimu9kYV89+OFyFAh4dg=,sZneD5rHHLEMhIxRiT4foabu/c4=
14,3,2kKEyLjCimu9kYV89+OFyFAh4dg=,sZneD5rHHLEMhIxRiT4foabu/c4=
13,3,2kKEyLjCimu9kYV89+OFyFAh4dg=,sZneD5rHHLEMhIxRiT4foabu/c4=
12,3,2kKEyLjCimu9kYV89+OFyFAh4dg=,sZneD5rHHLEMhIxRiT4foabu/c4=
12,2,2kKEyLjCimu9kYV89+OFyFAh4dg=,sZneD5rHHLEMhIxRiT4foabu/c4=
13,2,2kKEyLjCimu9kYV89+OFyFAh4dg=,sZneD5rHHLEMhIxRiT4foabu/c4=
14,2,2kKEyLjCimu9kYV89+OFyFAh4dg=,sZneD5rHHLEMhIxRiT4foabu/c4=
10,7,2kKEyLjCimu9kYV89+OFyFAh4dg=,sZneD5rHHLEMhIxRiT4foabu/c4=
11,3,2kKEyLjCimu9kYV89+OFyFAh4dg=,sZneD5rHHLEMhIxRiT4foabu/c4=
11,2,2kKEyLjCimu9kYV89+OFyFAh4dg=,sZneD5rHHLEMhIxRiT4foabu/c4=
10,3,2kKEyLjCimu9kYV89+OFyFAh4dg=,sZneD5rHHLEMhIxRiT4foabu/c4=
9,7,2kKEyLjCimu9kYV89+OFyFAh4dg=,sZneD5rHHLEMhIxRiT4foabu/c4=
14,14,2kKEyLjCimu9kYV89+OFyFAh4dg=,4mpFTFRURh+VHLVfxu3ZSn4fIuw=
13,14,2kKEyLjCimu9kYV89+OFyFAh4dg=,4mpFTFRURh+VHLVfxu3ZSn4fIuw=
12,14,2kKEyLjCimu9kYV89+OFyFAh4dg=,4mpFTFRURh+VHLVfxu3ZSn4fIuw=
11,14,2kKEyLjCimu9kYV89+OFyFAh4dg=,4mpFTFRURh+VHLVfxu3ZSn4fIuw=
9,3,2kKEyLjCimu9kYV89+OFyFAh4dg=,sZneD5rHHLEMhIxRiT4foabu/c4=
9,8,2kKEyLjCimu9kYV89+OFyFAh4dg=,4mpFTFRURh+VHLVfxu3ZSn4fIuw=
12,8,2kKEyLjCimu9kYV89+OFyFAh4dg=,4mpFTFRURh+VHLVfxu3ZSn4fIuw=
13,8,2kKEyLjCimu9kYV89+OFyFAh4dg=,4mpFTFRURh+VHLVfxu3ZSn4fIuw=
10,14,2kKEyLjCimu9kYV89+OFyFAh4dg=,4mpFTFRURh+VHLVfxu3ZSn4fIuw=
10,8,2kKEyLjCimu9kYV89+OFyFAh4dg=,4mpFTFRURh+VHLVfxu3ZSn4fIuw=
14,8,2kKEyLjCimu9kYV89+OFyFAh4dg=,4mpFTFRURh+VHLVfxu3ZSn4fIuw=
9,14,2kKEyLjCimu9kYV89+OFyFAh4dg=,4mpFTFRURh+VHLVfxu3ZSn4fIuw=
14,13,2kKEyLjCimu9kYV89+OFyFAh4dg=,4mpFTFRURh+VHLVfxu3ZSn4fIuw=
13,13,2kKEyLjCimu9kYV89+OFyFAh4dg=,4mpFTFRURh+VHLVfxu3ZSn4fIuw=
12,13,2kKEyLjCimu9kYV89+OFyFAh4dg=,4mpFTFRURh+VHLVfxu3ZSn4fIuw=
11,13,2kKEyLjCimu9kYV89+OFyFAh4dg=,4mpFTFRURh+VHLVfxu3ZSn4fIuw=
10,13,2kKEyLjCimu9kYV89+OFyFAh4dg=,4mpFTFRURh+VHLVfxu3ZSn4fIuw=
9,9,2kKEyLjCimu9kYV89+OFyFAh4dg=,4mpFTFRURh+VHLVfxu3ZSn4fIuw=
9,13,2kKEyLjCimu9kYV89+OFyFAh4dg=,4mpFTFRURh+VHLVfxu3ZSn4fIuw=
14,12,2kKEyLjCimu9kYV89+OFyFAh4dg=,4mpFTFRURh+VHLVfxu3ZSn4fIuw=
13,12,2kKEyLjCimu9kYV89+OFyFAh4dg=,4mpFTFRURh+VHLVfxu3ZSn4fIuw=
12,12,2kKEyLjCimu9kYV89+OFyFAh4dg=,4mpFTFRURh+VHLVfxu3ZSn4fIuw=
11,12,2kKEyLjCimu9kYV89+OFyFAh4dg=,4mpFTFRURh+VHLVfxu3ZSn4fIuw=
11,8,2kKEyLjCimu9kYV89+OFyFAh4dg=,4mpFTFRURh+VHLVfxu3ZSn4fIuw=
10,12,2kKEyLjCimu9kYV89+OFyFAh4dg=,4mpFTFRURh+VHLVfxu3ZSn4fIuw=
10,9,2kKEyLjCimu9kYV89+OFyFAh4dg=,4mpFTFRURh+VHLVfxu3ZSn4fIuw=
9,12,2kKEyLjCimu9kYV89+OFyFAh4dg=,4mpFTFRURh+VHLVfxu3ZSn4fIuw=
14,11,2kKEyLjCimu9kYV89+OFyFAh4dg=,4mpFTFRURh+VHLVfxu3ZSn4fIuw=
13,11,2kKEyLjCimu9kYV89+OFyFAh4dg=,4mpFTFRURh+VHLVfxu3ZSn4fIuw=
12,11,2kKEyLjCimu9kYV89+OFyFAh4dg=,4mpFTFRURh+VHLVfxu3ZSn4fIuw=
11,9,2kKEyLjCimu9kYV89+OFyFAh4dg=,4mpFTFRURh+VHLVfxu3ZSn4fIuw=
12,9,2kKEyLjCimu9kYV89+OFyFAh4dg=,4mpFTFRURh+VHLVfxu3ZSn4fIuw=
13,9,2kKEyLjCimu9kYV89+OFyFAh4dg=,4mpFTFRURh+VHLVfxu3ZSn4fIuw=
14,9,2kKEyLjCimu9kYV89+OFyFAh4dg=,4mpFTFRURh+VHLVfxu3ZSn4fIuw=
11,11,2kKEyLjCimu9kYV89+OFyFAh4dg=,4mpFTFRURh+VHLVfxu3ZSn4fIuw=
9,10,2kKEyLjCimu9kYV89+OFyFAh4dg=,4mpFTFRURh+VHLVfxu3ZSn4fIuw=
10,11,2kKEyLjCimu9kYV89+OFyFAh4dg=,4mpFTFRURh+VHLVfxu3ZSn4fIuw=
10,10,2kKEyLjCimu9kYV89+OFyFAh4dg=,4mpFTFRURh+VHLVfxu3ZSn4fIuw=
9,11,2kKEyLjCimu9kYV89+OFyFAh4dg=,4mpFTFRURh+VHLVfxu3ZSn4fIuw=
14,10,2kKEyLjCimu9kYV89+OFyFAh4dg=,4mpFTFRURh+VHLVfxu3ZSn4fIuw=
13,10,2kKEyLjCimu9kYV89+OFyFAh4dg=,4mpFTFRURh+VHLVfxu3ZSn4fIuw=
12,10,2kKEyLjCimu9kYV89+OFyFAh4dg=,4mpFTFRURh+VHLVfxu3ZSn4fIuw=
11,10,2kKEyLjCimu9kYV89+OFyFAh4dg=,4mpFTFRURh+VHLVfxu3ZSn4fIuw=
14,15,2kKEyLjCimu9kYV89+OFyFAh4dg=,4mpFTFRURh+VHLVfxu3ZSn4fIuw=
13,15,2kKEyLjCimu9kYV89+OFyFAh4dg=,4mpFTFRURh+VHLVfxu3ZSn4fIuw=
12,15,2kKEyLjCimu9kYV89+OFyFAh4dg=,4mpFTFRURh+VHLVfxu3ZSn4fIuw=
11,15,2kKEyLjCimu9kYV89+OFyFAh4dg=,4mpFTFRURh+VHLVfxu3ZSn4fIuw=
10,15,2kKEyLjCimu9kYV89+OFyFAh4dg=,4mpFTFRURh+VHLVfxu3ZSn4fIuw=
9,15,2kKEyLjCimu9kYV89+OFyFAh4dg=,4mpFTFRURh+VHLVfxu3ZSn4fIuw=
15,6,2kKEyLjCimu9kYV89+OFyFAh4dg=,sZneD5rHHLEMhIxRiT4foabu/c4=
15,5,2kKEyLjCimu9kYV89+OFyFAh4dg=,sZneD5rHHLEMhIxRiT4foabu/c4=
15,4,2kKEyLjCimu9kYV89+OFyFAh4dg=,sZneD5rHHLEMhIxRiT4foabu/c4=
15,3,2kKEyLjCimu9kYV89+OFyFAh4dg=,sZneD5rHHLEMhIxRiT4foabu/c4=
15,2,2kKEyLjCimu9kYV89+OFyFAh4dg=,sZneD5rHHLEMhIxRiT4foabu/c4=
15,1,2kKEyLjCimu9kYV89+OFyFAh4dg=,sZneD5rHHLEMhIxRiT4foabu/c4=
15,7,2kKEyLjCimu9kYV89+OFyFAh4dg=,sZneD5rHHLEMhIxRiT4foabu/c4=
15,14,2kKEyLjCimu9kYV89+OFyFAh4dg=,4mpFTFRURh+VHLVfxu3ZSn4fIuw=
15,13,2kKEyLjCimu9kYV89+OFyFAh4dg=,4mpFTFRURh+VHLVfxu3ZSn4fIuw=
15,12,2kKEyLjCimu9kYV89+OFyFAh4dg=,4mpFTFRURh+VHLVfxu3ZSn4fIuw=
15,11,2kKEyLjCimu9kYV89+OFyFAh4dg=,4mpFTFRURh+VHLVfxu3ZSn4fIuw=
15,10,2kKEyLjCimu9kYV89+OFyFAh4dg=,4mpFTFRURh+VHLVfxu3ZSn4fIuw=
15,9,2kKEyLjCimu9kYV89+OFyFAh4dg=,4mpFTFRURh+VHLVfxu3ZSn4fIuw=
15,8,2kKEyLjCimu9kYV89+OFyFAh4dg=,4mpFTFRURh+VHLVfxu3ZSn4fIuw=
15,15,2kKEyLjCimu9kYV89+OFyFAh4dg=,4mpFTFRURh+VHLVfxu3ZSn4fIuw=
15,0,2kKEyLjCimu9kYV89+OFyFAh4dg=,sZneD5rHHLEMhIxRiT4foabu/c4=
14,0,2kKEyLjCimu9kYV89+OFyFAh4dg=,sZneD5rHHLEMhIxRiT4foabu/c4=
13,0,2kKEyLjCimu9kYV89+OFyFAh4dg=,sZneD5rHHLEMhIxRiT4foabu/c4=
12,0,2kKEyLjCimu9kYV89+OFyFAh4dg=,sZneD5rHHLEMhIxRiT4foabu/c4=
11,0,2kKEyLjCimu9kYV89+OFyFAh4dg=,sZneD5rHHLEMhIxRiT4foabu/c4=
9,0,2kKEyLjCimu9kYV89+OFyFAh4dg=,sZneD5rHHLEMhIxRiT4foabu/c4=
10,0,2kKEyLjCimu9kYV89+OFyFAh4dg=,sZneD5rHHLEMhIxRiT4foabu/c4=
8,15,2kKEyLjCimu9kYV89+OFyFAh4dg=,4mpFTFRURh+VHLVfxu3ZSn4fIuw=
7,15,2kKEyLjCimu9kYV89+OFyFAh4dg=,4mpFTFRURh+VHLVfxu3ZSn4fIuw=
1,14,2kKEyLjCimu9kYV89+OFyFAh4dg=,4mpFTFRURh+VHLVfxu3ZSn4fIuw=
0,14,2kKEyLjCimu9kYV89+OFyFAh4dg=,4mpFTFRURh+VHLVfxu3ZSn4fIuw=
1,10,2kKEyLjCimu9kYV89+OFyFAh4dg=,4mpFTFRURh+VHLVfxu3ZSn4fIuw=
8,14,2kKEyLjCimu9kYV89+OFyFAh4dg=,4mpFTFRURh+VHLVfxu3ZSn4fIuw=
1,11,2kKEyLjCimu9kYV89+OFyFAh4dg=,4mpFTFRURh+VHLVfxu3ZSn4fIuw=
0,10,2kKEyLjCimu9kYV89+OFyFAh4dg=,4mpFTFRURh+VHLVfxu3ZSn4fIuw=
8,13,2kKEyLjCimu9kYV89+OFyFAh4dg=,4mpFTFRURh+VHLVfxu3ZSn4fIuw=
0,11,2kKEyLjCimu9kYV89+OFyFAh4dg=,4mpFTFRURh+VHLVfxu3ZSn4fIuw=
1,13,2kKEyLjCimu9kYV89+OFyFAh4dg=,4mpFTFRURh+VHLVfxu3ZSn4fIuw=
7,10,2kKEyLjCimu9kYV89+OFyFAh4dg=,4mpFTFRURh+VHLVfxu3ZSn4fIuw=
1,15,2kKEyLjCimu9kYV89+OFyFAh4dg=,4mpFTFRURh+VHLVfxu3ZSn4fIuw=
6,15,2kKEyLjCimu9kYV89+OFyFAh4dg=,4mpFTFRURh+VHLVfxu3ZSn4fIuw=
8,12,2kKEyLjCimu9kYV89+OFyFAh4dg=,4mpFTFRURh+VHLVfxu3ZSn4fIuw=
7,13,2kKEyLjCimu9kYV89+OFyFAh4dg=,4mpFTFRURh+VHLVfxu3ZSn4fIuw=
5,15,2kKEyLjCimu9kYV89+OFyFAh4dg=,4mpFTFRURh+VHLVfxu3ZSn4fIuw=
0,15,2kKEyLjCimu9kYV89+OFyFAh4dg=,4mpFTFRURh+VHLVfxu3ZSn4fIuw=
6,13,2kKEyLjCimu9kYV89+OFyFAh4dg=,4mpFTFRURh+VHLVfxu3ZSn4fIuw=
0,13,2kKEyLjCimu9kYV89+OFyFAh4dg=,4mpFTFRURh+VHLVfxu3ZSn4fIuw=
8,11,2kKEyLjCimu9kYV89+OFyFAh4dg=,4mpFTFRURh+VHLVfxu3ZSn4fIuw=
5,10,2kKEyLjCimu9kYV89+OFyFAh4dg=,4mpFTFRURh+VHLVfxu3ZSn4fIuw=
7,12,2kKEyLjCimu9kYV89+OFyFAh4dg=,4mpFTFRURh+VHLVfxu3ZSn4fIuw=
8,10,2kKEyLjCimu9kYV89+OFyFAh4dg=,4mpFTFRURh+VHLVfxu3ZSn4fIuw=
7,9,2kKEyLjCimu9kYV89+OFyFAh4dg=,4mpFTFRURh+VHLVfxu3ZSn4fIuw=
4,13,2kKEyLjCimu9kYV89+OFyFAh4dg=,4mpFTFRURh+VHLVfxu3ZSn4fIuw=
4,10,2kKEyLjCimu9kYV89+OFyFAh4dg=,4mpFTFRURh+VHLVfxu3ZSn4fIuw=
8,9,2kKEyLjCimu9kYV89+OFyFAh4dg=,4mpFTFRURh+VHLVfxu3ZSn4fIuw=
4,15,2kKEyLjCimu9kYV89+OFyFAh4dg=,4mpFTFRURh+VHLVfxu3ZSn4fIuw=
3,15,2kKEyLjCimu9kYV89+OFyFAh4dg=,4mpFTFRURh+VHLVfxu3ZSn4fIuw=
3,13,2kKEyLjCimu9kYV89+OFyFAh4dg=,4mpFTFRURh+VHLVfxu3ZSn4fIuw=
6,10,2kKEyLjCimu9kYV89+OFyFAh4dg=,4mpFTFRURh+VHLVfxu3ZSn4fIuw=
4,9,2kKEyLjCimu9kYV89+OFyFAh4dg=,4mpFTFRURh+VHLVfxu3ZSn4fIuw=
2,15,2kKEyLjCimu9kYV89+OFyFAh4dg=,4mpFTFRURh+VHLVfxu3ZSn4fIuw=
5,13,2kKEyLjCimu9kYV89+OFyFAh4dg=,4mpFTFRURh+VHLVfxu3ZSn4fIuw=
2,13,2kKEyLjCimu9kYV89+OFyFAh4dg=,4mpFTFRURh+VHLVfxu3ZSn4fIuw=
6,12,2kKEyLjCimu9kYV89+OFyFAh4dg=,4mpFTFRURh+VHLVfxu3ZSn4fIuw=
6,9,2kKEyLjCimu9kYV89+OFyFAh4dg=,4mpFTFRURh+VHLVfxu3ZSn4fIuw=
3,10,2kKEyLjCimu9kYV89+OFyFAh4dg=,4mpFTFRURh+VHLVfxu3ZSn4fIuw=
2,11,2kKEyLjCimu9kYV89+OFyFAh4dg=,4mpFTFRURh+VHLVfxu3ZSn4fIuw=
5,9,2kKEyLjCimu9kYV89+OFyFAh4dg=,4mpFTFRURh+VHLVfxu3ZSn4fIuw=
8,7,2kKEyLjCimu9kYV89+OFyFAh4dg=,sZneD5rHHLEMhIxRiT4foabu/c4=
1,9,2kKEyLjCimu9kYV89+OFyFAh4dg=,4mpFTFRURh+VHLVfxu3ZSn4fIuw=
2,9,2kKEyLjCimu9kYV89+OFyFAh4dg=,4mpFTFRURh+VHLVfxu3ZSn4fIuw=
0,9,2kKEyLjCimu9kYV89+OFyFAh4dg=,4mpFTFRURh+VHLVfxu3ZSn4fIuw=
5,12,2kKEyLjCimu9kYV89+OFyFAh4dg=,4mpFTFRURh+VHLVfxu3ZSn4fIuw=
3,11,2kKEyLjCimu9kYV89+OFyFAh4dg=,4mpFTFRURh+VHLVfxu3ZSn4fIuw=
4,12,2kKEyLjCimu9kYV89+OFyFAh4dg=,4mpFTFRURh+VHLVfxu3ZSn4fIuw=
3,12,2kKEyLjCimu9kYV89+OFyFAh4dg=,4mpFTFRURh+VHLVfxu3ZSn4fIuw=
8,6,2kKEyLjCimu9kYV89+OFyFAh4dg=,sZneD5rHHLEMhIxRiT4foabu/c4=
7,14,2kKEyLjCimu9kYV89+OFyFAh4dg=,4mpFTFRURh+VHLVfxu3ZSn4fIuw=
6,14,2kKEyLjCimu9kYV89+OFyFAh4dg=,4mpFTFRURh+VHLVfxu3ZSn4fIuw=
5,14,2kKEyLjCimu9kYV89+OFyFAh4dg=,4mpFTFRURh+VHLVfxu3ZSn4fIuw=
4,14,2kKEyLjCimu9kYV89+OFyFAh4dg=,4mpFTFRURh+VHLVfxu3ZSn4fIuw=
4,11,2kKEyLjCimu9kYV89+OFyFAh4dg=,4mpFTFRURh+VHLVfxu3ZSn4fIuw=
8,5,2kKEyLjCimu9kYV89+OFyFAh4dg=,sZneD5rHHLEMhIxRiT4foabu/c4=
3,14,2kKEyLjCimu9kYV89+OFyFAh4dg=,4mpFTFRURh+VHLVfxu3ZSn4fIuw=
2,14,2kKEyLjCimu9kYV89+OFyFAh4dg=,4mpFTFRURh+VHLVfxu3ZSn4fIuw=
3,9,2kKEyLjCimu9kYV89+OFyFAh4dg=,4mpFTFRURh+VHLVfxu3ZSn4fIuw=
2,10,2kKEyLjCimu9kYV89+OFyFAh4dg=,4mpFTFRURh+VHLVfxu3ZSn4fIuw=
1,12,2kKEyLjCimu9kYV89+OFyFAh4dg=,4mpFTFRURh+VHLVfxu3ZSn4fIuw=
2,12,2kKEyLjCimu9kYV89+OFyFAh4dg=,4mpFTFRURh+VHLVfxu3ZSn4fIuw=
0,12,2kKEyLjCimu9kYV89+OFyFAh4dg=,4mpFTFRURh+VHLVfxu3ZSn4fIuw=
5,11,2kKEyLjCimu9kYV89+OFyFAh4dg=,4mpFTFRURh+VHLVfxu3ZSn4fIuw=
8,4,2kKEyLjCimu9kYV89+OFyFAh4dg=,sZneD5rHHLEMhIxRiT4foabu/c4=
7,11,2kKEyLjCimu9kYV89+OFyFAh4dg=,4mpFTFRURh+VHLVfxu3ZSn4fIuw=
6,11,2kKEyLjCimu9kYV89+OFyFAh4dg=,4mpFTFRURh+VHLVfxu3ZSn4fIuw=
1,6,2kKEyLjCimu9kYV89+OFyFAh4dg=,V45CxgKASMtjY6ON2fsEuYLUE6E=
4,1,2kKEyLjCimu9kYV89+OFyFAh4dg=,V45CxgKASMtjY6ON2fsEuYLUE6E=
7,5,2kKEyLjCimu9kYV89+OFyFAh4dg=,V45CxgKASMtjY6ON2fsEuYLUE6E=
3,3,2kKEyLjCimu9kYV89+OFyFAh4dg=,V45CxgKASMtjY6ON2fsEuYLUE6E=
0,6,2kKEyLjCimu9kYV89+OFyFAh4dg=,V45CxgKASMtjY6ON2fsEuYLUE6E=
6,0,2kKEyLjCimu9kYV89+OFyFAh4dg=,V45CxgKASMtjY6ON2fsEuYLUE6E=
8,3,2kKEyLjCimu9kYV89+OFyFAh4dg=,sZneD5rHHLEMhIxRiT4foabu/c4=
6,7,2kKEyLjCimu9kYV89+OFyFAh4dg=,V45CxgKASMtjY6ON2fsEuYLUE6E=
4,2,2kKEyLjCimu9kYV89+OFyFAh4dg=,V45CxgKASMtjY6ON2fsEuYLUE6E=
2,2,2kKEyLjCimu9kYV89+OFyFAh4dg=,V45CxgKASMtjY6ON2fsEuYLUE6E=
5,7,2kKEyLjCimu9kYV89+OFyFAh4dg=,V45CxgKASMtjY6ON2fsEuYLUE6E=
8,2,2kKEyLjCimu9kYV89+OFyFAh4dg=,sZneD5rHHLEMhIxRiT4foabu/c4=
0,2,2kKEyLjCimu9kYV89+OFyFAh4dg=,V45CxgKASMtjY6ON2fsEuYLUE6E=
2,4,2kKEyLjCimu9kYV89+OFyFAh4dg=,V45CxgKASMtjY6ON2fsEuYLUE6E=
4,7,2kKEyLjCimu9kYV89+OFyFAh4dg=,V45CxgKASMtjY6ON2fsEuYLUE6E=
1,4,2kKEyLjCimu9kYV89+OFyFAh4dg=,V45CxgKASMtjY6ON2fsEuYLUE6E=
3,8,2kKEyLjCimu9kYV89+OFyFAh4dg=,4mpFTFRURh+VHLVfxu3ZSn4fIuw=
0,4,2kKEyLjCimu9kYV89+OFyFAh4dg=,V45CxgKASMtjY6ON2fsEuYLUE6E=
7,7,2kKEyLjCimu9kYV89+OFyFAh4dg=,V45CxgKASMtjY6ON2fsEuYLUE6E=
8,1,2kKEyLjCimu9kYV89+OFyFAh4dg=,sZneD5rHHLEMhIxRiT4foabu/c4=
7,3,2kKEyLjCimu9kYV89+OFyFAh4dg=,V45CxgKASMtjY6ON2fsEuYLUE6E=
3,1,2kKEyLjCimu9kYV89+OFyFAh4dg=,V45CxgKASMtjY6ON2fsEuYLUE6E=
3,5,2kKEyLjCimu9kYV89+OFyFAh4dg=,V45CxgKASMtjY6ON2fsEuYLUE6E=
7,8,2kKEyLjCimu9kYV89+OFyFAh4dg=,4mpFTFRURh+VHLVfxu3ZSn4fIuw=
6,8,2kKEyLjCimu9kYV89+OFyFAh4dg=,4mpFTFRURh+VHLVfxu3ZSn4fIuw=
3,4,2kKEyLjCimu9kYV89+OFyFAh4dg=,V45CxgKASMtjY6ON2fsEuYLUE6E=
7,1,2kKEyLjCimu9kYV89+OFyFAh4dg=,V45CxgKASMtjY6ON2fsEuYLUE6E=
8,0,2kKEyLjCimu9kYV89+OFyFAh4dg=,sZneD5rHHLEMhIxRiT4foabu/c4=
3,7,2kKEyLjCimu9kYV89+OFyFAh4dg=,V45CxgKASMtjY6ON2fsEuYLUE6E=
0,7,2kKEyLjCimu9kYV89+OFyFAh4dg=,V45CxgKASMtjY6ON2fsEuYLUE6E=
6,1,2kKEyLjCimu9kYV89+OFyFAh4dg=,V45CxgKASMtjY6ON2fsEuYLUE6E=
7,6,2kKEyLjCimu9kYV89+OFyFAh4dg=,V45CxgKASMtjY6ON2fsEuYLUE6E=
2,1,2kKEyLjCimu9kYV89+OFyFAh4dg=,V45CxgKASMtjY6ON2fsEuYLUE6E=
2,8,2kKEyLjCimu9kYV89+OFyFAh4dg=,4mpFTFRURh+VHLVfxu3ZSn4fIuw=
1,7,2kKEyLjCimu9kYV89+OFyFAh4dg=,V45CxgKASMtjY6ON2fsEuYLUE6E=
8,8,2kKEyLjCimu9kYV89+OFyFAh4dg=,4mpFTFRURh+VHLVfxu3ZSn4fIuw=
6,5,2kKEyLjCimu9kYV89+OFyFAh4dg=,V45CxgKASMtjY6ON2fsEuYLUE6E=
2,3,2kKEyLjCimu9kYV89+OFyFAh4dg=,V45CxgKASMtjY6ON2fsEuYLUE6E=
1,3,2kKEyLjCimu9kYV89+OFyFAh4dg=,V45CxgKASMtjY6ON2fsEuYLUE6E=
6,6,2kKEyLjCimu9kYV89+OFyFAh4dg=,V45CxgKASMtjY6ON2fsEuYLUE6E=
1,2,2kKEyLjCimu9kYV89+OFyFAh4dg=,V45CxgKASMtjY6ON2fsEuYLUE6E=
5,8,2kKEyLjCimu9kYV89+OFyFAh4dg=,4mpFTFRURh+VHLVfxu3ZSn4fIuw=
0,3,2kKEyLjCimu9kYV89+OFyFAh4dg=,V45CxgKASMtjY6ON2fsEuYLUE6E=
4,5,2kKEyLjCimu9kYV89+OFyFAh4dg=,V45CxgKASMtjY6ON2fsEuYLUE6E=
4,8,2kKEyLjCimu9kYV89+OFyFAh4dg=,4mpFTFRURh+VHLVfxu3ZSn4fIuw=
5,0,2kKEyLjCimu9kYV89+OFyFAh4dg=,V45CxgKASMtjY6ON2fsEuYLUE6E=
1,8,2kKEyLjCimu9kYV89+OFyFAh4dg=,4mpFTFRURh+VHLVfxu3ZSn4fIuw=
1,0,2kKEyLjCimu9kYV89+OFyFAh4dg=,V45CxgKASMtjY6ON2fsEuYLUE6E=
3,2,2kKEyLjCimu9kYV89+OFyFAh4dg=,V45CxgKASMtjY6ON2fsEuYLUE6E=
4,4,2kKEyLjCimu9kYV89+OFyFAh4dg=,V45CxgKASMtjY6ON2fsEuYLUE6E=
6,3,2kKEyLjCimu9kYV89+OFyFAh4dg=,V45CxgKASMtjY6ON2fsEuYLUE6E=
2,7,2kKEyLjCimu9kYV89+OFyFAh4dg=,V45CxgKASMtjY6ON2fsEuYLUE6E=
5,3,2kKEyLjCimu9kYV89+OFyFAh4dg=,V45CxgKASMtjY6ON2fsEuYLUE6E=
7,2,2kKEyLjCimu9kYV89+OFyFAh4dg=,V45CxgKASMtjY6ON2fsEuYLUE6E=
1,5,2kKEyLjCimu9kYV89+OFyFAh4dg=,V45CxgKASMtjY6ON2fsEuYLUE6E=
4,0,2kKEyLjCimu9kYV89+OFyFAh4dg=,V45CxgKASMtjY6ON2fsEuYLUE6E=
0,5,2kKEyLjCimu9kYV89+OFyFAh4dg=,V45CxgKASMtjY6ON2fsEuYLUE6E=
2,5,2kKEyLjCimu9kYV89+OFyFAh4dg=,V45CxgKASMtjY6ON2fsEuYLUE6E=
4,3,2kKEyLjCimu9kYV89+OFyFAh4dg=,V45CxgKASMtjY6ON2fsEuYLUE6E=
5,1,2kKEyLjCimu9kYV89+OFyFAh4dg=,V45CxgKASMtjY6ON2fsEuYLUE6E=
7,0,2kKEyLjCimu9kYV89+OFyFAh4dg=,V45CxgKASMtjY6ON2fsEuYLUE6E=
1,1,2kKEyLjCimu9kYV89+OFyFAh4dg=,V45CxgKASMtjY6ON2fsEuYLUE6E=
4,6,2kKEyLjCimu9kYV89+OFyFAh4dg=,V45CxgKASMtjY6ON2fsEuYLUE6E=
0,8,2kKEyLjCimu9kYV89+OFyFAh4dg=,4mpFTFRURh+VHLVfxu3ZSn4fIuw=
5,6,2kKEyLjCimu9kYV89+OFyFAh4dg=,V45CxgKASMtjY6ON2fsEuYLUE6E=
7,4,2kKEyLjCimu9kYV89+OFyFAh4dg=,V45CxgKASMtjY6ON2fsEuYLUE6E=
3,6,2kKEyLjCimu9kYV89+OFyFAh4dg=,V45CxgKASMtjY6ON2fsEuYLUE6E=
2,0,2kKEyLjCimu9kYV89+OFyFAh4dg=,V45CxgKASMtjY6ON2fsEuYLUE6E=
5,2,2kKEyLjCimu9kYV89+OFyFAh4dg=,V45CxgKASMtjY6ON2fsEuYLUE6E=
6,2,2kKEyLjCimu9kYV89+OFyFAh4dg=,V45CxgKASMtjY6ON2fsEuYLUE6E=
0,0,2kKEyLjCimu9kYV89+OFyFAh4dg=,V45CxgKASMtjY6ON2fsEuYLUE6E=
6,4,2kKEyLjCimu9kYV89+OFyFAh4dg=,V45CxgKASMtjY6ON2fsEuYLUE6E=
3,0,2kKEyLjCimu9kYV89+OFyFAh4dg=,V45CxgKASMtjY6ON2fsEuYLUE6E=
5,5,2kKEyLjCimu9kYV89+OFyFAh4dg=,V45CxgKASMtjY6ON2fsEuYLUE6E=
0,1,2kKEyLjCimu9kYV89+OFyFAh4dg=,V45CxgKASMtjY6ON2fsEuYLUE6E=
2,6,2kKEyLjCimu9kYV89+OFyFAh4dg=,V45CxgKASMtjY6ON2fsEuYLUE6E=
5,4,2kKEyLjCimu9kYV89+OFyFAh4dg=,V45CxgKASMtjY6ON2fsEuYLUE6E=
9,17,2kKEyLjCimu9kYV89+OFyFAh4dg=,IGnqa6VeIO/HxhQSLmmDtHlwPy0=
11,19,2kKEyLjCimu9kYV89+OFyFAh4dg=,IGnqa6VeIO/HxhQSLmmDtHlwPy0=
10,17,2kKEyLjCimu9kYV89+OFyFAh4dg=,IGnqa6VeIO/HxhQSLmmDtHlwPy0=
10,19,2kKEyLjCimu9kYV89+OFyFAh4dg=,IGnqa6VeIO/HxhQSLmmDtHlwPy0=
11,17,2kKEyLjCimu9kYV89+OFyFAh4dg=,IGnqa6VeIO/HxhQSLmmDtHlwPy0=
12,17,2kKEyLjCimu9kYV89+OFyFAh4dg=,IGnqa6VeIO/HxhQSLmmDtHlwPy0=
13,17,2kKEyLjCimu9kYV89+OFyFAh4dg=,IGnqa6VeIO/HxhQSLmmDtHlwPy0=
14,17,2kKEyLjCimu9kYV89+OFyFAh4dg=,IGnqa6VeIO/HxhQSLmmDtHlwPy0=
9,18,2kKEyLjCimu9kYV89+OFyFAh4dg=,IGnqa6VeIO/HxhQSLmmDtHlwPy0=
10,18,2kKEyLjCimu9kYV89+OFyFAh4dg=,IGnqa6VeIO/HxhQSLmmDtHlwPy0=
11,18,2kKEyLjCimu9kYV89+OFyFAh4dg=,IGnqa6VeIO/HxhQSLmmDtHlwPy0=
12,18,2kKEyLjCimu9kYV89+OFyFAh4dg=,IGnqa6VeIO/HxhQSLmmDtHlwPy0=
13,18,2kKEyLjCimu9kYV89+OFyFAh4dg=,IGnqa6VeIO/HxhQSLmmDtHlwPy0=
12,19,2kKEyLjCimu9kYV89+OFyFAh4dg=,IGnqa6VeIO/HxhQSLmmDtHlwPy0=
13,19,2kKEyLjCimu9kYV89+OFyFAh4dg=,IGnqa6VeIO/HxhQSLmmDtHlwPy0=
14,19,2kKEyLjCimu9kYV89+OFyFAh4dg=,IGnqa6VeIO/HxhQSLmmDtHlwPy0=
9,20,2kKEyLjCimu9kYV89+OFyFAh4dg=,IGnqa6VeIO/HxhQSLmmDtHlwPy0=
14,18,2kKEyLjCimu9kYV89+OFyFAh4dg=,IGnqa6VeIO/HxhQSLmmDtHlwPy0=
10,20,2kKEyLjCimu9kYV89+OFyFAh4dg=,IGnqa6VeIO/HxhQSLmmDtHlwPy0=
11,20,2kKEyLjCimu9kYV89+OFyFAh4dg=,IGnqa6VeIO/HxhQSLmmDtHlwPy0=
12,20,2kKEyLjCimu9kYV89+OFyFAh4dg=,IGnqa6VeIO/HxhQSLmmDtHlwPy0=
13,20,2kKEyLjCimu9kYV89+OFyFAh4dg=,IGnqa6VeIO/HxhQSLmmDtHlwPy0=
14,20,2kKEyLjCimu9kYV89+OFyFAh4dg=,IGnqa6VeIO/HxhQSLmmDtHlwPy0=
9,21,2kKEyLjCimu9kYV89+OFyFAh4dg=,IGnqa6VeIO/HxhQSLmmDtHlwPy0=
9,19,2kKEyLjCimu9kYV89+OFyFAh4dg=,IGnqa6VeIO/HxhQSLmmDtHlwPy0=
14,22,2kKEyLjCimu9kYV89+OFyFAh4dg=,IGnqa6VeIO/HxhQSLmmDtHlwPy0=
13,22,2kKEyLjCimu9kYV89+OFyFAh4dg=,IGnqa6VeIO/HxhQSLmmDtHlwPy0=
12,22,2kKEyLjCimu9kYV89+OFyFAh4dg=,IGnqa6VeIO/HxhQSLmmDtHlwPy0=
11,22,2kKEyLjCimu9kYV89+OFyFAh4dg=,IGnqa6VeIO/HxhQSLmmDtHlwPy0=
10,21,2kKEyLjCimu9kYV89+OFyFAh4dg=,IGnqa6VeIO/HxhQSLmmDtHlwPy0=
11,21,2kKEyLjCimu9kYV89+OFyFAh4dg=,IGnqa6VeIO/HxhQSLmmDtHlwPy0=
12,21,2kKEyLjCimu9kYV89+OFyFAh4dg=,IGnqa6VeIO/HxhQSLmmDtHlwPy0=
13,21,2kKEyLjCimu9kYV89+OFyFAh4dg=,IGnqa6VeIO/HxhQSLmmDtHlwPy0=
14,21,2kKEyLjCimu9kYV89+OFyFAh4dg=,IGnqa6VeIO/HxhQSLmmDtHlwPy0=
10,22,2kKEyLjCimu9kYV89+OFyFAh4dg=,IGnqa6VeIO/HxhQSLmmDtHlwPy0=
15,17,2kKEyLjCimu9kYV89+OFyFAh4dg=,IGnqa6VeIO/HxhQSLmmDtHlwPy0=
15,19,2kKEyLjCimu9kYV89+OFyFAh4dg=,IGnqa6VeIO/HxhQSLmmDtHlwPy0=
15,20,2kKEyLjCimu9kYV89+OFyFAh4dg=,IGnqa6VeIO/HxhQSLmmDtHlwPy0=
15,18,2kKEyLjCimu9kYV89+OFyFAh4dg=,IGnqa6VeIO/HxhQSLmmDtHlwPy0=
15,21,2kKEyLjCimu9kYV89+OFyFAh4dg=,IGnqa6VeIO/HxhQSLmmDtHlwPy0=
15,22,2kKEyLjCimu9kYV89+OFyFAh4dg=,IGnqa6VeIO/HxhQSLmmDtHlwPy0=
9,22,2kKEyLjCimu9kYV89+OFyFAh4dg=,IGnqa6VeIO/HxhQSLmmDtHlwPy0=
12,29,2kKEyLjCimu9kYV89+OFyFAh4dg=,8D+P2Qfn3crEQXc627UPLYPJ3eo=
13,29,2kKEyLjCimu9kYV89+OFyFAh4dg=,8D+P2Qfn3crEQXc627UPLYPJ3eo=
14,29,2kKEyLjCimu9kYV89+OFyFAh4dg=,8D+P2Qfn3crEQXc627UPLYPJ3eo=
15,29,2kKEyLjCimu9kYV89+OFyFAh4dg=,8D+P2Qfn3crEQXc627UPLYPJ3eo=
15,23,2kKEyLjCimu9kYV89+OFyFAh4dg=,IGnqa6VeIO/HxhQSLmmDtHlwPy0=
9,30,2kKEyLjCimu9kYV89+OFyFAh4dg=,8D+P2Qfn3crEQXc627UPLYPJ3eo=
14,23,2kKEyLjCimu9kYV89+OFyFAh4dg=,IGnqa6VeIO/HxhQSLmmDtHlwPy0=
13,23,2kKEyLjCimu9kYV89+OFyFAh4dg=,IGnqa6VeIO/HxhQSLmmDtHlwPy0=
12,23,2kKEyLjCimu9kYV89+OFyFAh4dg=,IGnqa6VeIO/HxhQSLmmDtHlwPy0=
11,23,2kKEyLjCimu9kYV89+OFyFAh4dg=,IGnqa6VeIO/HxhQSLmmDtHlwPy0=
10,30,2kKEyLjCimu9kYV89+OFyFAh4dg=,8D+P2Qfn3crEQXc627UPLYPJ3eo=
10,29,2kKEyLjCimu9kYV89+OFyFAh4dg=,8D+P2Qfn3crEQXc627UPLYPJ3eo=
11,29,2kKEyLjCimu9kYV89+OFyFAh4dg=,8D+P2Qfn3crEQXc627UPLYPJ3eo=
9,29,2kKEyLjCimu9kYV89+OFyFAh4dg=,8D+P2Qfn3crEQXc627UPLYPJ3eo=
9,16,2kKEyLjCimu9kYV89+OFyFAh4dg=,IGnqa6VeIO/HxhQSLmmDtHlwPy0=
11,30,2kKEyLjCimu9kYV89+OFyFAh4dg=,8D+P2Qfn3crEQXc627UPLYPJ3eo=
12,30,2kKEyLjCimu9kYV89+OFyFAh4dg=,8D+P2Qfn3crEQXc627UPLYPJ3eo=
13,30,2kKEyLjCimu9kYV89+OFyFAh4dg=,8D+P2Qfn3crEQXc627UPLYPJ3eo=
14,30,2kKEyLjCimu9kYV89+OFyFAh4dg=,8D+P2Qfn3crEQXc627UPLYPJ3eo=
15,30,2kKEyLjCimu9kYV89+OFyFAh4dg=,8D+P2Qfn3crEQXc627UPLYPJ3eo=
10,23,2kKEyLjCimu9kYV89+OFyFAh4dg=,IGnqa6VeIO/HxhQSLmmDtHlwPy0=
15,28,2kKEyLjCimu9kYV89+OFyFAh4dg=,8D+P2Qfn3crEQXc627UPLYPJ3eo=
14,28,2kKEyLjCimu9kYV89+OFyFAh4dg=,8D+P2Qfn3crEQXc627UPLYPJ3eo=
13,28,2kKEyLjCimu9kYV89+OFyFAh4dg=,8D+P2Qfn3crEQXc627UPLYPJ3eo=
10,16,2kKEyLjCimu9kYV89+OFyFAh4dg=,IGnqa6VeIO/HxhQSLmmDtHlwPy0=
11,16,2kKEyLjCimu9kYV89+OFyFAh4dg=,IGnqa6VeIO/HxhQSLmmDtHlwPy0=
12,16,2kKEyLjCimu9kYV89+OFyFAh4dg=,IGnqa6VeIO/HxhQSLmmDtHlwPy0=
13,16,2kKEyLjCimu9kYV89+OFyFAh4dg=,IGnqa6VeIO/HxhQSLmmDtHlwPy0=
14,16,2kKEyLjCimu9kYV89+OFyFAh4dg=,IGnqa6VeIO/HxhQSLmmDtHlwPy0=
9,23,2kKEyLjCimu9kYV89+OFyFAh4dg=,IGnqa6VeIO/HxhQSLmmDtHlwPy0=
12,28,2kKEyLjCimu9kYV89+OFyFAh4dg=,8D+P2Qfn3crEQXc627UPLYPJ3eo=
9,31,2kKEyLjCimu9kYV89+OFyFAh4dg=,8D+P2Qfn3crEQXc627UPLYPJ3eo=
11,28,2kKEyLjCimu9kYV89+OFyFAh4dg=,8D+P2Qfn3crEQXc627UPLYPJ3eo=
15,27,2kKEyLjCimu9kYV89+OFyFAh4dg=,8D+P2Qfn3crEQXc627UPLYPJ3eo=
14,27,2kKEyLjCimu9kYV89+OFyFAh4dg=,8D+P2Qfn3crEQXc627UPLYPJ3eo=
13,27,2kKEyLjCimu9kYV89+OFyFAh4dg=,8D+P2Qfn3crEQXc627UPLYPJ3eo=
9,28,2kKEyLjCimu9kYV89+OFyFAh4dg=,8D+P2Qfn3crEQXc627UPLYPJ3eo=
12,27,2kKEyLjCimu9kYV89+OFyFAh4dg=,8D+P2Qfn3crEQXc627UPLYPJ3eo=
10,31,2kKEyLjCimu9kYV89+OFyFAh4dg=,8D+P2Qfn3crEQXc627UPLYPJ3eo=
11,27,2kKEyLjCimu9kYV89+OFyFAh4dg=,8D+P2Qfn3crEQXc627UPLYPJ3eo=
10,27,2kKEyLjCimu9kYV89+OFyFAh4dg=,8D+P2Qfn3crEQXc627UPLYPJ3eo=
10,28,2kKEyLjCimu9kYV89+OFyFAh4dg=,8D+P2Qfn3crEQXc627UPLYPJ3eo=
15,26,2kKEyLjCimu9kYV89+OFyFAh4dg=,8D+P2Qfn3crEQXc627UPLYPJ3eo=
11,31,2kKEyLjCimu9kYV89+OFyFAh4dg=,8D+P2Qfn3crEQXc627UPLYPJ3eo=
12,31,2kKEyLjCimu9kYV89+OFyFAh4dg=,8D+P2Qfn3crEQXc627UPLYPJ3eo=
13,31,2kKEyLjCimu9kYV89+OFyFAh4dg=,8D+P2Qfn3crEQXc627UPLYPJ3eo=
14,31,2kKEyLjCimu9kYV89+OFyFAh4dg=,8D+P2Qfn3crEQXc627UPLYPJ3eo=
9,27,2kKEyLjCimu9kYV89+OFyFAh4dg=,8D+P2Qfn3crEQXc627UPLYPJ3eo=
9,24,2kKEyLjCimu9kYV89+OFyFAh4dg=,8D+P2Qfn3crEQXc627UPLYPJ3eo=
10,24,2kKEyLjCimu9kYV89+OFyFAh4dg=,8D+P2Qfn3crEQXc627UPLYPJ3eo=
11,24,2kKEyLjCimu9kYV89+OFyFAh4dg=,8D+P2Qfn3crEQXc627UPLYPJ3eo=
12,24,2kKEyLjCimu9kYV89+OFyFAh4dg=,8D+P2Qfn3crEQXc627UPLYPJ3eo=
13,24,2kKEyLjCimu9kYV89+OFyFAh4dg=,8D+P2Qfn3crEQXc627UPLYPJ3eo=
14,24,2kKEyLjCimu9kYV89+OFyFAh4dg=,8D+P2Qfn3crEQXc627UPLYPJ3eo=
15,24,2kKEyLjCimu9kYV89+OFyFAh4dg=,8D+P2Qfn3crEQXc627UPLYPJ3eo=
9,25,2kKEyLjCimu9kYV89+OFyFAh4dg=,8D+P2Qfn3crEQXc627UPLYPJ3eo=
10,25,2kKEyLjCimu9kYV89+OFyFAh4dg=,8D+P2Qfn3crEQXc627UPLYPJ3eo=
11,25,2kKEyLjCimu9kYV89+OFyFAh4dg=,8D+P2Qfn3crEQXc627UPLYPJ3eo=
12,25,2kKEyLjCimu9kYV89+OFyFAh4dg=,8D+P2Qfn3crEQXc627UPLYPJ3eo=
13,25,2kKEyLjCimu9kYV89+OFyFAh4dg=,8D+P2Qfn3crEQXc627UPLYPJ3eo=
14,25,2kKEyLjCimu9kYV89+OFyFAh4dg=,8D+P2Qfn3crEQXc627UPLYPJ3eo=
15,25,2kKEyLjCimu9kYV89+OFyFAh4dg=,8D+P2Qfn3crEQXc627UPLYPJ3eo=
15,16,2kKEyLjCimu9kYV89+OFyFAh4dg=,IGnqa6VeIO/HxhQSLmmDtHlwPy0=
15,31,2kKEyLjCimu9kYV89+OFyFAh4dg=,8D+P2Qfn3crEQXc627UPLYPJ3eo=
14,26,2kKEyLjCimu9kYV89+OFyFAh4dg=,8D+P2Qfn3crEQXc627UPLYPJ3eo=
13,26,2kKEyLjCimu9kYV89+OFyFAh4dg=,8D+P2Qfn3crEQXc627UPLYPJ3eo=
12,26,2kKEyLjCimu9kYV89+OFyFAh4dg=,8D+P2Qfn3crEQXc627UPLYPJ3eo=
9,26,2kKEyLjCimu9kYV89+OFyFAh4dg=,8D+P2Qfn3crEQXc627UPLYPJ3eo=
11,26,2kKEyLjCimu9kYV89+OFyFAh4dg=,8D+P2Qfn3crEQXc627UPLYPJ3eo=
10,26,2kKEyLjCimu9kYV89+OFyFAh4dg=,8D+P2Qfn3crEQXc627UPLYPJ3eo=
0,25,2kKEyLjCimu9kYV89+OFyFAh4dg=,8D+P2Qfn3crEQXc627UPLYPJ3eo=
3,31,2kKEyLjCimu9kYV89+OFyFAh4dg=,8D+P2Qfn3crEQXc627UPLYPJ3eo=
1,25,2kKEyLjCimu9kYV89+OFyFAh4dg=,8D+P2Qfn3crEQXc627UPLYPJ3eo=
2,31,2kKEyLjCimu9kYV89+OFyFAh4dg=,8D+P2Qfn3crEQXc627UPLYPJ3eo=
0,31,2kKEyLjCimu9kYV89+OFyFAh4dg=,8D+P2Qfn3crEQXc627UPLYPJ3eo=
8,28,2kKEyLjCimu9kYV89+OFyFAh4dg=,8D+P2Qfn3crEQXc627UPLYPJ3eo=
2,25,2kKEyLjCimu9kYV89+OFyFAh4dg=,8D+P2Qfn3crEQXc627UPLYPJ3eo=
1,31,2kKEyLjCimu9kYV89+OFyFAh4dg=,8D+P2Qfn3crEQXc627UPLYPJ3eo=
7,30,2kKEyLjCimu9kYV89+OFyFAh4dg=,8D+P2Qfn3crEQXc627UPLYPJ3eo=
3,25,2kKEyLjCimu9kYV89+OFyFAh4dg=,8D+P2Qfn3crEQXc627UPLYPJ3eo=
8,29,2kKEyLjCimu9kYV89+OFyFAh4dg=,8D+P2Qfn3crEQXc627UPLYPJ3eo=
6,30,2kKEyLjCimu9kYV89+OFyFAh4dg=,8D+P2Qfn3crEQXc627UPLYPJ3eo=
8,26,2kKEyLjCimu9kYV89+OFyFAh4dg=,8D+P2Qfn3crEQXc627UPLYPJ3eo=
4,25,2kKEyLjCimu9kYV89+OFyFAh4dg=,8D+P2Qfn3crEQXc627UPLYPJ3eo=
5,30,2kKEyLjCimu9kYV89+OFyFAh4dg=,8D+P2Qfn3crEQXc627UPLYPJ3eo=
8,25,2kKEyLjCimu9kYV89+OFyFAh4dg=,8D+P2Qfn3crEQXc627UPLYPJ3eo=
4,30,2kKEyLjCimu9kYV89+OFyFAh4dg=,8D+P2Qfn3crEQXc627UPLYPJ3eo=
5,25,2kKEyLjCimu9kYV89+OFyFAh4dg=,8D+P2Qfn3crEQXc627UPLYPJ3eo=
7,31,2kKEyLjCimu9kYV89+OFyFAh4dg=,8D+P2Qfn3crEQXc627UPLYPJ3eo=
8,27,2kKEyLjCimu9kYV89+OFyFAh4dg=,8D+P2Qfn3crEQXc627UPLYPJ3eo=
6,25,2kKEyLjCimu9kYV89+OFyFAh4dg=,8D+P2Qfn3crEQXc627UPLYPJ3eo=
6,31,2kKEyLjCimu9kYV89+OFyFAh4dg=,8D+P2Qfn3crEQXc627UPLYPJ3eo=
7,25,2kKEyLjCimu9kYV89+OFyFAh4dg=,8D+P2Qfn3crEQXc627UPLYPJ3eo=
0,26,2kKEyLjCimu9kYV89+OFyFAh4dg=,8D+P2Qfn3crEQXc627UPLYPJ3eo=
1,26,2kKEyLjCimu9kYV89+OFyFAh4dg=,8D+P2Qfn3crEQXc627UPLYPJ3eo=
0,30,2kKEyLjCimu9kYV89+OFyFAh4dg=,8D+P2Qfn3crEQXc627UPLYPJ3eo=
4,31,2kKEyLjCimu9kYV89+OFyFAh4dg=,8D+P2Qfn3crEQXc627UPLYPJ3eo=
1,30,2kKEyLjCimu9kYV89+OFyFAh4dg=,8D+P2Qfn3crEQXc627UPLYPJ3eo=
2,30,2kKEyLjCimu9kYV89+OFyFAh4dg=,8D+P2Qfn3crEQXc627UPLYPJ3eo=
2,26,2kKEyLjCimu9kYV89+OFyFAh4dg=,8D+P2Qfn3crEQXc627UPLYPJ3eo=
3,30,2kKEyLjCimu9kYV89+OFyFAh4dg=,8D+P2Qfn3crEQXc627UPLYPJ3eo=
7,29,2kKEyLjCimu9kYV89+OFyFAh4dg=,8D+P2Qfn3crEQXc627UPLYPJ3eo=
6,29,2kKEyLjCimu9kYV89+OFyFAh4dg=,8D+P2Qfn3crEQXc627UPLYPJ3eo=
5,29,2kKEyLjCimu9kYV89+OFyFAh4dg=,8D+P2Qfn3crEQXc627UPLYPJ3eo=
8,31,2kKEyLjCimu9kYV89+OFyFAh4dg=,8D+P2Qfn3crEQXc627UPLYPJ3eo=
0,29,2kKEyLjCimu9kYV89+OFyFAh4dg=,8D+P2Qfn3crEQXc627UPLYPJ3eo=
8,30,2kKEyLjCimu9kYV89+OFyFAh4dg=,8D+P2Qfn3crEQXc627UPLYPJ3eo=
1,29,2kKEyLjCimu9kYV89+OFyFAh4dg=,8D+P2Qfn3crEQXc627UPLYPJ3eo=
5,31,2kKEyLjCimu9kYV89+OFyFAh4dg=,8D+P2Qfn3crEQXc627UPLYPJ3eo=
4,29,2kKEyLjCimu9kYV89+OFyFAh4dg=,8D+P2Qfn3crEQXc627UPLYPJ3eo=
3,29,2kKEyLjCimu9kYV89+OFyFAh4dg=,8D+P2Qfn3crEQXc627UPLYPJ3eo=
3,26,2kKEyLjCimu9kYV89+OFyFAh4dg=,8D+P2Qfn3crEQXc627UPLYPJ3eo=
2,29,2kKEyLjCimu9kYV89+OFyFAh4dg=,8D+P2Qfn3crEQXc627UPLYPJ3eo=
1,20,2kKEyLjCimu9kYV89+OFyFAh4dg=,sLivHyEKZloWQLB+EPs18pkuE3k=
4,26,2kKEyLjCimu9kYV89+OFyFAh4dg=,8D+P2Qfn3crEQXc627UPLYPJ3eo=
3,22,2kKEyLjCimu9kYV89+OFyFAh4dg=,sLivHyEKZloWQLB+EPs18pkuE3k=
7,28,2kKEyLjCimu9kYV89+OFyFAh4dg=,8D+P2Qfn3crEQXc627UPLYPJ3eo=
4,22,2kKEyLjCimu9kYV89+OFyFAh4dg=,sLivHyEKZloWQLB+EPs18pkuE3k=
3,23,2kKEyLjCimu9kYV89+OFyFAh4dg=,sLivHyEKZloWQLB+EPs18pkuE3k=
2,23,2kKEyLjCimu9kYV89+OFyFAh4dg=,sLivHyEKZloWQLB+EPs18pkuE3k=
1,18,2kKEyLjCimu9kYV89+OFyFAh4dg=,sLivHyEKZloWQLB+EPs18pkuE3k=
6,28,2kKEyLjCimu9kYV89+OFyFAh4dg=,8D+P2Qfn3crEQXc627UPLYPJ3eo=
5,22,2kKEyLjCimu9kYV89+OFyFAh4dg=,sLivHyEKZloWQLB+EPs18pkuE3k=
1,23,2kKEyLjCimu9kYV89+OFyFAh4dg=,sLivHyEKZloWQLB+EPs18pkuE3k=
5,26,2kKEyLjCimu9kYV89+OFyFAh4dg=,8D+P2Qfn3crEQXc627UPLYPJ3eo=
5,28,2kKEyLjCimu9kYV89+OFyFAh4dg=,8D+P2Qfn3crEQXc627UPLYPJ3eo=
4,28,2kKEyLjCimu9kYV89+OFyFAh4dg=,8D+P2Qfn3crEQXc627UPLYPJ3eo=
2,22,2kKEyLjCimu9kYV89+OFyFAh4dg=,sLivHyEKZloWQLB+EPs18pkuE3k=
0,23,2kKEyLjCimu9kYV89+OFyFAh4dg=,sLivHyEKZloWQLB+EPs18pkuE3k=
3,28,2kKEyLjCimu9kYV89+OFyFAh4dg=,8D+P2Qfn3crEQXc627UPLYPJ3eo=
8,23,2kKEyLjCimu9kYV89+OFyFAh4dg=,IGnqa6VeIO/HxhQSLmmDtHlwPy0=
2,28,2kKEyLjCimu9kYV89+OFyFAh4dg=,8D+P2Qfn3crEQXc627UPLYPJ3eo=
1,28,2kKEyLjCimu9kYV89+OFyFAh4dg=,8D+P2Qfn3crEQXc627UPLYPJ3eo=
1,21,2kKEyLjCimu9kYV89+OFyFAh4dg=,sLivHyEKZloWQLB+EPs18pkuE3k=
0,28,2kKEyLjCimu9kYV89+OFyFAh4dg=,8D+P2Qfn3crEQXc627UPLYPJ3eo=
0,21,2kKEyLjCimu9kYV89+OFyFAh4dg=,sLivHyEKZloWQLB+EPs18pkuE3k=
6,26,2kKEyLjCimu9kYV89+OFyFAh4dg=,8D+P2Qfn3crEQXc627UPLYPJ3eo=
2,16,2kKEyLjCimu9kYV89+OFyFAh4dg=,sLivHyEKZloWQLB+EPs18pkuE3k=
7,21,2kKEyLjCimu9kYV89+OFyFAh4dg=,sLivHyEKZloWQLB+EPs18pkuE3k=
6,22,2kKEyLjCimu9kYV89+OFyFAh4dg=,sLivHyEKZloWQLB+EPs18pkuE3k=
1,22,2kKEyLjCimu9kYV89+OFyFAh4dg=,sLivHyEKZloWQLB+EPs18pkuE3k=
8,22,2kKEyLjCimu9kYV89+OFyFAh4dg=,IGnqa6VeIO/HxhQSLmmDtHlwPy0=
0,22,2kKEyLjCimu9kYV89+OFyFAh4dg=,sLivHyEKZloWQLB+EPs18pkuE3k=
7,20,2kKEyLjCimu9kYV89+OFyFAh4dg=,sLivHyEKZloWQLB+EPs18pkuE3k=
7,26,2kKEyLjCimu9kYV89+OFyFAh4dg=,8D+P2Qfn3crEQXc627UPLYPJ3eo=
0,27,2kKEyLjCimu9kYV89+OFyFAh4dg=,8D+P2Qfn3crEQXc627UPLYPJ3eo=
4,23,2kKEyLjCimu9kYV89+OFyFAh4dg=,sLivHyEKZloWQLB+EPs18pkuE3k=
8,21,2kKEyLjCimu9kYV89+OFyFAh4dg=,IGnqa6VeIO/HxhQSLmmDtHlwPy0=
6,20,2kKEyLjCimu9kYV89+OFyFAh4dg=,sLivHyEKZloWQLB+EPs18pkuE3k=
7,27,2kKEyLjCimu9kYV89+OFyFAh4dg=,8D+P2Qfn3crEQXc627UPLYPJ3eo=
1,27,2kKEyLjCimu9kYV89+OFyFAh4dg=,8D+P2Qfn3crEQXc627UPLYPJ3eo=
5,20,2kKEyLjCimu9kYV89+OFyFAh4dg=,sLivHyEKZloWQLB+EPs18pkuE3k=
8,20,2kKEyLjCimu9kYV89+OFyFAh4dg=,IGnqa6VeIO/HxhQSLmmDtHlwPy0=
5,23,2kKEyLjCimu9kYV89+OFyFAh4dg=,sLivHyEKZloWQLB+EPs18pkuE3k=
6,27,2kKEyLjCimu9kYV89+OFyFAh4dg=,8D+P2Qfn3crEQXc627UPLYPJ3eo=
6,21,2kKEyLjCimu9kYV89+OFyFAh4dg=,sLivHyEKZloWQLB+EPs18pkuE3k=
5,21,2kKEyLjCimu9kYV89+OFyFAh4dg=,sLivHyEKZloWQLB+EPs18pkuE3k=
4,21,2kKEyLjCimu9kYV89+OFyFAh4dg=,sLivHyEKZloWQLB+EPs18pkuE3k=
7,22,2kKEyLjCimu9kYV89+OFyFAh4dg=,sLivHyEKZloWQLB+EPs18pkuE3k=
2,27,2kKEyLjCimu9kYV89+OFyFAh4dg=,8D+P2Qfn3crEQXc627UPLYPJ3eo=
4,20,2kKEyLjCimu9kYV89+OFyFAh4dg=,sLivHyEKZloWQLB+EPs18pkuE3k=
0,18,2kKEyLjCimu9kYV89+OFyFAh4dg=,sLivHyEKZloWQLB+EPs18pkuE3k=
8,19,2kKEyLjCimu9kYV89+OFyFAh4dg=,IGnqa6VeIO/HxhQSLmmDtHlwPy0=
6,23,2kKEyLjCimu9kYV89+OFyFAh4dg=,sLivHyEKZloWQLB+EPs18pkuE3k=
3,20,2kKEyLjCimu9kYV89+OFyFAh4dg=,sLivHyEKZloWQLB+EPs18pkuE3k=
3,21,2kKEyLjCimu9kYV89+OFyFAh4dg=,sLivHyEKZloWQLB+EPs18pkuE3k=
2,21,2kKEyLjCimu9kYV89+OFyFAh4dg=,sLivHyEKZloWQLB+EPs18pkuE3k=
5,27,2kKEyLjCimu9kYV89+OFyFAh4dg=,8D+P2Qfn3crEQXc627UPLYPJ3eo=
8,24,2kKEyLjCimu9kYV89+OFyFAh4dg=,8D+P2Qfn3crEQXc627UPLYPJ3eo=
2,20,2kKEyLjCimu9kYV89+OFyFAh4dg=,sLivHyEKZloWQLB+EPs18pkuE3k=
7,23,2kKEyLjCimu9kYV89+OFyFAh4dg=,sLivHyEKZloWQLB+EPs18pkuE3k=
0,24,2kKEyLjCimu9kYV89+OFyFAh4dg=,8D+P2Qfn3crEQXc627UPLYPJ3eo=
4,27,2kKEyLjCimu9kYV89+OFyFAh4dg=,8D+P2Qfn3crEQXc627UPLYPJ3eo=
1,17,2kKEyLjCimu9kYV89+OFyFAh4dg=,sLivHyEKZloWQLB+EPs18pkuE3k=
8,18,2kKEyLjCimu9kYV89+OFyFAh4dg=,IGnqa6VeIO/HxhQSLmmDtHlwPy0=
0,17,2kKEyLjCimu9kYV89+OFyFAh4dg=,sLivHyEKZloWQLB+EPs18pkuE3k=
1,24,2kKEyLjCimu9kYV89+OFyFAh4dg=,8D+P2Qfn3crEQXc627UPLYPJ3eo=
8,17,2kKEyLjCimu9kYV89+OFyFAh4dg=,IGnqa6VeIO/HxhQSLmmDtHlwPy0=
7,16,2kKEyLjCimu9kYV89+OFyFAh4dg=,sLivHyEKZloWQLB+EPs18pkuE3k=
0,20,2kKEyLjCimu9kYV89+OFyFAh4dg=,sLivHyEKZloWQLB+EPs18pkuE3k=
6,16,2kKEyLjCimu9kYV89+OFyFAh4dg=,sLivHyEKZloWQLB+EPs18pkuE3k=
8,16,2kKEyLjCimu9kYV89+OFyFAh4dg=,IGnqa6VeIO/HxhQSLmmDtHlwPy0=
5,16,2kKEyLjCimu9kYV89+OFyFAh4dg=,sLivHyEKZloWQLB+EPs18pkuE3k=
1,19,2kKEyLjCimu9kYV89+OFyFAh4dg=,sLivHyEKZloWQLB+EPs18pkuE3k=
2,24,2kKEyLjCimu9kYV89+OFyFAh4dg=,8D+P2Qfn3crEQXc627UPLYPJ3eo=
3,16,2kKEyLjCimu9kYV89+OFyFAh4dg=,sLivHyEKZloWQLB+EPs18pkuE3k=
7,19,2kKEyLjCimu9kYV89+OFyFAh4dg=,sLivHyEKZloWQLB+EPs18pkuE3k=
6,19,2kKEyLjCimu9kYV89+OFyFAh4dg=,sLivHyEKZloWQLB+EPs18pkuE3k=
4,16,2kKEyLjCimu9kYV89+OFyFAh4dg=,sLivHyEKZloWQLB+EPs18pkuE3k=
0,19,2kKEyLjCimu9kYV89+OFyFAh4dg=,sLivHyEKZloWQLB+EPs18pkuE3k=
3,27,2kKEyLjCimu9kYV89+OFyFAh4dg=,8D+P2Qfn3crEQXc627UPLYPJ3eo=
5,19,2kKEyLjCimu9kYV89+OFyFAh4dg=,sLivHyEKZloWQLB+EPs18pkuE3k=
4,19,2kKEyLjCimu9kYV89+OFyFAh4dg=,sLivHyEKZloWQLB+EPs18pkuE3k=
3,19,2kKEyLjCimu9kYV89+OFyFAh4dg=,sLivHyEKZloWQLB+EPs18pkuE3k=
2,17,2kKEyLjCimu9kYV89+OFyFAh4dg=,sLivHyEKZloWQLB+EPs18pkuE3k=
2,19,2kKEyLjCimu9kYV89+OFyFAh4dg=,sLivHyEKZloWQLB+EPs18pkuE3k=
0,16,2kKEyLjCimu9kYV89+OFyFAh4dg=,sLivHyEKZloWQLB+EPs18pkuE3k=
7,18,2kKEyLjCimu9kYV89+OFyFAh4dg=,sLivHyEKZloWQLB+EPs18pkuE3k=
4,18,2kKEyLjCimu9kYV89+OFyFAh4dg=,sLivHyEKZloWQLB+EPs18pkuE3k=
3,18,2kKEyLjCimu9kYV89+OFyFAh4dg=,sLivHyEKZloWQLB+EPs18pkuE3k=
2,18,2kKEyLjCimu9kYV89+OFyFAh4dg=,sLivHyEKZloWQLB+EPs18pkuE3k=
3,24,2kKEyLjCimu9kYV89+OFyFAh4dg=,8D+P2Qfn3crEQXc627UPLYPJ3eo=
7,17,2kKEyLjCimu9kYV89+OFyFAh4dg=,sLivHyEKZloWQLB+EPs18pkuE3k=
1,16,2kKEyLjCimu9kYV89+OFyFAh4dg=,sLivHyEKZloWQLB+EPs18pkuE3k=
6,17,2kKEyLjCimu9kYV89+OFyFAh4dg=,sLivHyEKZloWQLB+EPs18pkuE3k=
5,17,2kKEyLjCimu9kYV89+OFyFAh4dg=,sLivHyEKZloWQLB+EPs18pkuE3k=
4,17,2kKEyLjCimu9kYV89+OFyFAh4dg=,sLivHyEKZloWQLB+EPs18pkuE3k=
4,24,2kKEyLjCimu9kYV89+OFyFAh4dg=,8D+P2Qfn3crEQXc627UPLYPJ3eo=
3,17,2kKEyLjCimu9kYV89+OFyFAh4dg=,sLivHyEKZloWQLB+EPs18pkuE3k=
7,24,2kKEyLjCimu9kYV89+OFyFAh4dg=,8D+P2Qfn3crEQXc627UPLYPJ3eo=
6,24,2kKEyLjCimu9kYV89+OFyFAh4dg=,8D+P2Qfn3crEQXc627UPLYPJ3eo=
5,18,2kKEyLjCimu9kYV89+OFyFAh4dg=,sLivHyEKZloWQLB+EPs18pkuE3k=
6,18,2kKEyLjCimu9kYV89+OFyFAh4dg=,sLivHyEKZloWQLB+EPs18pkuE3k=
5,24,2kKEyLjCimu9kYV89+OFyFAh4dg=,8D+P2Qfn3crEQXc627UPLYPJ3eo=
